:020000040800F2
:1000000030F80020B5020008472B0008312800080E
:10001000132B0008C90A0008FD2F0008000000008B
:100020000000000000000000000000001D020008A9
:10003000690B00080000000061020008E12C0008C4
:10004000CF020008492B0008CF020008CF020008A9
:10005000CF020008CF0200086D0B0008DD0B00087E
:10006000CF020008CF020008CF020008CF0200082C
:10007000CF020008CD0A0008CF020008CF02000816
:10008000CF020008CF020008CF020008CF0200080C
:10009000CF020008CF020008CF020008CF020008FC
:1000A000CF020008CF020008CF020008CF020008EC
:1000B000CF020008CF020008CF020008CF020008DC
:1000C000CF020008CF020008CF020008CF020008CC
:1000D000CF020008CD2F0008CF020008CF02000891
:1000E000CF020008CF020008CF020008CF020008AC
:1000F000CF020008CF020008CF020008CF0200089C
:10010000CF020008CF020008CF020008CF0200088B
:10011000CF020008CF020008CF020008CF0200087B
:10012000CF020008CF020008CF020008CF0200086B
:1001300000F002F800F062F80AA090E8000C824497
:100140008344AAF10107DA4501D100F057F8AFF274
:10015000090EBAE80F0013F0010F18BFFB1A43F0A5
:100160000103184730B4040050B404000A444FF0AF
:10017000000C10F8013B13F0070408BF10F8014B06
:100180001D1108BF10F8015B641E05D010F8016B4B
:10019000641E01F8016BF9D113F0080F1EBF10F8AF
:1001A000014BAD1C0C1B09D16D1E58BF01F801CBD2
:1001B000FAD505E014F8016B01F8016B6D1EF9D555
:1001C0009142D6D37047000000230024002500266A
:1001D000103A28BF78C1FBD8520728BF30C148BFAA
:1001E0000B607047642900F07B81732900F08883DD
:1001F000002070471FB51FBD10B510BD00F09AFB61
:100200001146FFF7F7FF1FF065FE00F0B8FB03B4DF
:10021000FFF7F2FF03BC04F06DFD0000224B1968EC
:100220000868B0E8F00F80F30988BFF36F8F4FF0D4
:10023000000080F311884EF00D0E704700000000A2
:1002400006480068006880F3088862B661B6BFF3AC
:100250004F8FBFF36F8F00DF00BF00BF08ED00E0DE
:10026000EFF30980BFF36F8F0F4B1A6820E9F00F8F
:10027000106008B54FF0500080F31188BFF34F8F26
:10028000BFF36F8F25F02EFB4FF0000080F3118835
:10029000BDE8084019680868B0E8F00F80F30988E5
:1002A000BFF36F8F704700BF90000020EFF3058011
:1002B000704700000948804709480047FEE7FEE70D
:1002C000FEE7FEE7FEE7FEE7FEE7FEE7FEE7FEE706
:1002D00004480549054A064B70470000F92C000800
:1002E0003101000830F2002030F8002030F4002006
:1002F00030F40020704753EA020C00F069802DE9C9
:10030000F04B4FF00006002B1FBFB3FA83F503FA42
:1003100005F424FA05F65E4012BF1643B2FA82F5E0
:1003200002FA05F4C5F120051EBF22FA05FC44EAD5
:100330000C04203556EA044C4FEA144418BF641CE0
:100340004FF000084FF00009904271EB030C39D3D5
:10035000002919BFB1FA81F701FA07F6B0FA80F760
:1003600000FA07F6C7F120071EBF20FA07FC46EA8D
:100370000C062037B6FBF4FCA7EB0507103F07F08F
:100380001F0BCBF120060CFA0BFB2CFA06F644BF30
:10039000B3460026202FA4BF5E464FF0000B5BEA59
:1003A000060C08BF4FF0010B19EB0B09ABFB027CED
:1003B00048EB0608C01B06FB02CC0BFB03CC71EB21
:1003C0000C01C1E70B46024641464846BDE8F08BAA
:1003D00013B54FF000004FF00001AFF30080BDE80F
:1003E0001C407047B2F120030AD5C2F1200320FA65
:1003F00002F001FA03F321FA02F140EA0300704728
:1004000021FA03F04FF00001704700000FB40449D7
:1004100010B503AA029800F077FA10BC5DF814FB3F
:10042000740000202DE9F0410E46044600202062B1
:100430002046E168884730B3252805D0D4E901215A
:100440009047206A401CF2E7E16820460027884771
:10045000050018D0A5F14100192802D820354FF425
:1004600000673246294620462760FFF7BBFE40B1B1
:10047000012804D0F61D26F007060836D8E7361DF9
:10048000D6E72846DAE7206ABDE8F08170B50C4669
:100490000546012A05D02878800600D5EA690023A0
:1004A00002E0012305E05B1C934202D2E05C0028DD
:1004B000F9D1A869E618C01AA861286A1844286208
:1004C0002846AFF3008004E0D5E9012114F8010BC0
:1004D0009047B442F8D32846AFF3008070BD0000C7
:1004E0002DE9F0410646002410687529314616A50D
:1004F00010D0AFF30080002802DA404213A507E0D5
:1005000031688A0701D512A502E0490704D511A573
:10051000012401E0AFF3008000210A2206F1240744
:1005200009E0B0FBF2FCB0FBF2F302FB1C00303040
:1005300078541846491C0028F3D123462A463046F1
:10054000BDE8F04100F058B9000000002D000000A7
:100550002B0000002000000040EA0103024630B5F5
:100560009B0710D14FF0013400E008C208C91D1BE1
:100570009D4315EAC41FF8D013F0FF0102F8011BD8
:100580000DD01B0AF8E711F8013B002B02F8013BE4
:1005900005D011F8013B002B02F8013BF3D130BD2F
:1005A00010B5431C02E010F8011B71B18107FAD1AC
:1005B0004FF0013202C88C1A8C4314EAC211F9D0F0
:1005C000C01A0A0603D0C01E10BDC01A10BD0A040E
:1005D00001D0801E10BD0902FCD0401E10BD032AB0
:1005E00040F2308010F0030C00F0158011F8013B50
:1005F000BCF1020F624498BF11F801CB00F8013B37
:1006000038BF11F8013BA2F1040298BF00F801CBFA
:1006100038BF00F8013B11F0030300F02580083AD1
:10062000C0F0088051F8043B083A51F804CBA0E828
:100630000810F5E7121D5CBF51F8043B40F8043B7D
:10064000AFF30080D20724BF11F8013B11F801CBB2
:1006500048BF11F8012B24BF00F8013B00F801CB83
:1006600048BF00F8012B704710B5203AC0F00B804E
:10067000B1E81850203AA0E81850B1E81850A0E8A6
:100680001850BFF4F5AF5FEA027C24BFB1E8185000
:10069000A0E8185044BF18C918C0BDE810405FEA70
:1006A000827C24BF51F8043B40F8043B08BF7047EC
:1006B000D20728BF31F8023B48BF11F8012B28BFF1
:1006C00020F8023B48BF00F8012B704702F0FF03FF
:1006D00043EA032242EA024200F002B84FF000026D
:1006E0000429C0F0128010F0030C00F01B80CCF144
:1006F000040CBCF1020F18BF00F8012BA8BF20F8B2
:10070000022BA1EB0C0100F00DB85FEAC17C24BF05
:1007100000F8012B00F8012B48BF00F8012B7047AF
:100720004FF0000200B5134694469646203922BF8A
:10073000A0E80C50A0E80C50B1F12001BFF4F7AFD5
:10074000090728BFA0E80C5048BF0CC05DF804EBB7
:10075000890028BF40F8042B08BF704748BF20F825
:10076000022B11F0804F18BF00F8012B70470000DA
:100770004FF0013C50F8042B51F8043B9A4221D130
:10078000A2EB0C03934313EACC1317D150F8042BBC
:1007900051F8043B9A4215D1A2EB0C03934313EAA0
:1007A000CC130BD150F8042B51F8043B9A4209D1D9
:1007B000A2EB0C03934313EACC13DBD04FF0000001
:1007C000704700BFD01A01BAB1FA81F101F01801E7
:1007D00022FA01F0CB40C1F12001DBB2C0B2C01A55
:1007E0002CFA01F3D11A914311EAC311E6D17047F3
:1007F00070477047704770472DE9F0470D4699469E
:100800009246044600F124080168880604D5E06990
:1008100021F01001216000E00120A84201DD471B0A
:1008200000E00027A1697A1902EB0900081AA0610B
:100830002078C00602D42046AFF30080002608E0EE
:10084000D4E901211AF806009047206A401C761C62
:1008500020624E45F4DB2078C0060AD52046AFF36F
:10086000008006E0D4E9012130209047206A401C36
:100870002062381EA7F10107F4DC07E0D4E901216A
:1008800018F805009047206A401C2062281EA5F138
:100890000105F3DC2046AFF300802078000602D586
:1008A0000220BDE8F0870120FBE7000001694A1C37
:1008B00002610878704700B58FB0CDE901310021A1
:1008C000059105497944CDE9031011466846FFF7C3
:1008D000A9FD0FB000BD0000E5FFFFFF10B54369A3
:1008E00013B1AFF3008001E0FFF7D0FD012010BD90
:1008F000127800F124010A7000224A700122EDE70B
:1009000011684FF0FF32E9E7074B70B50D467B44A5
:10091000FFF7D1FF0446284600F008F810B14FF069
:10092000FF3070BD204670BDDBCB0000007B00F0C7
:1009300080007047754600F02BF8AE46050069460A
:10094000534620F00700854618B020B5FFF7C0FCDD
:10095000BDE820404FF000064FF000074FF00008C0
:100960004FF0000B21F00701AC46ACE8C009ACE841
:10097000C009ACE8C009ACE8C0098D46704710B5A5
:100980000446AFF300802046BDE81040FFF73FBCAF
:1009900000487047CCF1002070B50446206881689B
:1009A000C943C9071BD1816821F00101816000F0B2
:1009B000FBFE05460EE000F0F7FE401B022809D9B9
:1009C000A06A40F01000A062E06A40F00100E0621E
:1009D000012070BD20688068C043C007EBD00020B4
:1009E00070BD10B50146486A826A12F0500F05D0FA
:1009F000006A026BBDE8104008461047816A41F466
:100A00000071816201688968C1F3424107290CD1F4
:100A1000017B51B9816A21F480718162816AC904C4
:100A200003D4816A41F00101816200F07FFA10BDB8
:100A300010B5406A816A41F040018162C16A41F0AB
:100A40000401C16200F074FA10BD10B5406A00F0F4
:100A50006EFA10BDF8B5044600260096206881683D
:100A6000C943C9072AD0816841F001018160144857
:100A700014490068B0FBF1F0009002E00098401EBD
:100A8000009000980028F9D100F08EFE054610E095
:100A900000F08AFE401B02280BD9A06A40F010002B
:100AA000A062E06A40F00100E06284F82460012066
:100AB000F8BD20688068C043C007E9D10020F8BDB8
:100AC0000000002040420F00FEE7000010B516486D
:100AD000164B164A0168803B914204D914480068BD
:100AE00000F4007002E0186800F4007000281AD0CA
:100AF0004FF48070914203D90D49091D086000E050
:100B0000586009485838006881688907FCD506484C
:100B1000583801F0A5FA0748016841F48061016086
:100B200005490120087010BD9C050020800002408E
:100B300000040240100801408C00002030B590F8FD
:100B400040500124AC40C56B6C600468636043682E
:100B5000102B04D0036899600068C26030BD036840
:100B60009A600068C16030BD704700002DE9F04711
:100B7000174F3868C00729D000F016FE154D696878
:100B8000441A4FF001088C2C1ED94FF0000985F84B
:100B900000906878401C6870687864280ED305F16E
:100BA0000C06708926F094FC0B4926F0A5FC26F073
:100BB00057FC31690844306185F80190AC60686881
:100BC0002044686085F80080C7F80080BDE8F087A1
:100BD00014040140E0020020CDCCCC3D2DE9F041D1
:100BE0000F4F3868800719D500F0DEFD0D4D69689C
:100BF000441A282C10D900262E7004210A4800F02F
:100C0000C5FD0121012801D06E7000E06970AC6063
:100C1000686820446860297002203860BDE8F0816F
:100C200014040140D40200200010014006490020B5
:100C3000C8610648016941F004010161016941F0A0
:100C40004001016170470000B00400200020024014
:100C5000064A0021D16106490A6942F002020A618E
:100C60004861086940F0400008617047B004002006
:100C700000200240044B0022DA61044A136943F069
:100C80000103136101807047B0040020002002407E
:100C900000201449CA68D306134A04D5D06940F02D
:100CA0000200D0611020CB685B0705D5D36943F003
:100CB0000103D36140F00400CB69DB0707D0D3699F
:100CC00043F00403D361CA6922F00102CA61A0F5AE
:100CD0008072013A01D0C8607047C86920F00100F5
:100CE000C861704700200240B004002070B504467F
:100CF00000F05AFD0546114E09E0601C07D024B1F2
:100D000000F052FD401BA04201D9032070BDF068E5
:100D1000C007F2D1F068800601D52020F060F068AD
:100D2000C00605D4F069C00702D1F068400703D5BA
:100D3000FFF7AEFF012070BD002070BD0020024013
:100D4000F8B504460026009694F82400012809D03E
:100D5000012084F824002046FFF71EFE07463800D5
:100D600002D058E00220F8BDA06A20F4885040F07C
:100D70000200A062022000F0A9FD29490968B1FB28
:100D8000F0F04000009002E00098401E00900098B3
:100D90000028F9D12046FFF75DFE2068816841F008
:100DA0000801816000F000FD05460EE000F0FCFC4B
:100DB000401B0A2809D9A06A20F0020040F0100068
:100DC000A06284F824600120F8BD206880680007D4
:100DD000ECD42068816841F00401816000F0E4FCFB
:100DE00005460EE000F0E0FC401B0A2809D9A06A85
:100DF00020F0020040F01000A06284F8246001207E
:100E0000F8BD206880684007ECD4A06A20F002009A
:100E100040F00100A06284F824603846F8BD00006C
:100E200000000020F8B500230025009590F824204C
:100E3000012A12D0012280F824204A681F26072A9E
:100E40000DD20468676B521E02EB82029640B743D4
:100E50000E689640374367631AE00220F8BD0D2AFA
:100E60000BD20468276BD21F02EB82029640B74375
:100E70000E689640374327630AE00468E76A0D3A34
:100E800002EB82029640B7430E6896403743E76212
:100E90000A6807260A2A0BD30468E7680A3A02EBB5
:100EA00042029640B7438E6896403743E76009E0B8
:100EB0000468276902EB42029640B7438E68964069
:100EC000374327610A68102A01D0112A23D1144C14
:100ED0000268A2421AD1946824021CD4946844F493
:100EE000000494600968102915D10E490E4A09685A
:100EF000B1FBF2F101EB81014900009102E00099A0
:100F0000491E009100990029F9D104E0816A41F05D
:100F100020018162012380F824501846F8BD0000AA
:100F2000002401400000002040420F00704770473D
:100F3000704700002DE9F04104460025002C03D045
:100F4000A06A002618B108E00120BDE8F081E66241
:100F500084F82460204600F07FF82046FFF71CFD4F
:100F6000A16AC90600D428B1A06A40F01000A062AE
:100F70000120EAE7A16A21F4885141F00201A1624F
:100F8000324923688B4206D1E169B1F5402F03D184
:100F90004FF4002100E0E169277B41EA47026168E4
:100FA0000A43A1684FF4807C614508D0012906D02E
:100FB000002194F81480B8F1010F02D00AE06146D4
:100FC000F7E7C7B1A76A47F02007A762E76A47F0CB
:100FD0000107E7625F6827F469470F435F60216894
:100FE0008B681B4F3B4013438B60A168614509D060
:100FF000012907D009E0A7697F1E41EA473141F482
:101000000061E7E7218A491E0D052168CB6A23F4B8
:1010100070032B43CB62216889680E4B19409142C3
:1010200007D1E662A16A21F0020141F00101A1624B
:101030008BE7A06A20F0020040F01000A062E06A96
:1010400040F00100E06201207FE70000003C014029
:10105000FDF7E1FFFE0E1FFF704700002DE9F0478E
:10106000044689469246DFF8008120683F4F08F128
:101070000406404501D0B84207D1306810F4702F03
:1010800003D001252846BDE8F08794F82400012804
:101090000BD0012084F824002046FFF7DBFC054636
:1010A000002125B184F82410ECE70220EBE7A06AC8
:1010B00040F60162904340F48070A0622068B8421C
:1010C00018D1326812F4702F14D0A26A42F4801240
:1010D000A2623068400505D5A06A20F4005040F4B3
:1010E0008050A062A06AC00412D5E06A20F0060019
:1010F000E0620EE0A26A22F48012A262406840051B
:10110000F0D5A06A20F4005040F48050A062E9E7D6
:10111000E16284F82410216A15488862216A154822
:10112000C862216A1448086321686FF002000860F1
:101130002068816841F480718160216853464C3198
:101140004A46206A00F026F920688168C1F34241CE
:10115000072904D0816841F48011816092E7816899
:1011600041F4A00181608DE7002401400028014086
:10117000E30900084B0A0008310A000810B590F88E
:1011800021100022022905D00421816380F820204B
:10119000012010BD01680B6823F00E030B6001688D
:1011A0000B6823F001030B6090F84030C46B012101
:1011B00001FA03F3636080F8211080F820201046C4
:1011C00010BD00002DE9F05F002590F821100229E4
:1011D00003D004218163012595E001680A6822F0AB
:1011E0000E020A6001680A6822F001020A60474E96
:1011F000464FB215DFF814C1DFF81081DFF80C910B
:10120000DFF808A1DFF804B10168783F1301140288
:10121000ACF1640CA8F15008A9F13C09AAF1280A24
:10122000ABF1140B4FF4801EB1422FD9B94201D15A
:10123000012227E0614501D1102223E0414521D060
:10124000494501D11A461DE0514501D1224619E018
:10125000594501D1724615E02D4EB14201D101220E
:1012600010E02B4E1436B14201D110220AE0284E74
:101270002836B14206D0264A3C32914201D11A4664
:1012800000E022462249091F0A6033E0B94201D139
:1012900001222CE0614501D1102228E0414526D0F1
:1012A000494501D11A4622E0514501D122461EE0AE
:1012B000594501D172461AE0B14202D14FF0807215
:1012C00015E0134EB14201D1012210E0104E143648
:1012D000B14201D110220AE00D4E2836B14206D0AB
:1012E0000B4A3C32914201D11A4600E0224607499E
:1012F00080394A60012180F82110002180F82010F7
:10130000416B01B188472846BDE8F09F800002404C
:101310000804024030B500280DD01B4B0168142290
:1013200099420AD2194B0B44B3FBF2F292000264C9
:10133000174AC2630BE0012030BD134B5B420B44E4
:10134000B3FBF2F2920002640F4A083AC26302222F
:10135000001D42770A6843F6F0739A43D0E90034DF
:101360002343D0E902452C432343046923434469C2
:1013700023438469234313430B600021416301220B
:1013800042770177002030BD08040240F8FFFDBF1E
:101390000000024070B50446002594F820000128A2
:1013A0000CD0012084F8200094F821600020012E48
:1013B00006D084F820000225284670BD022070BDAA
:1013C000022684F82160A0632068066826F00106E2
:1013D00006602046FFF7B2FBE06A28B1206801688A
:1013E00041F00E01016009E02068016821F004016C
:1013F00001602068016841F00A010160206801680D
:1014000041F001010160D7E72DE9F04705460F469D
:101410004FF0010ADFF8908098F8180001280DD0ED
:10142000012088F818002868204E4CF25039022814
:1014300007D04846FFF75AFC98B12FE00220BDE8DC
:10144000F0874846FFF752FCF8B90120FFF7EEFBA2
:101450004846FFF74BFC8246306920F004003061BB
:101460001CE04FF0FF303860AC6811E02046FFF719
:10147000EFFB4846FFF73AFC8246306920F0020055
:1014800030615FEA0A0001D03C6007E004F50064C7
:10149000D5E9020100EBC120A042E7D8002088F87E
:1014A00018005046CBE70000B004002000200240A6
:1014B0000348016941F0800101610020704700008C
:1014C000002002402DE9F05F0746884615461E467B
:1014D0000024DFF8749099F81800012809D0012041
:1014E00089F818004CF2503B5846FFF7FFFB18B143
:1014F00026E00220BDE8F09F012F05D0022F05D085
:101500000427DFF848A019E00127FAE70227F8E7E7
:10151000220128463146FEF765FF81B208EB440000
:10152000FFF7A8FB5846FFF7E1FBDAF8101021F0AF
:101530000101CAF8101018B9641CE4B2BC42E7D328
:10154000002189F81810D5E7B004002000200240DF
:10155000002006490A69120607D5054A4A60054A6D
:101560004A600969090600D5012070470020024041
:1015700023016745AB89EFCD2DE9F84F0024002307
:10158000DFF8E0914FF00F0809F1040A0AF1040BAB
:101590000BF1040EDFE00127A7403A40BA4275D1B3
:1015A000DFF8C4C14D68A5EB0C0665452BD00DDCFA
:1015B000032D34D005DC35B3012D19D0022D2FD1E8
:1015C0001BE0112D16D0122D2AD119E0B6F5881F77
:1015D00019D006DCB6F5803F15D0B6F5801F1FD1B7
:1015E00011E0B6F5001F0ED0B6F5041F18D10AE0C1
:1015F000CB6815E0CB681B1D12E0CB6808330FE009
:10160000CB680C330CE08B6823B1012B04D008238A
:10161000476105E0042303E00823076100E000239D
:10162000FF2A01D8054601E000F1040502D84FEA7F
:10163000840603E0A4F108064FEA86062F6808FA3C
:1016400006FC27EA0C0703FA06F647EA06072F60AE
:101650004D68ED007ED5454DAE6946F00106AE61A0
:10166000AD6905F001050095414D24F00306771999
:10167000BE68A5072D0F08FA05FC26EA0C06DFF860
:10168000F4C0604503D14FF0000C25E062E0DFF8C4
:10169000E8C0604502D14FF0010C1DE0DFF8DCC06E
:1016A000604502D14FF0020C16E0DFF8D4C060456F
:1016B00002D14FF0030C0FE0DFF8C8C0604502D143
:1016C0004FF0040C08E0DFF8C0C0604502D14FF0D5
:1016D000050C01E04FF0060C0CFA05FC4CEA060C78
:1016E000C7F808C04D68ED0305D5D9F8005015437B
:1016F000C9F8005004E0D9F800509543C9F80050EB
:101700004D68AD0305D5DAF800501543CAF800500E
:1017100004E0DAF800509543CAF800504D68ED0235
:1017200005D5DBF800501543CBF8005004E0DBF89A
:1017300000509543CBF800504D68AD0205D5DEF85A
:1017400000501543CEF8005004E0DEF800509543F9
:10175000CEF80050641C0A6832FA04F57FF41BAF1F
:10176000BDE8F88F00040140000011100010024095
:101770000000014000080140000C01400010014041
:101780000014014000180140001C0140806808421C
:1017900001D00120704700207047002A01D001616C
:1017A0007047090401617047014880687047000074
:1017B00078000020024881680278114481607047F7
:1017C0007800002010B50748016841F01001016061
:1017D000032000F059F80F2000F006F800F026F87A
:1017E000002010BD0020024070B504460D4D4FF49E
:1017F0007A712878B1FBF0F00B490968B1FBF0F081
:1018000000F01AFE08B1012070BD102C07D2002292
:101810002146501E00F018F86C60002070BD0120B9
:1018200070BD0000780000200000002070470028F4
:1018300009DB00F01F02012191404009800000F106
:10184000E020C0F800117047F0B40D460D4B1B6846
:10185000C3F30223C3F10704042C00D90424191D87
:10186000072901D2002300E0DB1E012606FA04F15D
:10187000491E294099409E40761E16403143F0BCD7
:1018800001F0BDBB0CED00E000F00701054A106857
:101890004FF6FF03184040EA012003490843106057
:1018A000704700000CED00E00000FA0570470000F2
:1018B00010B5054C2068C00304D5FFF7F7FF4FF4BF
:1018C0008030206010BD00001404014010B586B0C7
:1018D000014632A090E81C00C068CDE903340292B2
:1018E000059032A0006801900020314C042931D0CD
:1018F0000EDC012938D0022908D100F0A5F9616871
:10190000C1F38131491C4900B0FBF1F006B010BDB4
:10191000082924D01029F9D161682268D201F5D5AF
:1019200002A8C1F38342805CC90309D5616801AA9A
:10193000C1F34041515C1F4AB2FBF1F1484301E061
:101940001D49484361684902E0D440000321B0FBCF
:10195000F1F0DBE706B0BDE8104000F085B906B055
:10196000BDE8104000F080B9216AC1F30122012ACC
:1019700003D1890701D5D003C8E7022A05D1616ADE
:10198000890702D549F64040C0E7032ABED1216845
:101990008903BBD54FF22440B8E7000002030405D9
:1019A000060708090A0B0C0D0E0F101001020000AB
:1019B0000010024000127A0000093D002DE9F843B2
:1019C0000446DFF8F8802078C0075FD00027D8F8F9
:1019D0001C00C0000BD4D8F81C0040F08050C8F8A0
:1019E0001C00D8F81C0000F0805000900127344DF6
:1019F0002868C00512D4286840F480702860FFF77A
:101A0000D3FE064607E0FFF7CFFE801B642802D90D
:101A10000320BDE8F8832868C005F4D5D8F8200075
:101A200000F4407010B3A18801F4407181421DD0D0
:101A3000D8F8200020F44070224901220A600022D8
:101A40000A60C8F82000C00710D0FFF7ADFE0546B9
:101A500041F2883606E0FFF7A7FE401BB04201D9ED
:101A60000320D6E7D8F820008007F4D5D8F8200066
:101A7000616820F440700843C8F82000012F05D1A8
:101A8000D8F81C0020F08050C8F81C00207880078F
:101A900007D5D8F80400A16820F440400843C8F8EE
:101AA00004002078C00607D5D8F80400616920F446
:101AB00080000843C8F804000020AAE70010024094
:101AC00000700040400442422DE9F04704460D46B4
:101AD000002C17D0DFF83081D8F8000000F00700A4
:101AE000A84211D2D8F8000020F007002843C8F817
:101AF0000000D8F8000000F00700A84204D0012040
:101B0000BDE8F0870120FBE72068404E810712D531
:101B1000400703D5706840F4E060706020780007EB
:101B200003D5706840F4605070607068A16820F060
:101B3000F000084370602078C0072CD0606801284E
:101B400006D0022809D0316889070BD40120D7E7D5
:101B50003168890306D40120D2E73168890101D4B4
:101B60000120CDE7716821F0030101437160FFF7A7
:101B70001BFE074641F2883906E0FFF715FEC01B41
:101B8000484501D90320BBE77068616800F00C008C
:101B9000B0EB810FF1D1D8F8000000F00700A842A7
:101BA0000ED9D8F8000020F007002843C8F800003C
:101BB000D8F8000000F00700A84201D001209FE7FC
:101BC0002078400705D57068E16820F4E06008439C
:101BD00070602078000706D57068216920F4605095
:101BE00040EAC100706000F03FF87168084AC1F334
:101BF0000311515CC8400749086007480068FFF7B7
:101C0000F3FD00207CE700000020024000100240AD
:101C10005A780208000000207C000020014800687B
:101C2000704700000000002000B5FFF7F7FF0449EF
:101C30004968044AC1F30221515CC84000BD00005C
:101C4000001002406A78020800B5FFF7E7FF044978
:101C50004968044AC1F3C221515CC84000BD00007C
:101C6000001002406A78020885B014A090E80E00C7
:101C7000C068CDE902230191049014A0006800908F
:101C8000134B5968134801F00C02042A10D0082A9B
:101C90000ED101A8C1F38342805CC9030AD55968FB
:101CA000C1F340411DF801100A4A5043B0FBF1F066
:101CB00005B0704708494843FAE7000002030405ED
:101CC000060708090A0B0C0D0E0F10100102000088
:101CD0000010024000127A0000093D002DE9F84F83
:101CE0000446002C0ED02078D94DC0075ED068681D
:101CF000C0F3810001280BD06868C0F3810002287E
:101D000003D00CE00120BDE8F88F6868C00306D559
:101D1000286880034AD56068A8BB0120F3E76068A3
:101D2000B0F5803F11D0A8B1B0F5A02F1BD0286826
:101D300020F480302860286820F4802028606068C3
:101D400030B3FFF731FD06461EE0286840F48030CE
:101D50002860F4E7286820F480302860286820F4A0
:101D600080202860EBE7286840F4802028602868FD
:101D700040F480302860E2E7FFF716FD801B6428FE
:101D800002D90320BFE711E028688003F4D50DE0F5
:101D9000FFF70AFD064606E0FFF706FD801B6428F4
:101DA00001D90320AFE728688003F5D42078DFF855
:101DB000A48280074FF0010A4FF0000945D56868FA
:101DC00010F00C0F07D06868C0F38100022812D110
:101DD0006868C0030FD42868800704D520690128EB
:101DE00001D001208FE72868616920F0F80040EAFF
:101DF000C100286029E02069B8B1C8F800A0FFF749
:101E0000D3FC064606E0FFF7CFFC801B022801D971
:101E1000032078E728688007F5D52868616920F0F5
:101E2000F80040EAC10028600FE0C8F80090FFF712
:101E3000BBFC064606E0FFF7B7FC801B022801D971
:101E4000032060E728688007F5D42078000726D5AE
:101E50008148A16999B1C0F800A0FFF7A5FC06462A
:101E600006E0FFF7A1FC801B022801D903204AE706
:101E7000686A8007F5D5012000F068FE0FE0C0F821
:101E80000090FFF791FC064606E0FFF78DFC801BF3
:101E9000022801D9032036E7686A8007F5D4207844
:101EA000400773D50026E869C00008D4E86940F00F
:101EB0008050E861E86900F0805000900126DFF86A
:101EC0009CB1DBF80000C00514D4DBF8000040F43E
:101ED0008070CBF80000FFF767FC074606E0FFF7CD
:101EE00063FCC01B642801D903200CE7DBF8000069
:101EF000C005F4D5E068012812D0B0B105281DD086
:101F0000286A20F001002862286A20F00400286274
:101F1000E06841F2883B28B3FFF746FC07461DE026
:101F2000286A40F001002862F2E7286A20F00100E8
:101F30002862286A20F004002862E9E7286A40F055
:101F400004002862286A40F001002862E0E7FFF7F9
:101F50002BFCC01B584501D90320D4E6286A800712
:101F6000F5D50DE0FFF720FC074606E0FFF71CFC67
:101F7000C01B584501D90320C5E6286A8007F5D45F
:101F8000012E03D1E86920F08050E861E069A0B338
:101F90006968C1F38101022946D0022805D0C8F83A
:101FA0006090FFF701FC04463AE0C8F86090FFF744
:101FB000FBFB064606E0FFF7F7FB801B022801D972
:101FC0000320A0E628688001F5D4206AB0F5803FA0
:101FD00005D16868A16820F4003008436860D4E93E
:101FE00008010843696821F4741108436860C8F85F
:101FF00060A0FFF7D9FB044607E026E0FFF7D4FB1B
:10200000001B022801D903207DE628688001F5D550
:102010001BE0FFF7C9FB001B022801D9032072E671
:1020200028688001F5D410E001280CD06868226A85
:1020300000F48031914204D1616A00F4701088424A
:1020400003D001205FE601205DE600205BE6000092
:1020500000100240000042428004424200700040F2
:1020600070B504460025A06C002807D0FFF786F85D
:1020700020B1606D40F0100060650125E06C38B162
:10208000FFF77CF820B1606D40F01000606501251D
:102090002068416821F003014160012084F851006B
:1020A000284670BD704770B50446002C0AD0606A9F
:1020B000002548B1256165614FF4005694F8510040
:1020C00040B10CE0012070BD6068B0F5827FF3D0B4
:1020D000E561F1E784F85050204600F046F8022010
:1020E00084F851002068016821F040010160A08857
:1020F000218900F4827001F404410843A18901F4AC
:1021000000610843217C01F002010843217D01F0B8
:1021100001010843218B01F400710843217F01F084
:102120003801084394F8201001F080010843218D04
:1021300001F40051084321680860A069042101EA04
:10214000104021684860A06AB04203D1A08D216888
:1021500080B208612068C16921F40061C1616565D0
:10216000012084F85100002070BD70472DE9F84F20
:1021700004468A4693461D46002694F850000128DE
:102180000DD04FF0010984F85090FFF70DFB074682
:1021900094F85100B046012804D00226BCE0022089
:1021A000BDE8F88FBAF1000F1CD05FEA0B0019D020
:1021B000032084F85100C4F85480C4F830A0A4F877
:1021C00034B0A4F836B0C4F83880A4F83C80A4F841
:1021D0003E80C4F84480C4F84080A068B0F5004F49
:1021E00002D00BE0012697E02068016821F0400151
:1021F00001602068016841F480410160A06A4FF4E9
:10220000005A504509D12068016821F4005101604D
:102210002068016841F400510160206801684906A6
:1022200003D4016841F040010160E068B0F5006F3F
:1022300005D0606878B3BBF1010F2DD04DE0606828
:1022400010B1BBF1010F20D1206B21680088C8605C
:10225000206B801C2063E08E401EE08615E0206825
:102260008168890709D5216B0988C160206B801CB2
:102270002063E08E401EE08607E0FFF795FAC01B62
:10228000A84201D3681C04D11DB1E08E0028E6D11C
:1022900026E0032640E0FFE7206B21680078087302
:1022A000206B401C2063E08E401EE08615E0206815
:1022B0008168890709D5216B09780173206B401C5F
:1022C0002063E08E401EE08607E0FFF76DFAC01B3A
:1022D000A84201D3681C16D1ADB1E08E0028E6D12A
:1022E000A06A504504D12068016841F48051016022
:1022F0003A462946204600F083FC08B1202060655C
:10230000A06810B105E0032606E02068C168806877
:102310000090606D00B1012684F8519084F85080DF
:1023200030463DE72DE9F0410446002594F8500081
:10233000012809D0012784F8507094F85100002634
:10234000012804D002255CE00220BDE8F08189B1BB
:1023500082B1032084F8510066652163A286E2867B
:10236000A66366642664A687E687A068B0F5004F7A
:1023700002D00BE0012544E02068016821F0400113
:1023800001602068016841F480410160A06AB0F5F5
:10239000005F09D12068016821F4005101602068C4
:1023A000016841F400510160A16C1848C862A16C39
:1023B00017488862A16C17480863A06C4663E38ED7
:1023C0002268216B0C32A06CFEF7E4FF38B1606D1F
:1023D00040F010006065012584F8517011E020681C
:1023E0000168490603D4016841F04001016020689A
:1023F000416841F0200141602068416841F00201DC
:10240000416084F8506028469FE70000932B000845
:102410009D2B0008712B0008704770474FF0E0219A
:10242000042804D0086920F0040008617047086996
:1024300040F004000861704710B5401EB0F1807F85
:1024400001D3012010BD4FF0E02460610F2160171F
:1024500000F0D5FD0020A06107202061002010BD04
:102460007047000070B5044622681068D168526950
:1024700000F00F03002B08D1850606D58D0604D584
:102480002046BDE8704000F09ABC002B60D002F0FE
:10249000010301F490751D435AD0C50705D0CD0541
:1024A00003D5E56B45F00105E563450705D5D5077F
:1024B00003D0E56B45F00205E563850705D5D20736
:1024C00003D0E26B42F00402E263020707D501F099
:1024D00020021A4303D0E26B42F00802E263E26B8F
:1024E000002A2AD0800604D5880602D5204600F0AE
:1024F00066FC20684069C0F38010E16B090700D4D6
:1025000000B3204600F040FC20684169490615D51B
:10251000416921F040014161606B58B11549416347
:10252000606BFEF74FFE002807D0606B416BBDE883
:10253000704008472046FFF793FF70BD2046FFF725
:102540008FFF70BD2046FFF78BFF0020E06370BD5A
:10255000020606D50A0604D52046BDE8704000F004
:10256000D3BC4006F3D54806F1D52046BDE87040FF
:1025700000F018BC792D000870B50446002C04D07A
:1025800094F83900002510B106E0012070BD84F8F0
:102590003850204600F022F8242084F839002068C2
:1025A000C16821F40051C160204600F051FC206850
:1025B000016921F4904101612068416921F02A01FB
:1025C00041612068C16841F40051C160E563202089
:1025D00084F8390084F83A00002070BD10B586B048
:1025E00000682549884244D12448816941F00801A6
:1025F0008161816901F008010191816941F008015F
:102600008161816901F008010191816941F4804192
:102610008161816901F480410191816941F0010189
:102620008161806900F0010001901549486840F01F
:10263000E06040F0040048604020029002200390D7
:1026400001200490032005900E4C02A92046FEF7BD
:1026500093FF802102910021039102A92046FEF7F9
:102660008BFF2520FFF7E3F8002202212520FFF74A
:10267000EBF806B010BD0000003801400010024029
:1026800000000140000C014090F83A30202B01D0AE
:1026900002207047F9B1F2B190F83830012B1CD00C
:1026A00081628285C2850021C163222280F83A209E
:1026B00080F838100168CA6842F48072CA60016804
:1026C0004A6942F001024A610068C16841F0200194
:1026D000C160002070470120704702207047000051
:1026E00010B500681F4988421AD11F4A1078002887
:1026F00016D1911C08787B2802D0507800280FD082
:102700000B781A485478035553785B1C53705378F0
:10271000142B05D1097800237D2902D01370537042
:1027200010BD1249047814390C7044784C708478C8
:102730008C70C478CC7084888C80C488CC800489E8
:102740000C8144894C8184898C81C489CC81048A20
:102750000C82847C8C74C07CC8740120107053700F
:1027600010BD0000003801406E0000207003002002
:102770002DE9F84304460E4615461F4694F83900E5
:10278000202802D00220BDE8F883C6B1BDB194F87C
:102790003800012815D0012084F838004FF00009D6
:1027A000C4F83C90212084F83900FEF7FDFF8046F4
:1027B000A584E584A068B0F5805F04D005E0012021
:1027C000E1E70220DFE7206920B13546002684F8E2
:1027D000389013E00025FAE7434600228021204686
:1027E000009700F0C0FB08B10320CCE79DB1216841
:1027F00015F8010B4860E08C401EE084E08C002856
:10280000EAD14346002240212046009700F0ABFB6E
:1028100040B10320B7E736F8020B2168C0F3080087
:102820004860E8E7202084F839000020ABE77047D3
:10283000FEE7000070B5054600F030F8642004F0B3
:1028400053FD144C206840F080702060642004F038
:102850004BFD206840F480702060642004F044FD4B
:102860000D49F02008804FF48C7048800D712A20AB
:1028700008812B2048812C20C88028460DF008F9BB
:102880004FF4784000F0C6F8BDE87040C82004F06E
:102890002BBD000010080140E005002070B586B097
:1028A0002648816941F480518161816901F4805138
:1028B0000191816941F004018161806900F00400A7
:1028C00001900125039540F20470029004950320C5
:1028D00005901B4C02A92046FEF74EFEA021029156
:1028E0000226039602A92046FEF746FE164C15481E
:1028F00020604FF4827060600020E06165612661B5
:10290000E060A0606902A1612062A0620720E0622D
:102910002046FFF7C8FB04F01FFD04F15800A06437
:1029200044622068016841F04001016004481030B1
:10293000016841F00401016006B070BD0010024062
:1029400000080140003001404405002070B50546F4
:102950000C461348016841F080610160016841F450
:10296000007101604FF6E85610E03246944207D3FA
:1029700029460C48FFF7D6FCA4F57D44E83C05E069
:10298000A2B229460748FFF7CDFC0024002CECD169
:10299000054801780129FCD10021017070BD0000BB
:1029A00010080140440500208C00002031B50A4C7D
:1029B000206840F080602060206840F40070206053
:1029C0004FF47A73012269460448FFF7CFFB206871
:1029D00040F48060206038BD1008014044050020AC
:1029E00031B50A4C206840F080602060206840F0DB
:1029F000007020604FF47A73012269460448FFF7A3
:102A0000B5FB206840F48060206038BD10080140AC
:102A1000440500202DE9F0470646DFF890800021AC
:102A2000B8F80200401E83B2B8F80000401E82B21F
:102A3000084600F03DF80024350A4FF4166A4FF0BE
:102A4000050908F10C07F6B20CE0002051463D5490
:102A50003A185670801C8842F9D314480C30FFF79E
:102A600075FF641CB8F80200B0FBF9F0A042ECD886
:102A7000B8F80200B0FBF9F109FB1101002913D0ED
:102A80000020C1EB011203E03D543B185E70801C36
:102A9000B0EB421FF8D3BDE8F047C1EB0110410194
:102AA00002480C30FFF752BFBDE8F087E005002078
:102AB0002DE9F04107461446002C28D0002B26D0E3
:102AC00014318DB214339EB22A20FFF789FF380AE1
:102AD000FFF76CFFF8B2FFF769FF200AFFF766FF08
:102AE000E0B2FFF763FF2B20FFF77AFF280AFFF71A
:102AF0005DFFE8B2FFF75AFF300AFFF757FFF0B269
:102B0000FFF754FFBDE8F0412C20FFF769BFBDE897
:102B1000F081FEE770B504464FF6FF7000234AF2DD
:102B20000105891E0CE0E25C50400022C60702D07D
:102B30004008684000E04008521C082AF6DB5B1C95
:102B40008B42F0DB70BD7047FEF7B2BE08B5074997
:102B50004FF4FA520968B1FBF2F14143009100BF12
:102B60000098411E0091FAD208BD0000000000202C
:102B700010B5406A01684A6822F003024A60416D5C
:102B800041F010014165012180F85110FFF78AFAE8
:102B900010BD10B5406AFFF740FC10BD38B50546C2
:102BA0006C6AFEF701FE024628680068800623D49E
:102BB0002068416821F0200141602068416821F0CF
:102BC000020141606421204600F01AF818B1606DDE
:102BD00040F020006065A068002118B92068C26834
:102BE00080680090E186012084F85100606D18B182
:102BF0002046FFF757FA38BD2046FFF70DFC38BDD9
:102C000038B504460B46009200228021204600F091
:102C100009F828B1606D40F020006065032038BDE0
:102C2000002038BD2DE9F84304460F4691461E4664
:102C3000089DFEF7B9FD401B351AFEF7B5FD80462D
:102C400026480068C0F3CB30684300903AE0701C1F
:102C500038D0FEF7A9FDA0EB0800A84203D215B1B9
:102C6000009858B32BE02068416821F0E0014160F2
:102C70006068B0F5827F0BD1A068B0F5004F02D03C
:102C8000B0F5806F04D12068016821F04001016037
:102C9000A06AB0F5005F09D12068016821F40051F5
:102CA00001602068016841F4005101600120503446
:102CB0006070002020700320BDE8F8830025009894
:102CC000401E00902068806837EA000004D0002091
:102CD0004845BCD10020EFE70120F9E700000020C3
:102CE00010B5FEF767FD23F0BBFC012803D0BDE85B
:102CF000104023F073B810BD7047000070B586B067
:102D00001A48816941F010018161806900F010006A
:102D10000190174D03950220029001240494059020
:102D2000144E02A93046FEF727FC0021039104212E
:102D3000029102A93046FEF71FFC03950294049409
:102D400002A93046FEF718FC002204210720FEF7F6
:102D50007BFD0720FEF76BFD002204210620FEF715
:102D600073FD0620FEF763FD06B070BD0010024043
:102D7000000021100010014010B5406A0021C185FB
:102D8000C184FFF76DFB10BD0168CA6822F4907220
:102D9000CA6001684A6922F001024A61202180F874
:102DA0003A10704710B50168CA6822F04002CA6044
:102DB000202180F83910FFF73AFD002010BD10B532
:102DC00090F83A10222901D0022010BD82684FF4F9
:102DD00080539A4201D1016921B1816A9A421DD082
:102DE00052B10BE0816A02685268C2F308020A809D
:102DF000816A891C816209E002697AB102685268BD
:102E000002F07F020A70816A491C8162C18D491EED
:102E10000904090CC18505D0002010BD0268526864
:102E20000A70F0E70168CA6822F02002CA600168EF
:102E3000CA6822F48072CA6001684A6922F00102FD
:102E40004A61202180F83A10FFF74AFC002010BDAB
:102E500070B5044620680169E26821F440511143CD
:102E60000161A16820690143606901432068C2686B
:102E700041F20C639A430A43C26020684169A26927
:102E800021F44071114341611E492068884202D1FA
:102E9000FEF7DAFE01E0FEF7C7FE00EBC00101EB32
:102EA0000010616864228900B0FBF1F3B3FBF2F318
:102EB0006FF018067343B0FBF1F5B0FBF1F605EBCC
:102EC0008305322303EB0515B5FBF2F5B6FBF2F6ED
:102ED00005F0F00505EB0615B0FBF1F6B0FBF1F0DF
:102EE000B0FBF2F06FF01801484306EB800003EBF3
:102EF0000010B0FBF2F0216800F00F002844886059
:102F000070BD00000038014090F83910212901D02F
:102F1000022070478168B1F5805F01D1016961B11C
:102F2000016A4A1C0262026809785160C18C491E1C
:102F30000904090CC1840AD013E0016A02680988F7
:102F4000C1F308015160016A891C0162EEE7016862
:102F5000CA6822F08002CA600068C16841F040017E
:102F6000C160002070472DE9F04104460E46174627
:102F70009846069D1DE0681C1BD02DB1FEF714FC81
:102F8000A0EB0800A84214D92068C16821F4D071D0
:102F9000C1602068416921F001014161202084F86D
:102FA000390084F83A00002084F838000320BDE896
:102FB000F0812068006836EA000004D00020B842A2
:102FC000D9D00020F3E70120F9E7000008B509484F
:102FD000FFF748FA074800680168C943090702D4A7
:102FE000016840680090BDE808400122024901489C
:102FF000FFF74ABB6C04002070000020FEE70907C1
:10300000090E002804DB00F1E02080F8001470476E
:1030100000F00F0000F1E02080F8141D704770B53B
:10302000044600256FF02F0608E02068411C21604F
:10303000007805EB850106EB410145182068007812
:1030400000F004F80028F0D1284670BD3038092877
:1030500001D80120704700207047000010B54021C2
:10306000074801F0E9F80022282106481CF00EF973
:10307000054CA06002F05AFA0020207010BD00003C
:10308000A89F0020D5550008BC01002070B5B1F9FB
:103090000040B2F900309C4200DD23460380B1F9C4
:1030A0000240B2F90250AC4200DC2C464480B1F937
:1030B0000460B2F90450AE4200DA35468580B1F9B9
:1030C0000610B2F90620914200DB1146C1800120B2
:1030D000AB4201DC8C4200DD002070BDF8B5044637
:1030E0000D4616460020B4F90010B5F900209142B3
:1030F00012DBB4F90220B5F902309A420CDBB4F9C4
:103100000420B5F904309A4206DCB4F90620B5F97A
:1031100006309A4200DC012088B38EB3ADF800106F
:103120006088ADF8020032466946284600F0ACF8E7
:1031300038B3A088ADF800006088ADF802003246D0
:103140006946284600F0A0F810B32088ADF80000CA
:10315000E088ADF8020032466946284600F094F84F
:10316000C0B1A088ADF80000E088ADF8020032469A
:103170006946284600F088F870B10120F8BD01E0EA
:1031800002E003E00020F9E70120F7E70020F5E77F
:103190000020F3E70020F1E70020EFE7B0F900207E
:1031A000B1F904309A4213DCB0F90420B1F90030CF
:1031B0009A420DDBB0F90220B1F906309A4207DCE1
:1031C000B0F90600B1F90210884201DB0120704716
:1031D00000207047F8B504460D461646B4F90400C1
:1031E000B5F90010884211DBB4F90600B5F90210F8
:1031F00088420BDBB4F90000B5F90410884205DC05
:10320000B4F90210B5F90620914201DD0120F8BDA4
:1032100066B1ADF800006088ADF80200324669463C
:10322000284600F031F818B10020F8BD0020F8BDA4
:10323000A088ADF800006088ADF80200324669460B
:10324000284600F021F808B10020F8BD2088ADF82C
:103250000000E088ADF8020032466946284600F0DA
:1032600013F808B10020F8BDA088ADF80000E08890
:10327000ADF8020032466946284600F005F808B16C
:103280000020F8BD0120F8BD2DE9FC4105460F46A0
:1032900014460020B7F90010B5F9002091420EDB6A
:1032A000B5F9042091420ADCB7F90210B5F9022001
:1032B000914204DBB5F90620914200DC012020B1E7
:1032C000002C04DC0120BDE8FC810020FBE728463F
:1032D0000DF08CFC00EBD070461028460DF041FC40
:1032E00000EBD0704010864200DA3046844200DDA8
:1032F00004462888ADF8000028882044ADF8040072
:103300006888ADF8020068882044ADF80600002205
:1033100039466846FFF7B8FF70B1BDF80400204495
:10332000ADF80400BDF806002044ADF806003946AB
:10333000684619F018FBC6E7E888001BADF80200E4
:10334000E888ADF80600002239466846FFF79CFF82
:1033500070B1BDF804002044ADF80400BDF80200CF
:10336000001BADF802003946684619F0FCFAAAE7DE
:10337000A888001BADF80000A888ADF80400002262
:1033800039466846FFF780FF70B1BDF80000001BAA
:10339000ADF80000BDF80200001BADF80200394690
:1033A000684619F0E0FA8EE76888ADF80200688890
:1033B0002044ADF80600002239466846FFF764FF56
:1033C00070B1BDF80000001BADF80000BDF80600AC
:1033D0002044ADF806003946684619F0C4FA72E791
:1033E000012070E710B5B1F90030B2F90040A342F6
:1033F00000DB23460380B1F90230B2F90240A34258
:1034000000DB23464380B1F90440B2F904309C420A
:1034100000DD23468380B1F90610B2F906209142FF
:1034200000DC1146C18010BD2DE9FF4107461BF0AD
:103430002AFF064600250395344C2FB1F8686060DA
:1034400038461CF04DF802E00FF048F96060606803
:10345000006919F015FA6068406908B119F010FAAE
:103460006068C06919F00CFA6068006A19F008FA1F
:1034700060680169F1B319F0B3FC19F025FC6068CC
:10348000B0F8501199B30168097C890715D50FF080
:103490008CF9401E07B260680FF036F9401E03B287
:1034A0000022114601A800970DF0D2FB606801A927
:1034B0000268926B516004F061FE60684FF48071A5
:1034C000303015F092F96068202100F5987015F001
:1034D0008CF96068A0F8505130461BF0C9FE03908B
:1034E00060680068436A13B122680399984714F032
:1034F000B7FF00E005E000F035F8BDE8FF4100F05F
:1035000007B8A0F85051BDE8FF8100004401002039
:1035100070B50024084EC4EBC40556F8250008B168
:1035200015F014F806EB85001C2115F05EF9641CFB
:10353000E4B2042CEFD370BD84A000200849496890
:103540000AE04A68824202D00A68824203D10A7EB7
:1035500042F001020A7649690029F2D17047000061
:1035600018010020704700000421014800F064BEEB
:103570009C9F00201C21014800F05EBEB49F0020EB
:103580002DE9F04F85B00446DDE90E06002B02D18F
:10359000B0F5807F7DD0B6F900504FF0FF376D4217
:1035A000454307EB25252DB22580B6F902C0CCF1A5
:1035B000000C0CFB00FC07EB2C273FB26780B6F930
:1035C00000C0A1EB0C0141434FF0020C0CEB212198
:1035D00009B2A180B6F90280A2EB080242430CEBCB
:1035E000222000B2E080002B7DD04FF00A0993FB2F
:1035F000F9F505F10108684200EB800003EB400794
:1036000028B21CF09DF982460FFA88F01CF098F958
:1036100083465A3528B21CF093F9054608F15A083A
:103620000FFA88F01CF08CF90146C7F10A0000FB84
:103630000AF20BFB072292FBF9F2684301FB070039
:1036400090FBF9F057114FEA601CB4F90000B4F98F
:1036500002300CFB00FE07FB13E1B6F8009009EB0B
:10366000A1210DB2ADF80C5007FB00F20CFB0320BA
:10367000B6F802A00AEBA02001B2ADF80E10B4F922
:1036800004600CFB06FB07FB13B009EBA02000B2A3
:1036900000E031E0ADF808007E430CFB03630AEB69
:1036A000A3231BB20496ADF80A30B4F9068007FBD9
:1036B00018E609EBA62636B2ADF804600CFB08222A
:1036C0000AEBA22212B2ADF8062007FB18B709EBED
:1036D000A7273FB2ADF80070DDF810900CFB089CF6
:1036E0000AEBAC2C00E011E00FFA8CFCADF802C044
:1036F000AE4218DAB04617E0002020806080491EF4
:10370000A180521EE28005B0BDE8F08F32882A44C5
:10371000228072883A44628032881144A180718884
:103720000844E080EFE7A846874201DAB94600E0A6
:103730008146C84505DAAE4201DAB04606E0A84641
:1037400004E0874201DAB84600E08046A4F8008031
:10375000AE4201DDB04600E0A846874201DDB94631
:1037600000E08146C84505DDAE4201DD304604E09B
:10377000284602E0874200DD3846A0808A4201DA0E
:10378000104600E008469C4501DA654600E01D460B
:10379000A84205DA8A4201DA104606E0084604E04B
:1037A0009C4501DA604600E0184660808A4201DDEF
:1037B000104600E008469C4501DD654600E01D46D8
:1037C000A84203DD8A4206DD114604E09C4501DD86
:1037D000614600E01946E18095E72DE9FF5F044668
:1037E000D4F800B0B4F90800081AB4F90A10511A54
:1037F000E589D4E90932B5F5807F1FD0A5895DB38D
:10380000A56B684340114D436911256BE66A05FBC2
:1038100000F706FB117703EBA729464305FB016080
:1038200002EBA02A4FEA29254FEA2A26B4F9040020
:10383000A8421BDC002004B0BDE8F09F256BE66ABF
:1038400005FB00F706FB117703EBA709464305FBD1
:10385000016002EBA00AE5E7A56B684340114D4308
:10386000691103EB000902EB010ADBE7002D01DA25
:103870000020E0E7B4F90610B14201DC0020DAE7ED
:10388000002E01DA0020D6E794F834104A0723D539
:10389000890704F114030CD44FF002087100484367
:1038A00005FB08070BEB07014246184614F04FFFD3
:1038B00028E04FF0030806EB4601484305FB0807E4
:1038C0000BEB07010222184614F041FFF81C584484
:1038D00010F8010CA07515E00027B84632B2236934
:1038E00004F11800CDE9020229B28B4612F050FB18
:1038F0000190BDF80400A082DDE90202594612F0F1
:10390000D5FAA07594F83400C0070CD04EF2070029
:103910000090BDF800000190A08ABDF80410884214
:1039200001D1002087E7E07C80B1A4F83C90A4F8A6
:103930003EA0A4F84050A4F84260676484F8488030
:1039400004B02046BDE8F05F00F002B8012072E745
:103950002DE9F04F89B00446D4F800B094F83C103B
:1039600094F83E004FF0FF36702909DA3546B4F975
:103970004020012A00D50025803101F0FF0813E026
:1039800090290EDD0125B4F94020B4F90430521C11
:103990009A4200DB0025A1F27F11494201F0FF08A5
:1039A00002E000254FF0FF08702807DAB4F9421052
:1039B000012900D500268030C7B211E090280DDD26
:1039C0000126B4F94210B4F90620491C914200DBEB
:1039D0000026A0F27F104042C7B201E00026FF2778
:1039E00060690890A07D04904FF0000AD146002045
:1039F000039094F83400400745D594F84810606C63
:103A0000022201FB050000EB0B0107A814F09FFE4A
:103A1000B4F9040094F8481002224843616C06FB94
:103A2000001000EB0B0106A814F091FEB4F904108D
:103A300094F84800626C414306FB012100FB05B08D
:103A40000144022205A814F082FE94F83400800795
:103A50005FD594F84800626C00EB0B0100FB052376
:103A60000B4413F801ACB4F90430434306FB0322C2
:103A7000114411F8019C00FB05001044584410F853
:103A8000010C039045E0B4F84000B4F9422028440A
:103A900001B204F118008346236912F079FA079005
:103AA0001034608EB4F93010304402B258462368A6
:103AB00012F06EFA0690608E2368304402B2208EB7
:103AC000284401B2584612F063FA059094F8240095
:103AD000103C80071DD540342088B4F902202844CA
:103AE00001B2584612F0E2F982466088B4F900103B
:103AF000304402B2584612F0D9F981466088304409
:103B000002B234F84009284401B2584612F0CEF906
:103B10000390424694F83400800738D50498C8F1E1
:103B2000FF0100FB08F00AFB0100C0F30720039D22
:103B300009FB08F305FB0131C1F3072100FB07F383
:103B4000C7F1FF0501FB05331B0AA375022805D841
:103B5000022903D8002009B0BDE8F08F022800D860
:103B60000027022900D8FF270498022800D8002245
:103B7000BAF1020F00D8FF22B9F1020F01D84FF0BD
:103B800000080398022804D84FF0FF0801E0FF2046
:103B9000A07502B3FF2A21D0DDE907100EF0ACFAC0
:103BA0000290B8F1000F1CD0B8F1FF0F1CD0DDE976
:103BB000051042460EF0A0FA0190C7B1FF2F1AD0AF
:103BC000DDE901103A460EF097FA0090BDF80000CA
:103BD000A0820120BFE707980290E2E708980290D0
:103BE000DFE705980190E8E706980190E5E7BDF862
:103BF0000400A082EDE7BDF80800A082E9E72DE906
:103C0000F05F0446B4F9080000026062B4F90A00EB
:103C10000002A062B4F90C004FF00A0890FBF8F51E
:103C20006F1C694201EB810100EB4106684200B262
:103C30001BF086FE8146784200B21BF081FE824670
:103C4000C5F15A0000B21BF07BFE8346C7F15A0053
:103C500000B21BF075FE0146C6F10A0000FB09F236
:103C60000AFB062292FBF8F200FB0BF001FB0600B8
:103C700090FBF8F05111E16240112063A07C12F03A
:103C800044FA94F8341060F3000184F83410A07CF6
:103C900012F02BFA94F8341060F3410184F83410D8
:103CA000A07C042823D0052821D006281FD021F08D
:103CB000040184F8341021682162A16921F0E00137
:103CC00060F30401A08860F39421E08860F35F5101
:103CD000A161E0894FF4001101EB5001B1FBF0F05C
:103CE000A063FF20A075208AA082BDE8F09F41F06C
:103CF000040184F83410DEE7F7B506461746114C88
:103D00001BF0C1FA05463B4631462046019A12F0A7
:103D1000ADFD20B10020A062E06948B10CE02C218B
:103D2000204614F062FD4FF00040A0620020FEBD6E
:103D300028461BF09DFAE061E06908B90120E061C6
:103D40002046FEBDD89F002010B514210C4800F07D
:103D500073FA12F04BFD02468AB10A49104612F07E
:103D6000FEFD0949104612F0FCFD0849104612F00C
:103D7000FAFDBDE810400649104612F0EEBDFEE720
:103D8000C09F0020C9610108BD6501085567010891
:103D90009561010870B504460D461021284614F0BF
:103DA00024FD20680078012804D0022807D00428C8
:103DB00008D009E0208A2880608A688004E0E068F2
:103DC000686001E00A20686020684268002A03D029
:103DD0002946BDE87040104770BDFEB50446A56A8F
:103DE000002D18D1A08A218A0844A082E08A618A25
:103DF0000844E082204608F04FFE0546280072D0B5
:103E000020460BF08DF900220921284611F004FB11
:103E10006078800767D4208A10B9608A002862D051
:103E200000260296019694F83C0000F00F0003284B
:103E300016D0284616F0EAF80746284615F096FFF1
:103E400003460C200090B4F912103A46284608F0B8
:103E500022FA0190284615F0DBFFC10712D016E0C8
:103E6000284616F061F80746284615F0FBFF024683
:103E700003200090B4F910103B46284608F00BFAD6
:103E80000290E7E7BDF90810002900DD02968107DE
:103E900004D4BDF90810002900DA0296410704D4C1
:103EA000BDF90410002900DD0196000704D4BDF916
:103EB0000400002800DA019601AA02A920461EF09B
:103EC0003AFB0023BDF90420BDF90810284618F07C
:103ED00069F8A08ABDF808100844A082E08ABDF8FD
:103EE00004100844E082FEBD2DE9FC5F0446D4F8CE
:103EF0002880B8F1000F7DD094F83C00000779D0FD
:103F000013F08AF8019001980068467E40214046EF
:103F100016F0C7FF002708B967832783404616F0CD
:103F200063F88146404616F068F8054694F83C0070
:103F3000642100F00F0041F6FF7ACAF1000B0C2853
:103F400002D003283DD05CE02783D5B120461EF087
:103F50003BFB009067836A46002120461EF0EBFA87
:103F6000BDF9003052465946404608F017FFBDF8EB
:103F700000100123084402B20021404618F012F854
:103F80003FE0B4F91A00C6F16402504390FBF1F02F
:103F90006083404615F0EAFE0646404616F036F8C5
:103FA00002460C200090B4F91A103346404608F03F
:103FB00072F96083024600231946404617F0F2FF6B
:103FC0001FE06783B9F1000F23D020461EF0E5FA09
:103FD000009027830022694620461EF0ACFABDF906
:103FE000003052465946404608F050FEBDF80010D9
:103FF000084400E078E001B201230022404617F0B7
:10400000D1FF208B00286FD1608B00286CD105B3C5
:104010003CE0B4F91800C6F16402504390FBF1F0A3
:104020002083404615F01EFF0646404615F07CFFF3
:10403000034603200090B4F918103246404608F0B9
:104040002AF92083014600231A46404617F0AAFFAA
:10405000D7E7404615F0DAFF0546404615F086FEE4
:10406000002D01DC002811DD002D06DA01232A468F
:104070000021404617F096FF08E0002806DA40428B
:1040800002B201230021404617F08CFFB9F1000F66
:104090001CD1404615F0E6FE0546404615F044FFAB
:1040A000002D01DC002811DD002D06DA012300229D
:1040B0002946404617F076FF08E0002806DA40421D
:1040C00001B201230022404617F06CFF0A2140464E
:1040D000019A11F0A1F96078800705D42834207D79
:1040E00020F00F0020752760BDE8FC9F7FB50446D7
:1040F0000D46002C02D10EF0F1FA0446002C28D017
:1041000000263DB3ADF80860ADF80A6020460EF019
:10411000FBFA401EADF80C0020460EF046FB401E98
:10412000ADF80E0002AA29466846FEF7AFFF002848
:104130000FD02068017C89070FD5DDE90201C4E9B1
:104140000C010120A4F850016068002801D01BF088
:10415000D3F97FBDA4F850617FBD82690AB1694679
:10416000904700250AE004EBC50130310022684683
:10417000FEF7B4FF0028EFD16D1CADB2B4F85001CA
:10418000A842F0D8B4F85001202806D204EBC000B1
:10419000303069460CF076FC06E0A4F8506104F17A
:1041A000300002A90CF06EFCB4F85001401CA4F8D9
:1041B000500160680028CFD01BF09EF97FBD70B51C
:1041C0000646304600F012F804460CE02146304620
:1041D00000F023F805462146304600F07EF82046E0
:1041E00014F0B4F92C46002CF0D170BD002801D099
:1041F000406870470020704700B50346002218460B
:10420000FFF7F4FF014604E0521C184600F005F8E1
:1042100001460029F8D1104600BD0068091D084478
:10422000006870470068084400687047002801D0A3
:104230008068704700207047002242608260C91C7D
:1042400021F003010160704770B504462068083012
:1042500014F0F0F805469DB10022294620461CF0D6
:104260005CFD2946204662681CF04EFD616819B16C
:104270002A4620461CF051FD6560A06800B9A56083
:10428000284670BD70B504462068083014F0D2F896
:1042900005469DB10022294620461CF035FD2946E1
:1042A0002046A2681CF039FDA16819B12A462046B3
:1042B0001CF02AFDA560606800B96560284670BDE5
:1042C000002802D0416811B103E0012070478068E6
:1042D00008B1002070470120704770B504460B46B6
:1042E000002C13D02046FFF781FF002298420ED108
:1042F00019462046FFF791FF606030B10146204625
:10430000BDE8704000221CF008BDA26070BD2046D0
:10431000FFF78CFF98420ED119462046FFF782FF27
:10432000A06030B101462046BDE8704000221CF07C
:10433000EBBC626070BD19462046FFF773FF05466F
:1043400019462046FFF769FF0646324629462046B1
:104350001CF0DAFC2A4631462046BDE870401CF0CD
:10436000DCBC10B50446206882680AB1214690473B
:1043700020680068002801D02060F4E710BD806844
:10438000002802D0B0F916007047002070470000E6
:104390002DE9F04792B005461A9C0F4691461E46FD
:1043A000688C40F004006884A5F820902289394682
:1043B000284616F01BFC824611902E84228939462D
:1043C000284616F013FC80461090698C21F00401F9
:1043D0006984824505D1BDF84400BDF8401088428B
:1043E0006AD0A5F8209022893946284616F0FEFBAF
:1043F000824611902E843946284609F0BBFE218959
:104400000068524619F0C8FC2089602825D147F67B
:10441000FF79CA4501D0C8451FD1284616F015FDC1
:1044200000EBD0704610284616F00FFD00EBD07060
:1044300040101199494506D1711C421C914200DA85
:1044400000E0411C1191C84507D1711C421C9142EA
:1044500001DA701C00E0401C10901948FFF7F4FED0
:10446000064666B31198F060109830613560208977
:10447000B080B76068460BF06BFE00961148019063
:1044800011480290114803900020FF2107900890E6
:10449000099120880A90608840420B90E06806905D
:1044A00000209DF83E1060F300018DF83E10206959
:1044B000059068460BF0AAFE12B0BDE8F087FEE753
:1044C000CC9F0020DF4A0208D94C0208294C020880
:1044D00014210148FFF7B0BECC9F00202DE9F84F12
:1044E000074688469146002500264FF0040A39E128
:1044F000F8680AEBC601405881016FD420F07F4074
:1045000018F0BBF930EA080113D0002130EA0900A5
:1045100011D00020814261D0F86850F836B00024F4
:104520006A4641F61001584619F039FA28B10124BB
:104530009CE00121EAE70120ECE76A4641F611011F
:10454000584619F02CFA08B101248FE06A4641F66A
:104550001201584619F023FA08B1012486E06A4690
:1045600041F61301584619F01AFA08B101247DE00A
:104570006A4641F61501584619F011FA08B10124AE
:1045800074E06A4641F61401584619F008FA08B179
:1045900001246BE06A4641F26901584619F0FFF9BF
:1045A00008B1012462E06A4643F20C01584619F052
:1045B000F6F908B1012459E06A4643F20D01584664
:1045C00019F0EDF908B1012450E06A4641F2010109
:1045D000584619F0E4F910B1012447E0C1E06A46F9
:1045E00041F20401584619F0DAF908B101243DE01E
:1045F0006A4641F20201584619F0D1F908B1012486
:1046000034E06A4641F20301584619F0C8F908B18E
:1046100001242BE06A4641F20501584619F0BFF922
:1046200008B1012422E06A4641F20601584619F019
:10463000B6F908B1012419E06A4641F23201584640
:1046400019F0ADF908B1012410E06A4643F60F01F4
:10465000584619F0A4F908B1012407E06A4643F668
:104660000E01584619F09BF900B1012414B1032042
:10467000BDE8F88F6A4640F60A01584619F08FF9EE
:1046800008B102256DE06A4640F60B01584619F064
:1046900086F908B1022564E06A4643F60F015846E0
:1046A00019F07DF908B102255BE06A4643F60E0178
:1046B000584619F074F908B1022552E06A4640F6EE
:1046C0003C01584619F06BF908B1022549E06A46E9
:1046D00040F63D01584619F062F908B1022540E064
:1046E0006A4640F63A01584619F059F908B10225D0
:1046F00037E06A464FF40461584619F050F908B1A2
:1047000002252EE06A4640F64501584619F047F961
:1047100008B1022525E06A4640F64101584619F0E5
:104720003EF908B102251CE06A4640F642015846AF
:1047300019F035F908B1022513E06A4640F6430145
:10474000584619F02CF908B102250AE06A4640F6ED
:104750004901584619F023F908B1022501E005B9CD
:104760000125761C788CC0F3C500B0423FF6C0AE80
:1047700028467DE70148406870470000440100205A
:104780007047C0F30410072800D90720C0B2704753
:1047900010B518210348FFF74FFDBDE81040012078
:1047A0001AF0A6BD789F00202DE9F04104460D4681
:1047B0001746002C1AD02046FBF7F2FE0646DFF81B
:1047C000308029462046D8F8082090470546D8F87A
:1047D000082060193946904701462846721A03E0BE
:1047E0004318E35C2354401C8242F9D2BDE8F081B7
:1047F000FC0100202DE9F04180460C4615461F467D
:10480000084E3946404672689047206028B13868A3
:10481000726840440021904700E000202860BDE815
:10482000F0810000FC0100202DE9F04F87B0044624
:10483000DDE910588A4693461E464FF00009002DC8
:1048400001D0A5F800906CB1207878B1BAF1000FD2
:104850000ED0002708F0020008F0040108431AD027
:10486000002008E0002007B0BDE8F08F0020FAE744
:104870000020F8E7401C215C0A2903D00D2901D053
:104880000029F7D1215C01B1401C002DEBD04FF085
:10489000FF312980E7E75FEA887001D541F6FF76AE
:1048A000CDF81890CDF8149023E0CDF8109005982D
:1048B00038B3002106AA04ABCDE90221CDE900837B
:1048C000204433465A4651461BF06AF80499721A3E
:1048D00016B239440FB288B1059908440590217881
:1048E0000A290BD00D2909D0205C0A280BD00D28ED
:1048F00009D00598205C08B1002ED6DC059830B1AF
:1049000011E00121D6E70598401C0590F6E7084A1A
:1049100005A9204652689047014625B1002250461D
:1049200010F062FE07B205B12F8005989BE70000EA
:10493000FC0100202DE9F041064688461746002E6E
:1049400021D0002F1FD03046FBF72AFE0446384600
:10495000FBF726FE0546280015D02C440B4A41469D
:104960003046926890470146481903E0621BB25CEA
:104970003255641EA042F9D970182A463946BDE85E
:10498000F04113F0FABEBDE8F0810000FC01002008
:1049900010B5002223290ED103782BB10024012B5E
:1049A00005D0022B05D006E00122027003E004705E
:1049B00001E0047001220378012B04D1202901D1E8
:1049C000022101700122104610BD2DE9F34182B091
:1049D0000746039E334600213A4608461BF064FA18
:1049E00005464FF00008CDF80480681C13F022FD46
:1049F00004465CB104F8058033463A46691C2046FB
:104A00001BF052FA04B02046BDE8F081FEE72DE924
:104A1000F04781460D4614461F46DDF8208012E01F
:104A2000660806FB075A51464846C047002808DD7D
:104A300044F30000C0EB5404A4F101040AEB0705A1
:104A400001E005DA3446002CEAD12046BDE8F087C3
:104A50005046FBE72DE9FF5FDDE910BCDDE912A759
:104A6000DDE90E64149D4FF030085FEA85791ED4AD
:104A70006FB15FEAC5790AD005F00C0959EA0B0954
:104A800005D07F1E03E0A146641C06F8098054454A
:104A900006D2202CF7D303E0A146641C06F8098057
:104AA0005FEAC57903D0BC4201D2202CF4D35FEA7F
:104AB000C5693CD55FEA45590AD44CB1544501D08B
:104AC000BC4205D1641E1CB1BCF1100F00D1641EA4
:104AD000BCF1100F0BD15FEA856908D4202C06D2F7
:104AE000A4464FF07809641C06F80C9019E0BCF15C
:104AF000100F0BD15FEA856908D5202C06D2A44699
:104B00004FF05809641C06F80C900AE0BCF1020F43
:104B100007D1202C05D2A4464FF06209641C06F888
:104B20000C90202C03D2A446641C06F80C80202C88
:104B30001CD2BBF1000F06D0A4464FF02D08641C18
:104B400006F80C8012E05FEA457C06D5A4464FF0DB
:104B50002B08641C06F80C8008E05FEA057C05D58C
:104B6000A4464FF02008641C06F80C80CDE90275BD
:104B7000CDE9006400F087F804B0BDE8F09F2DE9AE
:104B8000F04F8FB0DDE91BABDDE919971D9E189C36
:104B90000025002C01D126F010065FEA465C0DF1DD
:104BA0001C0800D5FCB1B4FBF7FC07FB1C4C0CF057
:104BB000FF0CBCF10A0F02D20CF1300C0AE05FEAE4
:104BC000866E02D54FF0410E01E04FF0610EF444C5
:104BD000ACF10A0CAE466D1C08F80EC0B4FBF7F43D
:104BE0000CB1202DDFD3CDE904ABCDE90085CDE9B3
:104BF00002970696FFF72EFF0FB0BDE8F08F2DE964
:104C0000FF4F8FB0DDE91D1BDDE922A9DDE920564C
:104C1000249F1C98002450EA010201D127F01007BC
:104C20007A050DF11C0802D550EA010218D02A4677
:104C30003346FBF760FBD2B20A2A01D2303206E0DB
:104C4000BB0601D5412300E061231A440A3A2346FA
:104C5000641C08F8032050EA010201D0202CE6D39E
:104C6000CDE904A9CDE90084CDE902B50FA80697E6
:104C70000FC8FFF7EFFE13B0BDE8F08F9A4200D2E5
:104C80008854704770472DE9FF5F0746DDE90EB590
:104C9000DDE910891446A24609F0020009F001017D
:104CA000084313D12E4606E02246641C2020039BB5
:104CB0000199B847761C4645F6D307E02246641CA6
:104CC0006D1E039B1BF805000199B847002DF5D117
:104CD0005FEA897006D409E02246641C2020039B09
:104CE0000199B847A4EB0A004045F5D304B020462B
:104CF000BDE8F09F704700002DE9FF4F89B0804666
:104D000000250A98002801D1DFF8DC844FF0000963
:104D1000D0E0252808D0DDE90A132A466D1CC047DB
:104D20000C98401C0C90C5E0491C0C9100240C9878
:104D300001782B2923D004DC202926D0232904D173
:104D400029E02D2915D030290DD000200028EED1E2
:104D500000260C980078FEF779F910B30CA8FEF73E
:104D60005EF906462BE044F00104401C0C90012043
:104D7000ECE744F00204401C0C900120E6E744F00C
:104D80000404401C0C900120E0E744F00804401C9F
:104D90000C900120DAE744F01004401C0C90012034
:104DA000D4E70C9908782A2809D1169840C816909B
:104DB000002E02DA44F002047642491C0C910027CE
:104DC0000C9801782E2918D144F48064401C0C9072
:104DD0000078FEF73BF920B10CA8FEF720F9074652
:104DE0000BE00C9801782A2907D1169980C91691F1
:104DF000002F00DC0027401C0C900C9801786C29D7
:104E00000AD004DC682913D06A292BD121E0742947
:104E10001AD07A2926D121E044F48074401C0C90E9
:104E200001786C291ED144F40074401C0C9019E0E8
:104E300044F08004401C0C900178682912D144F0A1
:104E40004004401C0C900DE044F48074401C0C9015
:104E500008E044F40074401C0C9003E044F48074B7
:104E6000401C0C900C99087869282DD00EDC622823
:104E70002AD006DC25287BD0502825D0582811D1EF
:104E800022E0632875D064280CD11DE0732871D00E
:104E900004DC6F2818D0702804D115E0752813D0D1
:104EA000782811D0DDE90A132A466D1CC0470C98FA
:104EB000401C0C900C99087800287FF42AAF0B98BE
:104EC00085427DD22A4686E1782813D0582811D011
:104ED000702811D050280FD06F2818D0622818D011
:104EE0000A2224F010040C980078582813D0502877
:104EF00011D012E01022F6E7102244F0100040F426
:104F0000807448785628EED1491C0C91EBE70822B2
:104F1000E9E70222E7E744F02004692803D0642887
:104F200001D024F00C04610501D524F001046928A6
:104F300021D064281FD0562870D0A0056FD51698B0
:104F4000CDE90597CDF80890CDE90764C01D20F0A4
:104F500007000492D0E90012CDE900120830DDE923
:104F60000A1316902A464046FFF749FE0546B1E06F
:104F700025E1B3E0DBE0A00529D51698C01D20F09F
:104F80000701D1E90003083116911946CDE90597CB
:104F9000CDE907640492002901DA012200E0002231
:104FA000002302921A461B1A8A4104DB0A4600219A
:104FB000404261EB0201CDE900012A46404600E093
:104FC00007E1DDE90A13FFF71AFE054682E0E00576
:104FD00014D5169901C91691CDE90376C10F059430
:104FE0000292002800DC4042CDE90001DDE90A130D
:104FF0002A464046FFF7C3FD05466BE0600605D52F
:10500000169810F8041B1690C8B20CE0200607D5BD
:10501000169830F8041B169008B204E015E026E05C
:10502000169901C91691CDE90376C10F0594029234
:10503000002800DC4042CDE90001DDE90A132A46E0
:105040004046FFF79CFD054644E0169901C91691BC
:1050500041680968009103680B98421B0A9841193E
:105060004046FFF749FE0544CDF8209032E0E005C8
:1050700010D5CDE903760292169805942A4602C807
:10508000CDE90019DDE90A1316904046FFF777FDD8
:1050900005461FE0600605D5169810F8041B16900B
:1050A000C8B20AE0200605D5169830F8041B169001
:1050B00088B202E0169901C91691CDE90192CDE9B5
:1050C000037605940090DDE90A132A464046FFF76F
:1050D00056FD05460C98401C0C90EBE60127A007F6
:1050E00006D509E02A46DDE90A136D1C2020C047D9
:1050F00038467F1CB042F5D316982A466D1C10F82E
:10510000041B1690C8B2DDE90A13C047A00706D4F5
:1051100009E02A46DDE90A136D1C2020C047384605
:105120007F1CB042F5D30C98401C0C90C2E6169838
:1051300050F804BB16900FB1394601E04FF0FF3133
:10514000584600E0401C027812B1491E4A1CF9D1B1
:10515000A0EB0B0A600502D5BA4500D3BA46A007FA
:1051600006D512E02A46DDE90A136D1C2020C0474F
:1051700050460AF1010AB042F4D306E0DDE90A1311
:105180002A460BF1010B6D1CC0479BF8000020B1B3
:105190006105F3D57F1E791CF0D1A00706D40AE083
:1051A0002A46DDE90A136D1C2020C04750460AF14B
:1051B000010AB042F4D30C98401C0C907AE62A46BF
:1051C000DDE90A136D1C2520C0470C98401C0C908B
:1051D00070E60B9A521EDDE90A130020C0470DB09D
:1051E0002846BDE8F08F0000854C00082DE9F0430B
:1051F0008FB0182105A8FBF793FA002602960396B4
:1052000004963748816941F400718161816901F434
:1052100000710191816941F004018161816901F0AE
:1052200004010191416941F001014161406900F0CF
:10523000010001904FF00208CDF814804FF40040B7
:10524000079005A8FCF7BAFB03200B900C900127F0
:105250000D970E970BA92348FCF78EF9234C224893
:1052600020606660A6608020E0604FF48079C4F81A
:10527000109000016061A6614000E0612046FCF7EB
:1052800049F804F144051A4828606E60C5F8089092
:105290002E73C5F810802E75AE614FF46020E86162
:1052A0002846FBF747FE2C626562029603970724A7
:1052B000049402A92846FBF7B5FD0297CDF80C80AF
:1052C000049402A92846FBF7ADFD2846FBF738FDFC
:1052D000022208492846FBF7C1FE0FB0BDE8F08363
:1052E000001002400008014008000240D0040020E5
:1052F0000024014084000020144B196821F00101B2
:10530000196013498A6822F001028A608A68D2070C
:10531000FCD10222CA608A6842F001028A601A68DF
:1053200042F001021A601A6842F480021A6003E037
:105330004A6842F002024A600A689207F8D50549B5
:105340000A68026049684160704700000824014013
:10535000000002408400002010B50024002808D07E
:1053600000F019F8B0F5004F03D20C2800D80C203B
:105370000446204610BD0A46491E0A4200D0FEE7F8
:105380000140401A70470844401E4A1E9043114293
:1053900000D0FEE770474A1E114200D0FEE70844E5
:1053A000401E9043704700002DE9F04104460F462F
:1053B00001206086002500260BE01BA1FBF7D8F931
:1053C00010B16D1CADB202E0608E401C6086761C90
:1053D000B6B257F8260010B101780029EDD1208E21
:1053E000A8421ED0A06A002610B113F0AFF8A66242
:1053F000E06A10B113F0AAF8E662E80013F01AF8B8
:10540000A06238B1680013F015F8E06218B1A16A23
:1054100011B102E0FEE7FEE70025690013F0E5F9AF
:105420002586BDE8F08100000A0000002DE9F84F54
:1054300083460F469BF8090000F0070002281DD0A4
:105440009146974200DD3A461646032000EB46009F
:1054500020F003051035DFF8C480DFF8C4A0D8F8C9
:105460000840DAF80000201AD8F804102A188A42F6
:1054700006D2606820F0004060602CE0B946E0E7AA
:105480008D421ED84FF0FF340FE000940022694691
:1054900024480AF0A5F90022694623480AF0A0F939
:1054A000D8F80800DAF80010401AD8F80410284498
:1054B0008842EAD8D8F80840606820F00040606070
:1054C00009E0284612F0B6FF0446200019D06068B3
:1054D00040F0004060603A464946584601F0ACFC56
:1054E0002060606800F04040401C20F08040606018
:1054F000A681A4F80E90002804DA04F11000A06040
:1055000008E0FEE7D8F8080000F11001A160284487
:10551000C8F808002046BDE8F88F00004C010020C4
:10552000D801002087CA00089DF9000810B5084C72
:10553000012020700748FEF759FE20B1A068BDE8A1
:10554000104019F0D9BFA068BDE8104019F0C8BFDD
:10555000BC010020A89F002010B5044694F83E002E
:10556000810707D4A18F29B1A1F57F42FF3A01D06D
:10557000491EA187A28F616B8AB909B182070ED536
:1055800021461348FEF7A9FEFFF7D0FFE16809B1F5
:10559000204688472046BDE8104012F0D7BFA26BD6
:1055A0005242E262002911D0820702D4226B524299
:1055B000E2624210521C62F3410084F83E00E0694E
:1055C000626AE2616062A06AA162606310BD00006D
:1055D000A89F002070B5334E706819F049FE05464B
:1055E000707880F0010070702F48FEF7FFFD0446D0
:1055F00052E00020307094F83E007178C0F38002D1
:105600008A423DD061F3820084F83E00E16A4A1983
:10561000030719D4002917DC002A15DBC00709D1BC
:10562000216939B120468847E1690144E161616A35
:1056300008446062A16809B12046884794F83E009A
:1056400040F0080084F83E00E06A2844E062002848
:1056500016DBA16A884200DDE162A1692046884725
:105660000146206A884204D0216262680AB120683B
:105670009047D4E90A10884202DB2046FFF76CFF0E
:10568000307820B10848FEF7B1FD044604E0214619
:105690000548FEF7C2FD0446002CAAD119F0F3FD1F
:1056A000706070BDBC010020A89F0020F7B582B0DB
:1056B00005460E46049F002D1ED028463146632223
:1056C00015F094FA01900446200012D0206880B1B1
:1056D00028463146642215F089FA0190C2B242B1DF
:1056E00023683946204698470190BDF80400ADF87C
:1056F0001000049805B0F0BD3846FBE770B50446CD
:105700000D466068002802D02946FFF7F7FF22689F
:10571000002A04D029462046BDE87040104770BDDD
:105720002DE9F041054628460FF072FE0446284652
:105730000FF070FE28460FF02DFEAD4EAD4D4FF030
:105740000008072818D001270D287DD00E287CD10D
:10575000686C844279D1A6F120042178491C21701B
:105760002178032900D92770217801296ED00229D8
:105770006DD003296CD130E1A86C844214D1012191
:10578000A86A13F0C2F80121E86A13F010FD0321A2
:10579000E86C0CF00AF9686910F0E0FAE96C6869E5
:1057A000BDE8F04110F0F4B9E86C844261D1E868DA
:1057B00018B113F0A7FDC5F80C800022FF21A86ED8
:1057C00016F0CBFF20460BF0C7FF30B3012839D0CD
:1057D000022850D003284CD10121E86A13F095F833
:1057E0000121A86A13F0E3FC686910F0B7FAA96C0C
:1057F000686910F0CDF9696C686910F0C9F943F275
:10580000390070801FF04CFC0E2279497A481DF057
:10581000B5FABDE8F0411FF085BC686910F09EFA4A
:10582000E96C686910F0B4F9296F686910F0B0F993
:10583000696F686910F0ACF9A96F6869BDE8F0415B
:1058400010F0A6B9686904E02CE012E0BDE0C0E009
:10585000C6E010F083FAE96C686910F099F9686D98
:10586000002806D100224FF4FA71644819F00EFDA9
:105870006865BDE8F081686910F070FAE96C6869E4
:1058800010F086F9E96F686910F082F959488030A4
:105890000168686910F07CF9296B6869BDE8F0411E
:1058A00010F076B9E86C844256D1686D18B119F0E1
:1058B0000DFDC5F85480686910F038FA012806D942
:1058C000686910F04BFAE96C686910F061F9E868F2
:1058D00018B9E86A11F086FDE86000226421A86E1C
:1058E00016F03BFF20460BF037FF88B101281BD094
:1058F000022825D00328BCD141A1E86812F0ECFBB6
:10590000E868BDE8F04100231922092113F08CB8A2
:105910003FA1E86812F0E0FBE868BDE8F041002331
:105920001922092113F080B83EA1E86812F0D4FBD7
:10593000E868BDE8F04100231922092113F074B88A
:105940003EA1E86812F0C8FBE868BDE8F04100231A
:105950001922092113F068B8A86C844289D111F08A
:105960005BFB11F05FFBA6F80080142802D013281F
:1059700009D010E0308A193080B2308264280AD908
:105980006420308207E0308A193880B230823228B1
:1059900001D2322030823780308A322809D04B2819
:1059A0000DD06428A7D1A86CBDE8F04128A112F061
:1059B00093BBA86CBDE8F04126A112F08DBBA86C8A
:1059C000BDE8F04124A112F087BB24A112F084FBB2
:1059D00006E024A112F080FB02E024A112F07CFB7F
:1059E00020787082A86CBDE8F04110F031B9000059
:1059F00094F10020380200200080070839F40108E3
:105A0000E8BF94E59B9EE4B8BBE7958CE99DA200B6
:105A1000E8AEBEE7BDAEE58AA8E58A9BE689ADE7BC
:105A20009FA90000E69FA5E79C8BE9A9B1E58AA89C
:105A3000E69DBFE4BFA1E681AF000000E887AAE5CC
:105A40008AA8E689ADE79FA92EE781AFE5858900A1
:105A5000520000004400000053000000452D424960
:105A60004B4500004D4F544F520000004C4547003D
:105A700070B504460D46204600F030F800B1FEE750
:105A8000284600F013F96168001D08446060204654
:105A900000F030F8204670BD10B50C4600F006F955
:105AA0001034A04201D3012010BD002010BD0838E1
:105AB00070477CB505460C46204600F0F7F86A466C
:105AC00001A91AF0A3FCDDE900322146284609F0BD
:105AD000E7FB7CBD007900F00100704710B500F0D5
:105AE000E5F808B1002010BD012010BD007900F0DC
:105AF0000200704710B50446204600F07AF80460B2
:105B000010BD7CB506460D46002001900090002493
:105B1000002D0DD06A4601A928461AF08EFC019886
:105B2000092805DA6A4601A930461CF00AFE044637
:105B30005CB1204600F0BAF8A84200D2FEE7DDE9E9
:105B40000032214630461CF0D9FA20467CBD10B503
:105B500004462046FFF7CEFF00F093F82046BDE84C
:105B6000104000F089B810B50446204600F041F816
:105B700000F08CF82046BDE8104000F092B870B5F7
:105B800006460D46284600F034F8044644B1204647
:105B9000FFF7A0FF70B12846FFF7A0FF08B1FEE7AE
:105BA000FEE72146304600F056F821462846FFF72A
:105BB0005FFF0546284670BD70B506460D4628466F
:105BC000FFF794FF88B1284600F03CF8044674B112
:105BD0002046FFF77FFF58B12146304600F03BF8E2
:105BE00029462046FFF744FF0546284670BDFEE7DC
:105BF000FEE770B50546284600F058F8041F284611
:105C000000F091F821461BF021F904462846FFF7E1
:105C100065FF00B1FEE7204670BD10B503460C4697
:105C20000020002C0DD05AB12146184600F07DF816
:105C30002046FFF798FF2046BDE8104000F073B8FB
:105C4000FEE710BD10B504462046FFF74FFF08B130
:105C5000206810BDFEE77CB505460C46204600F0E6
:105C600025F86A4601A91AF0D1FBDDE90032214688
:105C700028461CF043FA7CBD416841F001014160B7
:105C80007047416841F0020141607047416821F06E
:105C9000020141607047027902F003020A43426048
:105CA0007047416821F0010141607047406820F071
:105CB000030070472DE9F04106460C46304600F0DF
:105CC00032F8211F1BF0C2F880463046FFF7EEFF86
:105CD000051B2D1F404600F026F80746404600F001
:105CE00022F80421FFF74FFB874200D0FEE7304641
:105CF000FFF7DCFF2919091D884200D0FEE729467D
:105D00004046FFF7C8FF4046FFF7D0FF0C2800D2FF
:105D1000FEE721463046FFF7BEFF4046FFF717FF7C
:105D20004046BDE8F0810830704770B506460D4624
:105D300014462846FFF7CEFEB0B121462846FFF7AD
:105D4000ABFE002811D021462846FFF7B3FF0446DA
:105D50002846FFF7CFFE2046FFF793FF2146304647
:105D6000BDE87040FFF7A5BEFEE770BD70B5054603
:105D70000C4616462046FFF7ADFE00B1FEE7314661
:105D80002046FFF789FE002811D031462046FFF754
:105D900091FF04462046FFF779FF21462846FFF78A
:105DA000EEFE01462846BDE87040FFF782BE70BD9A
:105DB00038B5044611F030F90546284611F073F95C
:105DC00030B1218FE186204615F006FB012038BD59
:105DD00020460FF01FF9F8B120460EF0E1FF218FA9
:105DE000E08E81420CD02087E08E00906A461C2114
:105DF00020460FF011FB0128E9D1204615F0ECFAFE
:105E0000284611F05EF90428E0D1204613F056FF31
:105E1000002110F027F8D9E720460FF051F9D5E717
:105E200070B50FF0F5FA0546284613F090FF0446CA
:105E300028460BF091FC01462046BDE87040002248
:105E400018F0D6BDC0F3C0107047C0F38010704783
:105E5000C0F3C0107047C0F300207047C0F3C0000B
:105E60007047C0F340107047C0F340207047C0F344
:105E700000307047C0F30010704700002DE9F04F6C
:105E800087B005460C460021284613F03BFE60B360
:105E90002146284600F092FA2146284600F072F882
:105EA0000021284614F091FD06900021284614F0A8
:105EB0003BFE05900021284614F07BFC01281BD0F6
:105EC00000270021284614F0A4FF80460021284620
:105ED00014F0E8FC064642F2D179C8450ED1688C30
:105EE00040050BD44FF001080AE007B02046BDE89A
:105EF000F04F1C2112F079BC0127E2E74FF00008B7
:105F0000284613F085FE834628460021DFF870A05E
:105F1000BAF8022014F06AFE0490C2B2A3682169A4
:105F20002068CDE90013CDE9020741465846069B9B
:105F300008F098F920834E4504D1688C800501D47F
:105F4000012600E00026284613F047FE07462846B3
:105F50000021BAF8062014F049FEC2B2E368616974
:105F600060680025CDE90013CDE9020531463846C9
:105F7000059B08F077F9608307B0BDE8F08F00005B
:105F8000700100202DE9F84F82460C46504607F07C
:105F900029FC0746504613F03BFE8146384600F088
:105FA000B8FF2061400012F071FA206020694000C3
:105FB00012F06CFAA060002541F69A7836E0494E5E
:105FC00037F91500404530D14FF0000B1EE059461F
:105FD000504613F097FD00904349009814F068FF75
:105FE00090B9009807F010FC01280DD1009807F037
:105FF00001FCA84208D1009814F027FFB04203DB4F
:10600000009814F022FF06460BF1010B504613F0E6
:106010008FFD5845DBD8002E03DBA06820F8156003
:1060200003E0A168002021F815006D1C2069A8423A
:10603000C5D80025AB46002041F69B7618E037F91D
:106040001010B14204DB0D44A5F5F8559B3D0EE060
:10605000414506D1A16831F8101059440FFA81FB6F
:1060600005E0A26822F8101059440FFA81FB401C89
:1060700021698142E3D80021504614F0A6FC216931
:10608000C1F1010100FB0190A0EB0B0001B200295E
:1060900000DA00214FF0FF3C0022002011E037F928
:1060A0001030B3420CDBA3F5F8539B3B1AB201FB53
:1060B00002F3B3FBF5F3D4F808C02CF81030844693
:1060C000401C23698342EAD8BCF1000F07DBA81A01
:1060D0004843B0FBF5F0081AA16821F81C00BDE8A0
:1060E000F88F000001E0FFFF010006002DE9F05FDE
:1060F000074600221146384616F094F8002138462B
:1061000014F08CFB04460021384614F022FD204494
:106110000FFA80F80021384614F011FC20440FFAE1
:1061200080FA384614F0FAFA404450440FFA80F9E5
:106130002A4C384613F0FCFC8346002617E0B8686A
:10614000006850F826502649284614F0B1FE68B978
:10615000284615F0ABF9C0B1B5F91A00B7F9161019
:10616000401A411CA14200DB441C24B2761C5E454F
:10617000E5D341F6FF70C4422ED004EB0A0000B212
:10618000484500DC4846BDE8F09F0021284614F051
:10619000EAFAB0B1012814D0022812D0032810D096
:1061A0000021284614F04AFE0028DFD1688BE98AD6
:1061B000401A401C00B24044A04200DB044624B216
:1061C000D4E7B5F91A00B7F91610401A411CA142DC
:1061D00000DB441C24B2C9E74846D4E701E0FFFFD6
:1061E000010004002DE9F05F054600221146284613
:1061F00016F002F80021284614F010FB0446002196
:10620000284614F04BFC20440FFA80F80021284661
:1062100014F0F7FB20440FFA80F9284614F08CFAAA
:10622000484440440FFA80FB5A4C284613F080FC47
:1062300082460021284614F0A7FA012801D0002642
:1062400066E0002617E0A868006850F826705249FA
:10625000384614F02DFE68B9384615F027F9A0B17C
:10626000B5F91800B7F91410401A411CA14200DB1F
:10627000441C24B2761C5645E5D341F6FF70C44257
:106280004FD004EB090004B24BE00021384614F073
:106290006AFAD0B1032818D0062816D0082814D0DE
:1062A0000021384614F0C3FD0028E3D107F11400A3
:1062B00007460AF07DFC4044A04204DB38460AF061
:1062C00077FC00EB080424B2D4E7B5F91800B7F95D
:1062D0001410401A411CA14200DB441C24B2C9E73F
:1062E000A868006850F826702B49384614F0E0FD85
:1062F00068B9384615F0DAF8D0B1B7F91800B5F931
:106300001410401A411CA14200DB441C24B2761C2C
:106310005645E5D341F6FF70C44202D004EB0800B5
:1063200004B241F6FF70C4422DD15846BDE8F09F3B
:106330000021384614F017FAD0B1012818D00428EB
:1063400016D0072814D00021384614F077FD002815
:10635000DDD107F1140007460AF02AFC4844A042A8
:1063600004DB38460AF024FC00EB090424B2CEE733
:10637000B7F91800B5F91410401A411CA14200DB0E
:10638000441C24B2C3E75C4501DD2046CEE75846F5
:10639000CCE7000001E0FFFF0100040010B5044657
:1063A000206812F0C1F8606812F0BEF8A06812F020
:1063B000BBF8E068BDE8104012F0B6B82DE9F05F18
:1063C00081460C46484607F0E3FD0746384600F094
:1063D000A0FD6061400012F059F860606069400003
:1063E00012F054F8E060002541F69A7836E0484E05
:1063F00037F91500404530D14FF0000A1EE05146F4
:10640000484613F07FFB83464249584614F050FD3E
:1064100090B9584607F040FE01280DD1584607F0C4
:1064200031FEA84208D1584613F04FFCB04203DBBE
:10643000584613F04AFC06460AF1010A484613F092
:1064400077FB5045DBD8002E03DBE06820F81560B1
:1064500003E0E168002021F815006D1C6069A84286
:10646000C5D800260025002041F69B7A16E037F9B2
:106470001010514504DB0E44A6F5F8569B3E0CE087
:10648000414505D1E16831F8101029440DB204E00E
:10649000E26822F8101029440DB2401C6169814263
:1064A000E5D80021484614F03FFB8046484613F0EB
:1064B00094FB6169C1F1010108FB0100401B01B2BD
:1064C000002900DA00214FF0FF33002500200FE003
:1064D00037F9102052450ADBA2F5F8529B3A12B266
:1064E0004A43B2FBF6F2D4F80CC02CF81020401C42
:1064F00062698242ECD8002B07DB701B4843B0FB7B
:10650000F6F0081AE16821F81300BDE8F09F0000DA
:1065100001E0FFFF010006001CB50B88048923443D
:10652000ADF800304B8844892344ADF802308B88A5
:1065300004892344ADF80430C98843891944ADF86F
:1065400006104369694698471CBD0000F8B50E4621
:1065500004462046D4E90C21002A01D0127802B961
:1065600051B159B118F081FD0F4909688847616B35
:10657000884203D30020F8BD0120F8BD206B88B10C
:1065800000200090094D06E02A6869469047B04215
:1065900001D10120F8BD206B0099415C0029F3D1A5
:1065A0000020F8BD0120F8BD1402002000020020E8
:1065B0002DE9FF4F89B00D461A9CE878C0070028E6
:1065C00001D0F24800E0F248079001D0F14F00E01E
:1065D000F14F01D1EF4800E0EF4806904FF000097D
:1065E00049466088A288A0EB020002B20846D4F8AF
:1065F000108013E000EB80064FF0100CE3680CEB0A
:10660000860C13F80CC05FEACC7C0CD04FF0080C61
:106610000CEB86069B5BD21A12B2401C8045E9D86F
:106620004FF0000C4AE04FF00C0C0CEB86069B5B25
:10663000194409B2F1E70CEB8C061020E36800EB7B
:1066400086000890185CC00736D192FBF1F80C2048
:1066500000EB86008646185A00FB08F000B24FF0A7
:10666000060A4FF004080AEB860A08EB860833F99D
:106670000AA033F90880824501DD834600E0D34655
:10668000D84504DC824501DD804600E0D0468045E7
:1066900004D008984FF0010943F80090E3680820FF
:1066A00000EB860023F80080E36833F80E00081A38
:1066B00001B2A2EB080002B20CF1010C20696045A6
:1066C000B9D8B9F1000F89D10021099814F06AF8FE
:1066D000012821D04FF0000A00200590049004A862
:1066E00005A9CDE900102089B4F9022003B2287869
:1066F00018991AF0ADFBE87810EA0A0F06D009984D
:1067000013F086FABDF81410084405900B99099807
:1067100013F0F8F906462FE14FF0010ADCE79F4934
:10672000304614F0C5FB40B1E8780BAAC0F38001F5
:10673000099807F0CBFA06461EE10021304614F016
:1067400099F8E8B34FF000080020216910E0E268F2
:1067500000EB800352F82320B24208D100EB800204
:10676000E168082000EB820031F9008002E0401C63
:106770008142ECD8E878C00704D0708C40F4806087
:10678000708403E0708C40F40070708406F1140093
:106790008146B84740452AD0304614F01DFEB08AE5
:1067A000ADF80400F08AADF80600308BADF80800B3
:1067B000708BADF80A00079A41464846904700E0C2
:1067C0000FE001AA292130460EF026FE304613F0D4
:1067D000BEFA324622210EF01FFE304614F0FCFDB8
:1067E00005E0708C20F4806020F4007070844FF01D
:1067F000000B6878012811D0022817D1069906F1FC
:1068000014008847B4F90010491C21F00101081A4E
:1068100000EBD07040100FFA80FB07E0069906F1FC
:10682000140088472188081A0FFA80FBE87810EADC
:106830000A0F06D006F11400B847BDF81410081A64
:1068400005903046002143F20C0214F0CFF902907B
:106850000FFA80F83046002143F20D0214F0C6F919
:1068600002900FFA80F9304614F0EFFA03903046A8
:1068700013F02BFA0146C8F34130012810D128F457
:10688000C040B0F5FA6F0BDCB0F57A7F01DDC0F5E2
:106890007A70039A5043642290FBF2F00FFA80F86A
:1068A000C9F3413001280FD129F4C040B0F5FA6F87
:1068B0000ADCB0F57A7F01DDC0F57A7048436421C7
:1068C00090FBF1F00FFA80F9B18A1698401A404413
:1068D00002B2F18A1798401A484401B2E878C0071A
:1068E000002802D0BDF9140000E0584610440FFA09
:1068F00080F801D1BDF914B00BEB01000FFA80F95B
:1069000058EA090017D0304614F066FDB08A4044BA
:10691000B082308B40443083F08A4844F082708BE0
:1069200048447083304614F057FD01234A464146DF
:10693000304614F00EFEE87810EA0A0F0CD106F18A
:106940001400B84719990844BDF810100844BDF860
:1069500014100844059007E0BDF810101998084479
:10696000BDF81410081A0590E8780BAAC0F380014E
:10697000099807F0ABF90646002E04D0DDE90B10AC
:1069800081427FF4CCAE0DB0BDE8F08F690C0108F8
:106990005F0C0108E10B0108570B0108010006001C
:1069A0002DE9F04F8BB005468A46BAF1000F43D06F
:1069B000A5F818A0286808B111F0C8FD0AEB4A0034
:1069C000062101EB400011F035FD286040B36860FE
:1069D000022101EB4A010144E960042101EB8A0133
:1069E0000144A9604FF00008BAF1010F19D00AF173
:1069F00001000446C00011F049FD064606EB84077D
:106A0000C1464FEA8A0002B209A90AA800F030F98B
:106A10000024BDF928008010059000200190B2E00C
:106A2000FEE7B4210170E868A0F80080E968012061
:106A30004880A868A0F800800BB0BDE8F08F4FF048
:106A400000080DF1140B09A90AA800F018F90AA80A
:106A500000F004F970B1BDF9280081104BF828103E
:106A600000F0030101A840F8281008F10108B8F16E
:106A7000040FE8DBB8F1040F7ED10899059888422D
:106A800013D1059826F8140027F81490DDE90101C8
:106A90000844DDE90312114408446968085569682F
:106AA00000010855641C24B26BE0DDE90501884251
:106AB00020D0059826F8140027F8149069680198EA
:106AC0000855696800010855641C20B20599491EE3
:106AD00026F8101027F81090DDE902120A440499F4
:106AE000091D11446A6811546A6809011154401C57
:106AF00004B246E007990598884220D0059826F808
:106B0000140027F81490DDE901010844696808556C
:106B1000696800010855641C20B20599491E26F8D1
:106B2000101027F81090DDE9031211446A6808314B
:106B300011546A6809011154401C04B221E00598FF
:106B400026F8140027F81490DDE9010108440399A0
:106B5000084469680855696800010855641C20B23A
:106B60000599491E26F8101027F8109004996A68B4
:106B70000C311154090100E00BE06A681154401C0B
:106B800004B209F101090AA800F068F800287FF4AE
:106B900056AF40F2D3200AFB00FA4FEAAA20611E4A
:106BA00036F91120824203D137F9111081421AD0EF
:106BB000AAEB8021B1F5007F03DC494349000914A9
:106BC00006E0C1F58061494349000914C1F10F0194
:106BD00026F8140027F81400686801556868090150
:106BE0000155641C24B2A01E0DE037F8101026F8E1
:106BF000141036F8101027F8141069680A5C0A554A
:106C0000401E641C24B20028EFDA00210020EB684B
:106C100000221A801CE0EA6822F81100AB6836F8FE
:106C2000102023F811200BE0D5F808C036F91030F9
:106C30003CF811209A4200DB1A462CF81120401C27
:106C400037F910208A4201D1A042EDDB491C09B27C
:106C5000A042E0DB304611F067FCEDE6B0F902102F
:106C6000B0F90000814201DC01207047002070472C
:106C7000028000234380C2F101000880704710B5F4
:106C8000B1F90030B0F90220002B05DC032404EB3D
:106C900042021A440A8009E00488121B052404EB0E
:106CA00042021A440A800188491E01804188491C19
:106CB000418010BD17B581B0022A03D8BDF8080085
:106CC00004B010BDBDF80800BDF80410C0F3C40343
:106CD000C1F3C40423441F2B00D31F2363F3C70154
:106CE000019143079B0E03EB503301F0070403EBC4
:106CF000C40303EB51333F2B00D33F23DC0864F381
:106D0000020163F34F310191C0F30420C1F3042366
:106D100018441F2800D31F2060F30C210191FF2A83
:106D200007D0DDE901010BF031FA0090BDF8000059
:106D3000C6E7BDF80400C3E717B581B0022A03D83F
:106D4000BDF8080004B010BDBDF80400BDF808107F
:106D5000C0F3C403C1F3C40463435B0963F3C70016
:106D6000C0F30423C1F3042463435B0963F30C20E1
:106D700043074C079B0EA40E03EB503304EB513139
:106D80004B435B0A63F3020043079B0E03EB503354
:106D90004B43990961F34F300190FF2A07D0DDE999
:106DA00001010BF0F3F90090BDF80000CAE7BDF84F
:106DB0000400C7E717B581B0022A03D8BDF8080060
:106DC00004B010BDBDF80800BDF80410C0F3C40342
:106DD000C1F3C4041B1B002B00DC002363F3C701B9
:106DE000019143079B0E03EB503301F0070403EBC3
:106DF000C40303EB5133002B00DC0023DC0864F3F5
:106E0000020163F34F310191C0F30420C1F3042365
:106E1000C01A002800DC002060F30C210191FF2A39
:106E200007D0DDE901010BF0B1F90090BDF80000D9
:106E3000C6E7BDF80400C3E781EA62014840704735
:106E4000F8B5044620460EF0E3FA064620460EF05A
:106E5000A1FA0446304612F07AFF05462B2C2ED0BC
:106E60000A2C2BD16946304612F0DCFF304612F076
:106E7000CFFE04460021284613F0A2FC012828D0AA
:106E8000BDF9001004EBD47001EB600090FBF4F04E
:106E900001B2002900DA00210024284617F0A3FDE2
:106EA000884200D001240022284617F0A1FD002CC2
:106EB00004D000221C2128460EF0AEFAF8BD284668
:106EC00017F091FD01462846BDE8F840002217F072
:106ED0008FBDBDF9001004EBD470C1EB600090FBD6
:106EE000F4F001B2D5E730B58060C06000250561DF
:106EF000002200EB82014D61002100EBC21303EB85
:106F00008104A063491C2029F9DB521C092AF0DB0B
:106F100030BD0146002041F6FF7200E0401C31F90F
:106F200010309342FAD170471CB5044694F85000D3
:106F300000F0010088422FD021B194F8500040F0B9
:106F4000010103E094F8500020F0010184F8501092
:106F500004F14401684609F0DDFD616ABDF80020D6
:106F6000888A1044ADF80000BDF80200C98A0844C0
:106F7000ADF80200606ABDF80410808A0844ADF8DC
:106F80000400606ABDF80610C08A0844ADF8060027
:106F90006946204614F055FA1CBD07B582B011466B
:106FA00003980AF033FF0190BDF8040005B000BD5E
:106FB0002DE9F04387B0684618F086FFBDF8000061
:106FC000012804D11C2269463448F9F74DFBDFF84B
:106FD000CC900021A9F13409314F99F80000DFF875
:106FE000C480314C2D4D40F6AC56012806D0022805
:106FF00029D02180618007B0BDE8F083B9F808008E
:107000000F281DD920F064FA284920F075FA284984
:1070100020F0FCF820F024FA80B22080B04200D9A1
:107020002680A889298A484320F03AFA394620F078
:1070300055F9414620F060FA20F012FA6080DAE754
:1070400021806180D7E7A888012814D02680E889AC
:10705000298A484320F024FA394620F03FF90546B2
:10706000B9F8140020F034FA294620F045FA20F04F
:10707000F7F96080BFE7E889298A484320F010FAD1
:10708000394620F02BF9414620F036FA20F0E8F995
:107090006080B9F816002080ADE7000040030020B2
:1070A00000401C4600C0DA46580000208FC2DD4177
:1070B0000000FA432DE9F04F89B005460E4614460C
:1070C000F07A022803D8012009B0BDE8F08F1846F5
:1070D0003269B168FCF710FE0746380008D0387DE9
:1070E00000F01F000FF011F820B14FF006090CE07E
:1070F0000020E9E7387D00F01F000EF0F6FF10B128
:107100004FF0050901E04FF004093A6A22B1214627
:1071100028461BF0FDFCC0E0B869E8B3214607A88B
:1071200009F0B9FC308818B97088B0F5807F2AD092
:10713000A0882188401A401C01B2E0886288801A29
:10714000401C02B2301D7388CDE90030B6F9003022
:1071500007A8FCF715FABDF81C0021880844ADF813
:107160001C00BDF81E0061880844ADF81E00BDF883
:10717000200021880844ADF82000BDF82200618875
:107180000844ADF8220007AA05A8A968FBF77EFF0E
:1071900080B1D5F8088000E011E005A8A860CDF81E
:1071A0000090224631462846BB690BF05BFDC5F8CE
:1071B000088072E0384601F0D3F9012084E72246C6
:1071C00007A8A968FBF762FF18B3BDF82000BDF857
:1071D0001C10401A401C0FFA80FA0AEB4A0011F00A
:1071E00055F90690D5F808B007A904A809F053FC92
:1071F000012104A809F033FDBDF91C00B4F9001009
:10720000401A0390BDF91E80B4F90200A8EB0004F7
:107210003AE0384601F0A4F9012055E704AA59469E
:1072200001A8FBF733FF68B30698009003980FFAA4
:107230008AF301B222B238460FF07CFB01280CD051
:1072400038460FF0C0FA069811F06EF9384601F092
:1072500087F9C5F808B0002036E701A8A860CDF886
:10726000009004AA31462846069B0BF0FBFCBDF8B3
:107270001200401CADF81200BDF81600401CADF81D
:107280001600641C08F10108BDF922004045C5DA6A
:10729000C5F808B0069811F047F9384601F060F9D2
:1072A000012011E77047000070B505464FF0E0245B
:1072B000002121610020FBF7B1F80949E8080880A6
:1072C000084948434FF47A71B0FBF1F0216941F06D
:1072D000020121616061206940F00100206170BD00
:1072E0006C00002040420F004FF47A71484300F0D8
:1072F00001B8000070B500214FF0E0256C690A4A22
:1073000012885043AB69AA699A42FCD003D2A3EB1E
:107310000203194403E0A4EB020633441944134664
:107320008142F0D370BD00006C00002038B50546E6
:107330000092B1F90240B1F90630B1F90420B1F977
:107340000000214608F090FB2846BDE838400BF0CD
:10735000BFB90120FBF76EBA08B51448416941F086
:1073600001014161406900F0010000901148104A9C
:10737000026010214160002181608023C3600161AF
:10738000416181619901C161106820F001001060C4
:107390000848F9F7BFFF002202210D20FAF754FA3E
:1073A000BDE808400D20FAF742BA00000010024084
:1073B000300002409C0500202DE9F74F0C4698B0A4
:1073C0001146E078022876D916A809F076FBB4F9C0
:1073D0002000012828DD94F82200FD2824D32088ED
:1073E00010B314F8230FBDF858104008C0F3800202
:1073F0001144ADF85810BDF85A10C0F340000844CD
:10740000ADF85A002178BDF85C004908C1F3C0010D
:10741000401AADF85C0014F82319BDF85E00C1F302
:107420004001401AADF85E00189816A9826814A8A9
:10743000FBF72CFE00283ED0E07B00F00705C5B12D
:10744000E0881390BDF84C006189884200D1002586
:1074500016A80CF053F907461C210CA8F9F760F99F
:10746000A0788DF84900BDF84C00ADF838001FB188
:1074700005E060681390E5E7208800B995B194F8BD
:107480000390B9F1FD0F01D34FF0FF0916A809F0E1
:10749000A1FB834616A809F058FB0646B3450DDA52
:1074A00058460CE016A80C90E0788DF848000CA91E
:1074B00018980CF08CFE1BB0BDE8F08F3046B4F984
:1074C00000A0BAEB600F01DB4FEA600A14A809F0D4
:1074D00081FB80464FF0FF300B9000200A90BAF1FC
:1074E000000F00DC7FB1404610F0D0FF0A9000236F
:1074F0000FFA8AF216A904A80CF0A6FB002104A832
:107500000BF0D6FE0B90BDF85000ADF80800BDF8AA
:107510005400ADF80C000A980F9002A80C9011903E
:10752000FF208DF8480032465946A01D0EF086FA1D
:10753000064630000BD0022D09D1BDF95010B068BD
:1075400000EB4100BDF95810A0EB41000D9087B34E
:10755000BDF9524028E027B2ADF80A70ADF80E70C0
:10756000424649460A9811F013F9BDF950100FFA36
:1075700088F33A460A980CF07FF88DF8400001280D
:1075800002D102208DF84000012D08D1BDF95A101A
:10759000B068611A00EB41000088ADF838000CA912
:1075A00018980CF014FE641CBDF95600A042D2DA03
:1075B000BCE0FFE74FF0000B54E0BDF85A00584420
:1075C00004B2BDF85E00A0EB0B0007B2BDF952009B
:1075D000A04203DDBDF95600B84241DB42464946B0
:1075E0000A9811F0D5F8BDF908100FFA88F3224671
:1075F0000A980CF041F88DF84000012802D10220D1
:107600008DF84000BDF95200A04212DCADF80A40EE
:10761000ADF80E40012D08D1BDF95A10B068611ABD
:1076200000EB41000088ADF838000CA918980CF068
:10763000CEFDBDF95600B84212DBADF80A70ADF8C8
:107640000E70012D08D1BDF95A10B068791A00EBFF
:1076500041000088ADF838000CA918980CF0B7FD6F
:107660000BF1010BD345A8DBBDF85800ADF80000C5
:10767000BDF85C00ADF80400BDF85A005044ADF808
:107680000200BDF85E00A0EB0A00ADF806006846F7
:107690000CF034F8074657EA05000DD08DF84890F5
:1076A00001208DF84000BDF95E00A0EB0A0BBDF98A
:1076B0005A0000EB0A0437E0BDF85A005044ADF818
:1076C0000A00BDF85E00A0EB0A00ADF80E008DF8D0
:1076D000489000200F900CA918980CF078FD25E038
:1076E00077B1424649460A9811F052F8BDF9501058
:1076F0000FFA88F322B20A980BF0BEFF8DF8400013
:10770000ADF80A40ADF80E40012D08D1BDF95A1070
:10771000B068611A00EB41000088ADF838000CA990
:1077200018980CF054FD641C5C45D9DD0A9810B122
:107730000A9810F0F9FE0B98401C05D00B980CF03D
:1077400031FB04A80BF0BCFF002E3FF4B4AE304672
:107750000EF06EF9AFE6F0B58FB006460C46154652
:107760002069002871D0A17E02296ED90FF005FC96
:10777000022822D00EA920690FF048F8012864D110
:1077800008A80BF077FAA0788DF82C00208BADF8C4
:107790002800E07E8DF82A00A07E8DF82B00207F47
:1077A0004FF0FF37E0B36888ADF81A000E9907EB89
:1077B00051510844ADF81E00AAE0002741F6FF70C1
:1077C000CDE900700297D4E904123B460EA818F0E8
:1077D00091F9284609F0FEF9298800EBD07001EBF9
:1077E0006001BDF9380000EBD072A1EB6201ADF889
:1077F00030100844401EADF83400284609F0A5F9C1
:10780000698800EBD07001EB6001BDF93A0000EB34
:10781000D072A1EB6201ADF832100844401E00E0C6
:1078200015E0ADF8360004A80BF0E0FC60690490A8
:10783000208BADF81C00A07E8DF82A0000970CAAC2
:1078400004A9304623690BF02FFA0FB0F0BD28468B
:1078500009F0C0F9298800EBD07001EB60000E99A7
:10786000C1F38A21A0EB5100ADF81800284609F0B9
:107870006CF9698800EBD07001EB60010E98A1EB08
:107880009051ADF81A10BDF81830C0F38A22521E7C
:107890001A44ADF81C2007EB50500844ADF81E0008
:1078A00006AA08A9304623690BF0B4F9CDE7288869
:1078B000ADF818000E99C1F38A21491E0844ADF8AD
:1078C0001C0012E006AA08A9304623690BF0A2F9B1
:1078D0000E98BDF81810C0F38A200144ADF81810B6
:1078E000BDF81C100844ADF81C00BDF91800B5F92E
:1078F00004108842E6DDBDF81A100E9801EB5051D5
:10790000ADF81A10BDF81E1001EB5050ADF81E0076
:10791000BDF91A00B5F906108842C8DD95E72DE9D2
:10792000F04186B007460C46164694F8220002281D
:1079300074D9208C002871D094F8230010F03E0FE9
:107940006CD0C0076AD1304609F044F98046304611
:1079500009F0FBF8B4F90050804500DA4046B5EB79
:10796000600F00DD4510314604A809F0A6F894F830
:107970002300BDF91020C0F34401480702D5B4F933
:10798000200003E0B4F92000284440421044ADF840
:107990001000BDF91420080702D5B4F9200003E057
:1079A000B4F9200028444042101AADF8140094F8AD
:1079B0002300BDF912104008800702D5B4F9200059
:1079C00003E0B4F92000284440420844ADF8120016
:1079D00094F82300BDF916104008C00702D0B4F98E
:1079E000200003E0B4F9200028444042081AADF812
:1079F0001600208C281A00B2002800DA0020A17896
:107A000094F82220CDE90221E18BADF8041000901A
:107A10002BB204AA3146384600F003F806B0BDE8A0
:107A2000F0812DE9FF4F9DB00C46DDE92C6A2A9FBD
:107A300015469946FF2E00D3FF2620460BF05EFE2A
:107A4000804648EA0900384371D01D982146826873
:107A50001BA8FBF71BFB002870D01BA809F0BAF885
:107A60001A901C2113A810F0C0FE1A9810F00EFDF9
:107A700016904FF0FF301290B9F1000F0ADD00238D
:107A80004A4621460CA80CF0DFF800210CA80BF0A8
:107A90000FFC129001233A46294606A80CF0D4F8B0
:107AA000002106A80BF004FC059003A81390189081
:107AB000BDF8AC00ADF854008DF864608DF865A099
:107AC000B4F90000B5F900104844884200DC0846CB
:107AD000ADF80400B4F90400B5F90410A0EB0900F6
:107AE000884200DB0846ADF80800B4F90200B5F999
:107AF00002104844884200DC0846ADF80600B4F99C
:107B00000600B5F90610A0EB0900884200DB084624
:107B1000ADF80A0001A809F05DF8B4F90210B5F952
:107B2000022091420DDC01270CE000E006E0009607
:107B30002A4621462B9B1D9800F0E3F921B0BDE8B1
:107B4000F08F0027B4F90610B5F90620914201DB49
:107B5000012600E00026B8F1000F43D0BDF86C000C
:107B6000ADF80C00BDF87000ADF81000BDF96E4026
:107B700021E01FB9BDF90600A0421BDC1EB9BDF90A
:107B80000A00A0421BDB25B2ADF80E50ADF8125032
:107B90001A99169810F051FE1A9ABDF96C1013B28A
:107BA0002A4616980BF068FD8DF85C0013A91D9805
:107BB0000CF00DFB641CBDF97200A042D9DA06A8D6
:107BC0000BF07EFD05980CF0EDF81298401C05D0E6
:107BD0000CA80BF075FD12980CF0E4F8169810F054
:107BE000A3FCABE7B4F90010B5F90020914202DC28
:107BF0004FF0010A01E04FF0000AB4F90410B5F9A2
:107C00000420914202DB4FF0010801E04FF0000830
:107C10004FF0010B0AEA08013940314203D0322803
:107C200001DA4FF0000B01208DF85C0017EA0B0F12
:107C300012D0BDF80400ADF80C00BDF80800ADF896
:107C400010006088ADF80E006888401EADF8120084
:107C500013A91D980CF0BBFA16EA0B0F12D0BDF851
:107C60000400ADF80C00BDF80800ADF81000E8887D
:107C7000401CADF80E00E088ADF8120013A91D9865
:107C80000CF0A5FABAF1000F12D02088ADF80C0064
:107C90002888401EADF81000BDF80600ADF80E00B3
:107CA000BDF80A00ADF8120013A91D980CF08FFA68
:107CB000B8F1000F12D0A888401CADF80C00A088C5
:107CC000ADF81000BDF80600ADF80E00BDF80A00D2
:107CD000ADF8120013A91D980CF079FABBF1000F52
:107CE0000CD0BDF86C00ADF80C00BDF90400BDF976
:107CF0007010421E91424DDA08464CE0BDF86C000F
:107D0000ADF80C00BDF87000ADF81000B4F9020039
:107D1000B5F90210401A484500DB81460FFA89F890
:107D2000002534E06088284406B2E088401B07B292
:107D3000BDF96E00B04203DDBDF97200B84225DB2B
:107D40001A99169810F079FD1A9ABDF90C1013B211
:107D5000324616980BF090FC8DF85C00BDF96E0071
:107D6000B04207DCADF80E60ADF8126013A91D98A3
:107D70000CF02DFABDF97200B84207DBADF80E70B9
:107D8000ADF8127013A91D980CF021FA6D1C454531
:107D9000C8DBA6E0401EADF8100003A808F01AFFEB
:107DA0008146B9F1000F42DD5AEA07001DD0BDF946
:107DB0006E4016E025B2ADF80E50ADF812504946AF
:107DC000169810F03AFDBDF90C104B462A4616984D
:107DD0000BF052FC8DF85C0013A91D980CF0F7F91C
:107DE000641CBDF90600A042E4DC5AEA060A1ED073
:107DF000BDF90A40641C16E025B2ADF80E50ADF88E
:107E000012504946169810F018FDBDF90C104B465B
:107E10002A4616980BF030FC8DF85C0013A91D98CB
:107E20000CF0D5F9641CBDF97200A042E4DABDF98A
:107E30000800BDF96C10421C914201DD084600E0CB
:107E4000401CADF80C00BDF87000ADF8100003A8A0
:107E500008F0C0FE8146B9F1000F42DD58EA070084
:107E60001DD0BDF96E4016E025B2ADF80E50ADF84C
:107E700012504946169810F0E0FCBDF90C104B4624
:107E80002A4616980BF0F8FB8DF85C0013A91D9894
:107E90000CF09DF9641CBDF90600A042E4DC58EA30
:107EA00006081ED0BDF90A40641C16E025B2ADF8E4
:107EB0000E50ADF812504946169810F0BEFCBDF9B0
:107EC0000C104B462A4616980BF0D6FB8DF85C003A
:107ED00013A91D980CF07BF9641CBDF97200A04237
:107EE000E4DA06A80BF0ECFB05980BF05BFF0CA89E
:107EF0000BF0E6FB12980BF055FF169810F014FBF0
:107F00001CE62DE9FF478AB08246169E0C461546B0
:107F10001C2101A810F069FC08A80190BDF83400EC
:107F2000ADF80C008DF81C60B4F90200B5F9021030
:107F3000884201DC012600E00026B4F90600B5F90C
:107F40000610884201DB012700E00027B4F9001089
:107F5000B5F90000814202DC4FF0010801E04FF06A
:107F60000008B4F90400B5F90420904202DB4FF098
:107F7000010901E04FF00009ADF82010A088ADF82C
:107F800024006088ADF822006888401EADF8260005
:107F90001EB101A950460CF01AF9E888401CADF852
:107FA0002200E088ADF826001FB101A950460CF070
:107FB0000EF92088ADF820002888401EADF8240076
:107FC00016B1B5F9020001E0B4F90200ADF82200E3
:107FD00017B1B5F9060001E0B4F90600ADF82600C6
:107FE000B8F1000F03D001A950460CF0F0F8A888B2
:107FF000401CADF82000A088ADF82400B9F1000FB6
:1080000003D001A950460CF0E2F80EB0BDE8F087AD
:108010002DE9F04F91B006468B469146A9F57F4079
:10802000FF3844D0746AB4F82080984504D0238483
:10803000608C40F0040060844FF4802A5146204652
:1080400012F05CFE07465146204612F087FE0546B8
:10805000B7F90870304605F097FDB0F91610781999
:1080600009FB001105EBD570A1EB6000ADF83E00F7
:1080700038446D1E2844ADF84200706A818AADF81C
:108080003C10008BADF8400001A80BF0AFFE01AA38
:108090005146204613F033F80FAA01A958460BF0B9
:1080A00091FEA4F82080608C20F00400608411B060
:1080B000BDE8F08F2DE9F0438DB006460D469046A1
:1080C000A8F57F40FF3856D0746A278C9F4204D0B1
:1080D0002384608C40F00400608405A80BF086F8CF
:1080E0004FF4802905AA4946204612F0B7FF4946B9
:1080F000204612F033FEADF82600304605F044FD70
:108100000646300037D00598B0F90800B6F91620B9
:10811000BDF926100B1808FB032201EBD173A2EB6B
:108120006302ADF80E201144401E0844ADF8120061
:10813000A08AADF80C00208BADF8100003AA01A8AE
:10814000A968FAF7A3FF88B1D5F8088001A8A8604C
:1081500030460FF0F1FB03460020009006F11402B8
:1081600005A928460AF0A0FDC5F808802784608C80
:1081700020F0040060840DB0BDE8F0832DE9F041EB
:108180000746284E70680AF0BCFA04463868856BCA
:10819000E96A09B128468847206850B1606828B963
:1081A00007E070680068816A01B18847206900288B
:1081B000F7D10121216170680068C0688269D20727
:1081C00004D08069800701D5616101E00020606111
:1081D000606908B1012600E000263868416971B184
:1081E000016911F0300F06D0490704D5D5E9001018
:1081F00000F01AF803E0D5E90021FEF78DF92068B8
:1082000000280BD06168002908D03A68127CB2437C
:10821000D20703D1A268824202D1A160BDE8F081F9
:10822000A060FBE7440100202DE9F34F83B0044632
:10823000724841680D682869820701D542076ED4EB
:10824000C0F3011002281BD0012801D0032866D1F9
:108250000020029008460AF054FA8046A08821883F
:10826000401A401C06B2204608F063FC82464FF4D8
:10827000A051B1FBF6F252450FDAB1FBF6F00DE07A
:1082800021462846049A00F0C5F8049A05B0214614
:108290002846BDE8F04FFEF73FB950460190B4F9CB
:1082A00002B0287CC0F30110012806D0208860802D
:1082B000711E0844E080002790E068882188401AF9
:1082C000401EE080801B401C6080F4E70199AAEB0F
:1082D0000700884200DD01980FFA80F90120C8F8F4
:1082E000100027BBB24522DBB146287CC0F3011049
:1082F000032812D000203146049A00F0E9F8287CC7
:10830000C0F3011001280BD02888A0EB0B00401E01
:10831000A080801B401C20802CE00120EBE769E05E
:10832000A4F800B00BEB0600401EA08022E00298EB
:1083300020B94FF4205010F0A9F802900298009054
:10834000287CC0F30110032823D000204A46314680
:10835000049B00F093F8287CC0F3011001281AD088
:108360002888A0EB0B00C01B401EA080A0EB0900DA
:10837000401C20804F44574514DBD8F81800C00734
:1083800010D0D8F8180080070CD50120C8F81400C8
:108390000BE00120DAE70BEB070020804844401E89
:1083A000A080E7E70020C8F81400029828B1029ADC
:1083B00021462846FEF7B0F805E0049AF8E7A96AD6
:1083C00009B128468847D8F810000028F7D1049949
:1083D00006FB09F001EB400004903FB25745FFF661
:1083E00075AF0298002805D0029805B0BDE8F04F9F
:1083F00010F09AB805B0BDE8F08F000044010020ED
:1084000030B504880D880580108808801888108091
:108410001C8030BD2DE9F84307460C469046A088E5
:108420002188401A401C05B2204608F082FB4543D3
:108430006D1E00200AE008EB45010B88009308EB55
:10844000400632880A8033806D1E401C8542F2D877
:10845000E08879886288891A491EE1807988081A3B
:10846000401E6080A08839882288891A491EA18010
:108470003988081A401E2080BDE8F8832DE9F047AE
:10848000089F01FB02F8A8F10108A1F1010909FB0D
:1084900002F9002618E009EB060408B1A8EB040471
:1084A00000250DE09C4607EB440ABCF800C09B1C6D
:1084B000AAF800C008B1144400E0A41A6D1C2DB243
:1084C0008D42EFDB761C36B29642E4DBBDE8F087E6
:1084D0002DE9F04781460C461646002704EBD47A76
:1084E00039E00025601C00EBD0782FE0E01B401E37
:1084F00001B2601B401E00B2B9F1000F12D005FBA3
:10850000041201FB040106EB420300FB047006EBBE
:10851000410206EB400107FB045006EB4000FFF769
:108520006FFF11E000FB047201FB040006EB420345
:1085300006EB400205FB041006EB400107FB04506C
:1085400006EB4000FFF75CFF6D1C2DB2B5EB680F2A
:10855000CCDB7F1C3FB2B7EB6A0FC2DBBDE8F08714
:108560000EF031B92DE9F0479CB0054628460CF0D5
:108570004FFF044628460CF013FF8246606A0FF056
:10858000DBF9054694F85000C00777D00EA80BF031
:108590002DFC4FF4E0290EAA4946204612F0AFFD0B
:1085A00004F144010CA808F0B5FA606ABDF8301077
:1085B000828A1144ADF83010BDF83210C08A0844E8
:1085C000ADF83200606ABDF83410808A0844ADF816
:1085D0003400606ABDF83610C08A0844ADF8360031
:1085E0000CAA0EA950460BF0EDFB4946204612F0AE
:1085F00031F906464946204612F042FA87194946A3
:10860000204612F0ECFA00EB060800260A960B96BC
:108610001C49E06C0968284488470246E06C41190F
:108620000AA810F008F8BDF830003844ADF8300062
:10863000BDF832004044ADF83200606A40F2574263
:10864000314612F0D3FA0090099001A80AF0CEFD4D
:1086500001AA4946204612F001FD9DF83B00022880
:1086600005D8BDF81000BDF82410884206D00AAB2A
:108670000CAA01A9504600960AF016FB1CB0BDE8F2
:10868000F0870000FC0100202DE9F14F96B016980C
:108690000CF080FE064616980CF0BAFE0446122E28
:1086A0007ED0152E01D0182E7BD10021204612F04D
:1086B0009BFBE18E41430F120021204612F071FB1B
:1086C000218E01EB000A204612F0BFFB13902046DA
:1086D00011F0FBFA12902046002141F2320212F012
:1086E00085FA0C9005462046002141F6120212F050
:1086F0007DFA01460C9048190FFA80F820460021B7
:1087000041F6130212F072FA01460C9048190FFA62
:1087100080FB2046002141F6100212F067FA014664
:108720000C9048190FFA80F92046002141F61102F9
:1087300012F05CFA01460C90481905B2608E404474
:10874000ADF84400A08E4844ADF8460094F83900D6
:1087500000F0030001287DD011A9B8B2CDE90001D5
:10876000DDE912210FFA8AF30FA8FAF709FFBDF825
:108770003C10A08A0844ADF83C00BDF83E10E08AE9
:108780000844ADF83E00BDF84010A08A0844ADF89A
:108790004000BDF84210E08A0844ADF8420001E014
:1087A0006FE06BE004F1140115910DA8149108F02D
:1087B0009FF90FA9149808F09BF9DA48169911F05F
:1087C00081F901285AD10DA9159808F091F9152EB3
:1087D00054D1E08D002851D0A08D00284ED0002F1C
:1087E0004CD016980CF0DCFD06460BA8159908F045
:1087F0007FF920460EF0EAF90A9094F8390000F06B
:10880000030001287DD0BDF84000BDF83C10401A9F
:10881000BDF82C100844ADF83000BDF84200BDF89A
:108820003E10401ABDF82E100844ADF83200BDF8D5
:108830002C004044ADF82C00BDF82E004844ADF8A3
:108840002E00BDF83000A0EB0B00ADF83000BDF8F5
:10885000320000E095E0401BADF8320094F838009B
:1088600000F0030101297DD08007FCD002297AD0D5
:10887000002319463046159A0AF0CCF917B0BDE826
:10888000F08F16980CF0C2FD054628780228F5D026
:1088900094F838004FF00106C14389070BD000F06F
:1088A0000301022907D0C0F38400042805D0012861
:1088B00003D02E70E2E72E70E0E72046002146222A
:1088C00012F094F91390C0B2FF2801D02E70D5E7B2
:1088D0000021204612F065FA218E084408B12E705E
:1088E000CCE70021204612F07FFAE18E41430F12BF
:1088F00016980CF08BFD8046B7F5807F37D0204668
:1089000000E043E011F0E1F98146204612F09DFAC3
:10891000014604F13200BAB2CDE9002000234A46F4
:1089200012A8FAF72DFEBDF84800A18A0844ADF858
:108930004800BDF84A00E18A0844ADF84A00BDF895
:108940004C00A18A0844ADF84C00BDF84E00E18A05
:108950000844ADF84E00002212A94046FAF7BEFBCB
:10896000002801E040E0CBE088D12E7086E70022AD
:1089700004F114014046FAF7B1FB00289AD12E7099
:108980007CE70FA9204611F060F908E7B4F92C0044
:10899000BDF92810401A401C00EBD070BDF82C1017
:1089A0004010091AADF82C10BDF83010081AADF8B7
:1089B0003000B4F92E00BDF92A10BDF82E20401A5F
:1089C000401C00EBD070A2EB6000ADF82E00B4F9B3
:1089D0002E00401A401CBDF8321000EBD070A1EB05
:1089E0006000ADF8320022E704A80AF043F904AAB7
:1089F0000021204612F0E6FAADF81270ADF810A092
:108A0000608EADF81400A08EADF8160094F8380012
:108A1000C0098DF82400BDF83C004044ADF80800C2
:108A2000BDF83E004844ADF80A00BDF84000A0EB98
:108A30000B00ADF80C00BDF84200401BADF80E0075
:108A4000B56802AA294602A8FAF720FB00288DD0B3
:108A500002A8B060BDF92E10608D084400B2ADF8D8
:108A60000200884203DDE18D401AADF80200BDF836
:108A70000200E18D0844401EADF8060038E0BDF963
:108A80002C10208D084400B2ADF80000884203DDB0
:108A9000A18D401AADF80000BDF80000A18D08447A
:108AA000401EADF8040011E06A4604A93046636A2E
:108AB0000AF0B0F8BDF80010BDF828000144ADF888
:108AC0000010BDF804100844ADF80400BDF9000022
:108AD000BDF930108842E7DBBDF80210BDF82A006E
:108AE0000144ADF80210BDF806100844ADF80600C8
:108AF000BDF90200BDF932108842C0DBB560BDE6A9
:108B000002A80AF073FB02AA0021204612F0A6FA7E
:108B100000200090636A02A93046159A0AF0C4F852
:108B2000ACE60000047D02082DE9F04FD3B0054605
:108B300028460CF06DFC044628460CF031FC5190A0
:108B40004FA9204611F081F82046002140F60A0284
:108B500012F04CF8054612902046002140F60B0218
:108B600012F044F81290BDF83C11491BADF83C11CD
:108B7000BDF840112944ADF84011BDF83E11091A65
:108B8000ADF83E11BDF842110844ADF842014FA8BE
:108B900008F032F84E904FA807F0E9FF8246D4E97A
:108BA0000A01A1EB00084E9A524501DB012700E0C3
:108BB000002700224D9294F85C2002F00302012A63
:108BC00008D1002806DA002904DD216B814201D199
:108BD00001204D900021204611F028FF4C900021EB
:108BE000204611F070FF4B900021204611F0C6FF87
:108BF0004A900021204611F0B7FE499004F134005C
:108C00004FA9529007F062FFA18E4C980844A086AD
:108C1000218F4B98081A2087E18E4A980844E086F5
:108C2000618F4998081A608777B1529807F09FFFC3
:108C3000042809DA0AEBDA704010E18A801E084441
:108C4000E086001D60870FE077B9529807F0D4FFE7
:108C5000042809DA4E98A18A00EBD0704010801EDB
:108C60000844A086001D2087529807F0C5FF489051
:108C7000529807F07CFF4790002F02D0DDF820913A
:108C800001E0DDF81C9105D0529D04F13806DE4864
:108C9000459005E004F1360504F13A06DB484590BD
:108CA000A26D501C18D0216DA06A091A01FB09F1B0
:108CB00091FBF8F109B2636D181A00FB09F090FB03
:108CC000F8F000B2401A5043C21700EB12600012D5
:108CD000084400B2469008E0216BA06A081A00FB25
:108CE00009F090FBF8F000B24690A26C501C18D02E
:108CF000216CA06A091A01FB09F191FBF8F109B294
:108D0000636C181A00FB09F090FBF8F000B2401AEF
:108D10005043C21700EB126001EB20200FFA80FBDA
:108D200008E0D4E90910081A00FB09F090FBF8F0FC
:108D30000FFA80FB2046002141F26A4211F056FFF3
:108D40001290C0B267B101280AD1284635460646BE
:108D5000CBF100000FFA80FB4698404200B24690EB
:108D60003FB1288858443080298846980844288094
:108D700008E03088A0EB0B00401C28803188469822
:108D8000081A30804D9838B3A06A404200FB09F0C1
:108D900090FBF8F000B25FB12988084400B2B6F940
:108DA0000010814201DD288016E02980308013E028
:108DB0003188081A401C00B2B5F90010814201DD6B
:108DC000308001E031802880B6F90010B5F900004C
:108DD000814201DA298030808D4E4D984FF4003564
:108DE0004FF00008D8B9459A52989047012816DCF0
:108DF00001A8519910F05EFC0E950296CDF80C80FA
:108E00005298049001AA1A2120460CF005FB01AAF1
:108E10001B2120460CF000FB53B0BDE8F08F43A8A7
:108E2000529907F053FE35A80AF0E0FF35AA29460B
:108E3000204612F064F923A8519910F03BFC3095BC
:108E40002496CDF8948035A827905298269023AA8E
:108E50001A2120460CF0E0FA20466022414611F02B
:108E6000C5FE129006B24E98504501DA4E9800E0C9
:108E70005046B6EB600F00DD4610BDF9D45047995F
:108E80004898884201DA489800E04798B5EB600FAF
:108E900000DD45102FB1529807F0AEFEB0EB450F44
:108EA00006DCE7B9529807F062FEB0EB450F16DD1D
:108EB0009DF8D7509DF8EE909DF8F6B08DF8D780CC
:108EC0008DF8EE808DF8F68035A9529A51980AF007
:108ED00079FF8DF8D7508DF8EE908DF8F6B0A18A15
:108EE0004C980844ADF86C00218B4B98081AADF8EB
:108EF0007000E18A4A980844ADF86E00618B499889
:108F0000081AADF87200002332461BA91DA80AF00A
:108F10009BFE00211DA80AF0CBF906469DF8F650ED
:108F20008DF8F6808DF80A814FA919A807F0CEFDBB
:108F3000BDF864104C980844ADF86400BDF86610A4
:108F40004A980844ADF86600BDF868104B98081AB6
:108F5000ADF86800BDF86A104998081AADF86A00C3
:108F600087B119A807F003FE04280BDA0AEBDA70C0
:108F70004010E18A801E0844ADF86600001DADF87F
:108F80006A0011E087B919A807F036FE04280BDA49
:108F90004E98A18A00EBD0704010801E0844ADF8B6
:108FA0006400001DADF86800BDF9D420002313A8AB
:108FB00052990AF049FE002113A80AF079F90746F0
:108FC00019AA35A951980AF0FDFE8DF8F6508DF8D2
:108FD000D7808DF8EE808DF80A8135A9529A519884
:108FE0000AF0F0FE13A80AF06BFB1DA80AF068FB5C
:108FF00038460AF0D7FE30460AF0D4FE23AA1B21D9
:1090000020460CF009FA07E7F90B01086F0B01087D
:109010005C7C02082DE9F047B0B0054628460CF00C
:10902000F7F9044628460CF0BBF907460021204614
:1090300011F0CDFB0546204611F007FF8046204683
:1090400010F043FE804501DB012600E0002606B952
:1090500040468046002094F85C1001F0030101298D
:1090600006D1A16A002903DAE16A002900DD0120A6
:109070000EB348B1606A002813DB012D0ED0B4F99D
:109080003800ADF8B80025E0012D04D0B4F938005F
:10909000ADF8B8001EE0B4F93400F9E7B4F93400D3
:1090A000EFE7012D02D0B4F9340001E0B4F9380043
:1090B000ADF8B8000EE030B1606A002807DBE08E42
:1090C000ADF8BA0006E0E08EADF8BA0002E0608FBD
:1090D000ADF8BA0020A80AF089FE4FF4403920AA62
:1090E0004946204612F00BF8334642462EA9204648
:1090F00017F0EFFE04F168002EA9824607F001FD8B
:1091000039460EA810F0D6FACDF86C9035480F907D
:10911000002010901C90CDF844A00DF18009CDF8EE
:109120004890204614F02EFC022811D00EAA1A21D5
:1091300020460CF071F9524620A938460AF042FE4A
:109140000EAA1B2120460CF067F930B0BDE8F0876D
:10915000382220A968460FF06EFA0EAA1A2120467E
:109160000CF05AF9524620A938460AF02BFE0EAAF6
:109170001B2120460CF050F94EB1012D02D0B4F95C
:10918000340001E0B4F93800ADF8B80002E0608FB7
:10919000ADF8BA00334642462EA9204617F099FE94
:1091A00004F160002EA9054607F0ABFC38226946A1
:1091B00020A80FF040FA012010901195CDF84890AA
:1091C0001C900EAA1A2120460CF026F92A4620A946
:1091D00038460AF0F7FD0EAA1B2120460CF01CF9B8
:1091E000B3E70000747D02082DE9F0438FB0044618
:1091F00020460CF00DF90546284610F0A8FD07465C
:1092000007A809F0F3FF07AA0021384611F026FF4E
:1092100020460CF0C5F80446A1680E4607F114027A
:1092200005A8F9F733FF002850D005A8A06003A9CE
:10923000384604F03BFFA88AADF80400E88AADF890
:109240000600288BADF80800BDF80E00ADF80A0046
:1092500001AA01A8A168F9F719FF4FF000080DF164
:10926000040978B1A768C4F8089028460EF064FB9A
:10927000034605F1140207A92046CDF8008009F045
:1092800013FDA760A88AADF80400BDF81200ADF880
:109290000600288BADF80800688BADF80A0001AA1B
:1092A00001A8A168F9F7F2FE78B1A768C4F80890A0
:1092B00028460EF041FB034605F1140207A920469B
:1092C000CDF8008009F0F0FCA760A6600FB0BDE803
:1092D000F08300002DE9FF4F97B00D46249F987B47
:1092E00000F00F06A97E032E00D10426012E1AD00D
:1092F000022E20D0042E26D0082E71D1DFF89482C1
:109300004FF0FF097201FD2936D2DFF88CC29CF8BC
:109310000000884203D1DCF80400B04226D00020CF
:10932000DFF878A220E0DFF86C82A8F116084FF091
:1093300080090222E7E7DFF85C82A8F114084FF009
:10934000C0090422DFE7DFF84C82A8F110084FF0D3
:10935000F0091022D7E718F80040FF2C1ED04C432C
:10936000240A0AF80040401C9042F4D3DFF82C8213
:109370008CF80010CCF80460DC881494B3F808A0D2
:10938000149C74431998B0F9001017988068B0F9CC
:109390000020914204DB4FF0000B03E00C46E0E7B5
:1093A000A2EB010B149A8B18B0F90420934201DC54
:1093B000149901E0511A491C13911999B0F902202E
:1093C000B1F90210914201DB002200E0521A129220
:1093D000B0F9060001EB0A02824202DC504602E0CC
:1093E000D4E0401A401C1190129860430BFB060019
:1093F00007EBD00700F007041C210AA80FF0F5F9CD
:10940000A889ADF83000A87E8DF84000A87FC0F391
:10941000C2008DF84100FBF7ADF909F075F9149918
:1094200001FB0AF1814200DC0846099009980FF01F
:109430002DF88246CDF834A00025199800885844AC
:10944000ADF81C0019990A881399491E1144ADF80A
:109450002010199A5388129A1A44ADF81E20ADF8BC
:1094600022200B1A5B1C1BB20693ADF81000ADF85E
:109470001220ADF8141011981044ADF8160004A88D
:109480000AF03CF9039007A80A900F90C6F1080073
:109490000290149800EB0B011398081A7043019086
:1094A000129815905BE02B4629FA04F059461BE010
:1094B0003A78DDF808C00240ACEB040C22FA0CF25A
:1094C00022B118F802200AF8052002E000220AF86A
:1094D0000520029A944202D23444F04002E0002473
:1094E00048467F1C6D1C491C139A9142E0DB03988F
:1094F00080B10AEB0300BDF91C10BDF922201690C3
:10950000069B0AF0B9F88DF8380018B90699169834
:109510000FF06BF91398A0EB0B00411909988142E9
:1095200005D2BDF82200401CADF822000EE002205A
:109530008DF838000AA917980AF049FEBDF82200F4
:10954000401CADF81E00ADF8220000250198204413
:1095500007EBD00700F007041598401C15901199EF
:10956000159888429FDBBDF91E10BDF9220081428B
:1095700009D0401EADF8220002208DF838000AA95B
:1095800017980AF024FE50460EF0CEFF1BB0BDE83F
:10959000F08F0000AE780208580100202C9E0020B9
:1095A0002DE9F04F89B083460C46B4F90200401E05
:1095B000411000F001004618B2F90000B3F9005064
:1095C000A84200DB2846ADF81C00B2F90000B3F950
:1095D0000030984200DC1846401EADF8200050884C
:1095E000801BADF81E0050880844ADF8220007A982
:1095F00007A8DBF80820F9F749FD002820D0E0880B
:1096000018B1A08808B1012700E00027012607A8AB
:109610000AF074F808B1002601E007B100261C2109
:1096200068460FF0E2F807AD00952088ADF8080015
:10963000207A8DF8180036B1694658460AF0C7FD01
:1096400009B0BDE8F08FBDF82010BDF91C00091A63
:10965000491C0EB2BDF922A0BDF81E10ADF82210B3
:109660004FF0000947B1B4F90610B4F904201144D1
:1096700090FBF1F201FB120930460EF007FF804625
:10968000CDF80C800595BDF91E503DE031464046B1
:109690000FF0D3F8BDF91C1033B22AB2404609F0DE
:1096A000EBFF8DF8100007B3F8B14846002117E032
:1096B000B4F90420824205DB121A114409B21044A5
:1096C00000B209E0B4F906301A44824201DC0020FD
:1096D00002E0002208F80120491C09B2401C00B237
:1096E000B142E5DB02208DF81000694658460AF0C9
:1096F0006EFDBDF81E00401CADF81E00BDF8220036
:10970000401CADF822006D1C5545BFDD40460EF0F3
:109710000BFF95E72DE9FF4FBDB0B2F90200B3F999
:10972000021088420ADAADF8F200ADF8EE101088A7
:10973000ADF8F0001888ADF8EC0009E0ADF8F210D3
:10974000ADF8EE001888ADF8F0001088ADF8EC0028
:10975000BDF9ECA0BDF9F060AAEB0604BDF9EEB0CE
:10976000BDF9F270ABEB0705002C01DD204600E0EF
:109770006042002D01DD294600E06942884201DD9A
:10978000012000E000203A903E98B0F902103A988B
:1097900068B1002D01DD284600E068424201002C3E
:1097A00001DD204600E0604292FBF0F00CE0002C6E
:1097B00001DD204600E060424201002D01DD284627
:1097C00000E0684292FBF0F0AE4A105C48433F3044
:1097D000C0114FEA600800F0010101EB080956458D
:1097E00001DA314600E05146A1EB0001ADF8E0108E
:1097F00001DD314600E051460144ADF8E4105F451B
:1098000001DA394600E05946A1EB0001ADF8E2105B
:1098100001DD394600E059460844ADF8E6003D98C0
:1098200038A9826838A8F9F731FC00287ED03A9927
:109830000020C9B3002C1BDDABEB080109B2CDE958
:109840000010A7EB080002B2534631462DA80AF0DB
:1098500011F80BEB0901012009B2CDE9001007EB6B
:10986000090002B25346314622A80AF003F835E057
:109870000BEB090109B2CDE9001007EB090002B2B8
:10988000534631462DA809F0F5FFABEB0801012046
:1098900009B2CDE90010A7EB080002B253463146E9
:1098A00022A809F0E7FF19E0FFE7CDE900B00AEBD5
:1098B000090003B206EB090001B23A462DA809F0EF
:1098C000D9FF0120CDE900B0AAEB080003B2A6EB56
:1098D000080001B23A4622A809F0CCFF00212DA8C9
:1098E00009F0E6FC0B90002122A809F0E1FC0A90A7
:1098F0004FF0FF38CDF824803E98407AC00625D43A
:109900003819032100B2CDE90001701B03B23A46B9
:10991000314617A809F0AEFFBDF9EE20022011195B
:1099200009B2CDE90010BDF9EC1000E0A7E0481B3A
:1099300003B20CA809F09EFF002117A809F0B8FC9B
:10994000099000210CA809F0B3FC8046BDF8E400A2
:10995000BDF8E010401A401C06B2FAF70BFF08F001
:10996000D3FE074638A807F00EF9B84203D238A84C
:1099700007F009F9074638460EF088FD8146BDF923
:10998000E6A0BDF8E200ADF8E600002439464846FE
:109990000EF053FF1C2102A80EF027FF38A90291F8
:1099A0003E980088ADF810003E98007A8DF82000AF
:1099B000CDF814900791BDF9E2502DE009EB040BAE
:1099C000BDF9E01033B22AB2584609F055FE8DF8C1
:1099D000180018B9584631460EF007FF3444A01954
:1099E000B84205D2BDF8E600401CADF8E60012E032
:1099F00002208DF8180002A93D980AF0E8FBBDF896
:109A0000E600401CADF8E200ADF8E600002439465F
:109A100048460EF012FF6D1C5545CFDDBDF9E21032
:109A2000BDF9E600814209D0401EADF8E6000220F3
:109A30008DF8180002A93D980AF0C9FB48460EF0BF
:109A400073FD2DA809F03CFE22A809F039FE099803
:109A5000401C02D017A809F033FEB8F1FF3F02D036
:109A60000CA809F02DFE0B980AF09CF90A980AF050
:109A700099F909980AF096F940460AF093F941B02D
:109A8000BDE8F08FAE7902082DE9F04F89B083462A
:109A90000C46B4F90200401E411000F001000844D9
:109AA0001588281AADF81C0010880844ADF820006D
:109AB000B2F90200B3F90210884200DB0846ADF8A3
:109AC0001E00B2F90200B3F90210884200DC084619
:109AD000401EADF8220007A907A8DBF80820F9F717
:109AE000D5FA002820D0E08818B1A08808B1012755
:109AF00000E00027012507A809F000FE08B10025B5
:109B000001E007B100251C2168460EF06EFE07AE8D
:109B100000962088ADF80800207A8DF8180035B13D
:109B2000694658460AF053FB09B0BDE8F08FBDF80E
:109B30002000BDF81C10401A401C0FFA80F8BDF937
:109B40002290BDF81E00ADF8220040460EF09EFCAB
:109B50008246CDF80CA00596002557B1B4F9060051
:109B6000B4F904100844BDF91E1091FBF0F200FB9B
:109B70001215BDF91E602FE0414650460EF05DFE05
:109B8000BDF91C100FFA88F332B2504609F074FD8B
:109B90008DF810008FB170B1B4F90400A84202DA58
:109BA00000208DF81000B4F90600B4F90410084440
:109BB000A84200DC00256D1C2DB2694658460AF00B
:109BC00006FBBDF81E00401CADF81E00BDF82200CB
:109BD000401CADF82200761C4E45CDDD50460EF0FF
:109BE000A3FCA1E77CB5054628460BF011FC446AAE
:109BF00028460BF0D5FB0546626A68461432A96810
:109C0000F9F744FA00283BD0AE68C5F808D094F8BC
:109C10003C00800627D5628FE08E82420BD1212343
:109C200029462046FEF7F4F9628F21232946204673
:109C3000FEF740FA23E0202329462046FEF7E8F904
:109C4000628F202329462046FEF734FAE28E012354
:109C500029462046FEF7DCF9E28E012329462046FC
:109C6000FEF728FA0BE0628F202329462046FEF7F4
:109C7000CFF9628F202329462046FEF71BFAAE60FB
:109C80007CBD00002DE9F04FCDB0054628460BF015
:109C9000BFFB0446208E002871D028460BF080FBC5
:109CA0004C90608C40F0040161844AA920460FF07A
:109CB000CCFF00260027B4F8208000252584608C86
:109CC00040F00401618424A80AF090F81CA809F06F
:109CD0008DFA4FF4A02924AA4946204611F00FFA24
:109CE0001CAA4946204611F0B9F9608C20F0040105
:109CF0006184A4F820800021204610F046FF1B90CC
:109D00000021204610F037FE1A900021204610F066
:109D100094FE19900021204610F0DCFE189006A851
:109D20004C990FF0C7FCCDF84C90B64807900895B9
:109D30003AA80A9032A80B9059E17F1CBFB2606A22
:109D4000B1A150F82700F6F713FD0028F5D0E06A1E
:109D500030F81600FCF782F8002871D10025E06A7F
:109D600030F81600FCF76EF800B10125E06A30F813
:109D70001600FCF776F818B145F0800517E03EE1D3
:109D8000A08EB04213D15FEA886001D545F020056E
:109D90005FEA887001D545F002055FEA487001D599
:109DA00045F004055FEA087001D545F00805A06A92
:109DB00000EBC60148A806F092FEBDF82011BDF8E0
:109DC00028010144ADF82011BDF82221BDF82A1167
:109DD0000A44ADF82221BDF824211044ADF8240135
:109DE000BDF826010844ADF8260155B32584608CE2
:109DF00040F0040161843AA809F0F8FF32A809F0A4
:109E0000F5F94FF4A0293AAA4946204611F077F90E
:109E100032AA4946204611F021F9A4F82080608C2E
:109E200020F004016184E06A30F81600FCF71FF8A6
:109E300098B19DF8E50040F001008DF8E50012E0D2
:109E4000D1E0FFE7382224A93AA80EF0F4FB202243
:109E50001CA932A80EF0EFFBE5E79DF8E50020F025
:109E600001008DF8E50048A80990149606AA1A2169
:109E700020460BF0D1FA9DF80B014108C9063CD5EC
:109E800020F03E001E308DF80B01B4F91430199902
:109E9000BDF9202119448A4203D120F008008DF831
:109EA0000B01B4F918201898BDF92411101A814239
:109EB00005D19DF80B0120F010008DF80B01B4F9CD
:109EC00016201B98BDF922111044814205D19DF83E
:109ED0000B0120F004008DF80B01B4F91A201A9838
:109EE000BDF92611101A814207D19DF80B01810896
:109EF000490061F345008DF80B01BDF82611BDF94D
:109F00002201091A491C0FFA81F9A90608D5E16A4C
:109F100031F81610890503D5A0EB0900ADF8220130
:109F200048AA3AA94C9809F04DFFDDF8C8A0BDF940
:109F3000DC000590BDF9DAB0606A50F827000490A3
:109F40004AA806F05FFECDE900B09DF8E510029149
:109F5000DDE90413524603A815F0CCFD48A806F02D
:109F600051FEBDF90C30BDF82011C01A00EBD070C5
:109F700001EB6001ADF82011BDF82621BDF82201EA
:109F8000121A521C0FFA82FCBDF90E20ACEB020C27
:109F90000CEBDC7C00EB6C0000B2ADF82201194444
:109FA000ADF82411811809B2ADF82611AA060DD515
:109FB000E26A32F81620920508D509EBD9725210E0
:109FC000801AADF82201881AADF826010020009011
:109FD00048AA32A9049B4C9808F066FE06AA1B21E9
:109FE00020460BF019FA761CB6B27F1CBFB2208E49
:109FF000B0423FF6A4AE608C20F0040060844DB007
:10A00000BDE8F08F947C02080A0000002DE9F04FB3
:10A010009FB0054628460BF0FBF9044628460BF096
:10A02000BFF91E900021204610F006FC0546204690
:10A03000002141F6120210F0D9FD099028440FFAD0
:10A0400080F92046002141F6130210F0CFFD09905F
:10A0500028440FFA80FA0021204610F0A4FD28447D
:10A060000FFA80FB16A809F0C1F816AA4FF40031C8
:10A07000204610F0F3FFA06A08B1159009E0802097
:10A080000EF004FA05468022294620460AF092FF87
:10A090001595002794F83C0000F00F00012800D12E
:10A0A00001272046002141F26A4210F09FFD0990ED
:10A0B000C0B2012800D10127E06A002871D00CF05D
:10A0C0005CFF8046B8F1020F12D007A9E06A0CF0DD
:10A0D0009DFB012821D04FF0FF352E4617B3A08AF3
:10A0E0004844ADF82000691E0844ADF8240023E080
:10A0F0009DF8750041F6FF71BDF96A20CDE9002198
:10A100000290BDF96C30169A07A8E16A15F0F2FCCE
:10A11000BDF91C50BDF91E60E0E70798C0F38A2521
:10A12000460DDBE7208BA0EB0A00401BADF82000BA
:10A13000691E0844ADF82400B8F1020F61D0204632
:10A140000FF0C3FD801B00EBD0704110E08A084483
:10A15000ADF82200711E0844ADF8260002A808F0F0
:10A1600089FD4FF4003802AA4146204610F02AFF2C
:10A1700005EBD5704010ADF80C0006EBD670401022
:10A18000ADF80E00204643F60F02414610F02EFDBA
:10A190000190ADF8080008AA02A9E36A1E9808F029
:10A1A00039FD0DA809F022F80DAA0021204610F073
:10A1B00055FF9DF85100BDF9462041F6FF71CDE9EC
:10A1C00000210290BDF948300CA80D9A159915F0A0
:10A1D00091FCE08A5844ADF82A00BDF832100844DA
:10A1E000ADF82E00E06AE8B16FB3208BBDF83010F7
:10A1F000A0EB0A00401AADF828000844ADF82C0086
:10A200002AE0E08A5844ADF82200761E3044ADF8CA
:10A2100026000020009008AA16A9E36A1E9808F0FC
:10A2200043FDBEE7204610F010FEBDF93010401A85
:10A2300000EBD0704210A08A1044ADF8280008440A
:10A24000ADF82C0008E0A08A4844ADF82800BDF81D
:10A2500030100844ADF82C00002000900AAA0DA987
:10A26000159B1E9808F020FDA06A002802D11598C1
:10A270000EF05AF91FB0BDE8F08F2DE9F04790B00D
:10A28000054628460BF0C4F8044628460BF088F82B
:10A2900006460EA920460FF071FC002594F83C00FC
:10A2A000C10600D50125800601D545F00205002133
:10A2B000204610F0B5FDA0F51C51D13904D1608CB9
:10A2C000400501D445F0040506A808F08FFF208F53
:10A2D000ADF82E00608FADF830008DF8355006AA2D
:10A2E0000021204610F0BAFE9DF83400012708B97D
:10A2F0008DF8347020460DF023FB079020460DF0BA
:10A300001DFB089007994FF6FF7081421BD00899FA
:10A31000814218D020464FF4802844F257424146EB
:10A3200010F064FC02900390BDF80C00ADF826001C
:10A3300020462022414610F059FC02900390BDF8BF
:10A340000C00ADF8280094F83C0041F6FF7800F0CE
:10A350000700022801D003281AD19DF834000228F2
:10A3600001D0032814D1BDF92A00CDE90185009060
:10A37000BDF92C30069A03A8616A15F0BBFB0EA844
:10A3800006F046FCBDF90C10884201DA8DF83470F5
:10A3900000270EA904A8B268F8F778FE00287ED03E
:10A3A00094F83C0040070BD120460FF02FFE4042AE
:10A3B00002B200210EA806F03EFC608BADF83E0014
:10A3C00094F83C000DF1100A00F00700022813D0A9
:10A3D000032811D000970EAA06A93046636A08F038
:10A3E00063FCD6F80890C6F808A094F83C0000F08A
:10A3F000070003280ED051E0D6F80890C6F808A050
:10A4000000970EAA06A93046636A08F04DFCC6F80C
:10A410000890E6E7BDF92A00CDE901850090BDF975
:10A420002C30069A03A8616A15F064FB0EA806F0AA
:10A43000EFFBBDF90C10884217DA2022114606986E
:10A440000BF0D2F8218FBDF80C2000EB4000114436
:10A450000844ADF82E00608FADF8300000970EAACA
:10A4600006A93046636A08F01FFC0EA806F085FBBB
:10A470000146BDF90E00814210DA218FADF82E1091
:10A4800006990989628F10440844ADF8300000979E
:10A490000EAA06A93046636A08F006FC00E001E057
:10A4A000C6F8089010B0BDE8F0872DE9F04393B0EE
:10A4B000074638460AF06EFF054638460AF0A8FF00
:10A4C00004464FF48026152D7DD0182D7CD13846BA
:10A4D0000AF066FF05460BA808F088FE0BAA314675
:10A4E000204610F0BBFD09A9204603F0DFFD09AAB4
:10A4F00007A8A968F8F7CAFD002865D0204603F030
:10A500004BFB0746204610F0A0FC064638460DF0EF
:10A5100013FA01460222BDF93E00CDE90162009026
:10A52000BDF9403006A80B9A15F0E4FA20460FF06A
:10A53000CCFB00EBD0704610B4F91600B7F916103A
:10A540003044A1EB000838460FF0BFFB4FEA8831DA
:10A5500091FBF0F80021204610F0D8FB0B99B0F9E0
:10A560000800B1F90810081A00EBD0704010BDF8CF
:10A570001A10091A09B2ADF81A10E28A324401FB26
:10A5800008F102EBA1310E1A0021204610F05BF910
:10A5900081462046002141F6120210F027FB03906D
:10A5A00080462046002141F6130210F01FFB0146B1
:10A5B0000390A28A08EB09001044ADF81000ADF832
:10A5C0001260208B01E022E01EE0401AA0EB09009F
:10A5D000ADF81400BDF81A003044ADF816009DF82F
:10A5E000490040F002008DF84900AC6807A8A86057
:10A5F00038460DF0A1F903460020009004AA0BA9EB
:10A60000284608F051FBAC6013B0BDE8F083384633
:10A610000AF0C6FE054611A9204603F047FD03A82F
:10A6200009F0E4FB03AA3146204610F068FD11AAA8
:10A6300003A9284609F0C6FBE6E72DE9F043A1B0DF
:10A64000054628460AF0E4FE044628460AF0A8FE1D
:10A6500080460021204610F005FA054600212046DC
:10A6600010F04DFA06460021204610F0AAFA0746DF
:10A670000021204610F094F90246A38AE08AADF842
:10A680007E00218BADF88010B4F81AC02B44ADF8D1
:10A690007C30891BADF880103844ADF87E00ACEBFF
:10A6A0000200ADF8820011A809F0A0FB11AA4FF436
:10A6B0000031204610F023FD1FAA11A9404609F0E1
:10A6C00081FB20460FF001FB0746208BA18A401A30
:10A6D000401CC01B06B2606A411C06D07043C11703
:10A6E00000EB1160001205B208E0204610F032F8CD
:10A6F000C0F3000008B1354600E0002520460021E7
:10A7000041F26A4210F072FA0090C0B2012801D101
:10A71000701B05B2A08A2844ADF83C003844ADF85F
:10A720004000E08AADF83E00608BADF842004FF487
:10A7300040352946204610F095F906462946204620
:10A7400010F0DDF907462946204610F03AFA814616
:10A750002946204610F024F9BDF83C10891BADF8BD
:10A760003C10BDF840103944ADF84010BDF83E1023
:10A77000A1EB0901ADF83E10BDF842100844ADF858
:10A78000420001A809F032FB01AA2946204610F038
:10A79000B6FC0FAA01A9404609F014FB21B0BDE8A0
:10A7A000F08300002DE9F04FDBB0054628460AF0A3
:10A7B0002FFE044628460AF0F3FD824604F11401F8
:10A7C00058A8DAF80820F8F761FC00287ED0DAF8FB
:10A7D0000800579058A8CAF808002046002141F206
:10A7E000320210F003FA089000B251900021204686
:10A7F00010F0EEF950900021204610F0D8F84F905C
:10A800000021204610F035F94E900021204610F02E
:10A810007DF94D904FF4A0252946204610F029F9E6
:10A820004C902946204610F071F94B90294620465D
:10A8300010F0CEF94A902946204610F0B8F8499019
:10A84000208C489000262684608C40F004016184AE
:10A850003AA809F0CBFA3AAA2946204610F04FFC54
:10A8600024A808F0C3FC24AA2946204610F0F6FBD1
:10A8700048982084608C20F00401618400272046E1
:10A880000FF0D6FB0146E28A50981044411A5198C5
:10A890000844401EADF8560120460FF0C0FB1B9047
:10A8A000002120460FF09AFF012815D04FF0000B31
:10A8B000514609A80EF0FEFE4FF4A0201690E8487D
:10A8C0000A9000200B902CA80D9000E0C4E11CA879
:10A8D0000E904FF00009B8E14FF0010BE8E7E06A95
:10A8E00030F919100891BDF85601401C00B2ADF8BE
:10A8F00052010899491E0144ADF85611BDF966117F
:10A90000884274DCBBF1000F0AD0218B4D98091AE4
:10A910001B98091A5198081A401EADF8500109E019
:10A92000A18A4E9801441B98091A51980844401E68
:10A93000ADF85401002680E14FF00008A06A50F8FD
:10A94000270008B190F80080BBF1000F0CD0BDF8D3
:10A950005001401EADF85401216B31F81610401A19
:10A96000401CADF850010BE0BDF85401401CADF89F
:10A970005001216B31F816100844401EADF8540107
:10A98000002523E0A06A791950F8210018B390F847
:10A9900000805FEAC8701ED0BBF1000F0AD07019AA
:10A9A000216B401C31F81000BDF85011081AADF8A9
:10A9B000500109E07019216B401C31F81000BDF8FE
:10A9C00054110844ADF854016D1CADB2A08CA91906
:10A9D000401E8142D6DBBDF95611BDF962018142AC
:10A9E00006DA7819401C87B2701980B223E130E191
:10A9F000BDF95021ADF81820BDF952E1ADF81AE0CB
:10AA0000BDF95401ADF81C005A90ADF81E109DF828
:10AA10000B01C0F3440043070DD5B4F914C04E9B9D
:10AA200063449A4207DDBDF9083103EBD373A2EB0F
:10AA30006302ADF8182082070DD5B4F91630509A8C
:10AA40001A44964507DDBDF9082102EBD272AEEB40
:10AA50006202ADF81A20020714D5B4F918C04D9B54
:10AA60005A9AACEB03035B1E9A420BDABDF908213C
:10AA700002EBD27302F0010202EB63035A9A1A440A
:10AA8000ADF81C20C00711D0B4F91A204F98101A45
:10AA9000401E81420ADABDF9080100EBD07200F0D5
:10AAA000010000EB62000844ADF81E000020E18EBA
:10AAB000494514D1A18EB14211D1218C4A0602D44C
:10AAC0008A0600D520208A0701D540F002004A07F7
:10AAD00001D540F00400090701D540F00800E8B3B3
:10AAE0002084608C40F0040161842CA809F07EF978
:10AAF0001CA808F07BFB2CAA4FF4A021204610F0E4
:10AB0000FEFA1CAA4FF4A021204610F0A7FA48989C
:10AB10002084608C20F00401618406A80C90A08C35
:10AB200009FB0060179009AA1A2120460AF074FC5C
:10AB300006AA2CA9504609F045F9A06A50F827004A
:10AB4000F0B3BDF850114C98084401B2ADF848116B
:10AB5000BDF854214B98101A02B200E014E0ADF891
:10AB60004C21BDF852314A981844ADF84A01BDF85D
:10AB700056314998181AADF84E01C8F34008B8F19B
:10AB8000000F0CD002200BE038223AA92CA80DF0BF
:10AB900052FD202224A91CA80DF04DFDBDE7002088
:10ABA000511A491C09B2BDF98220CDE90021029059
:10ABB000A06ABDF9843050F8271056A8491C00E05F
:10ABC0002FE0249A14F096FFB8F1000F12D10898E4
:10ABD000BDF95A2100EBD070BDF85211401002EBC4
:10ABE000D272431852109B1AADF84A3110440844EF
:10ABF000ADF84E0154AA58A904A8F8F747FA80B155
:10AC000004A8CAF8080000200090A06A52AA1CA953
:10AC100050F8273050465B1C08F046F858A8CAF890
:10AC2000080009AA1B2120460AF0F6FB7819401CEF
:10AC300087B2701980B2401C86B2A08CB0423FF639
:10AC40007BAE09F101091FFA89F9E08C48453FF60E
:10AC500046AE5798CAF808005BB0BDE8F08F000018
:10AC6000AC7D020870B588B005460C4694F82A0001
:10AC7000022859D9E18C002956D0114606A805F0C2
:10AC80001CFF208D401EBDF81810091AADF81810D1
:10AC9000BDF81A10091AADF81A10BDF81C100144BD
:10ACA000ADF81C10BDF81E100844ADF81E0006A932
:10ACB00004A805F002FFBDF81010E08C091AADF8E9
:10ACC0001010BDF814100844ADF81400BDF81200BF
:10ACD000E18C401AADF81200BDF81600E18C084472
:10ACE000ADF8160006A805F075FF064606A805F0A3
:10ACF0002CFFB4F90010864200DA3046B1EB600F49
:10AD000000DD4110E08C084403B2A07894F82A20BA
:10AD1000CDE90220A08CADF8040008B2009006AA8C
:10AD200004A92846FCF77DFE08B070BD2DE9F0416E
:10AD30008CB0054628460AF06BFB044628460AF00C
:10AD40002FFB0646606A0CF0F7FD007800283CD126
:10AD5000A26A002A39D01078002836D004A808F05A
:10AD600045FA04AA4FF40021204610F077F994F830
:10AD70005C00000705D59DF82D0040F002008DF81D
:10AD80002D00002120460FF07BFE074600212046C3
:10AD90000FF025FF8046002120460FF05BFD0546A1
:10ADA00004F1140102A805F0B5FE08EB050002B29B
:10ADB000781901B202A805F03EFF0020009002AA17
:10ADC00004A93046A36A07F06FFF0CB0BDE8F0811C
:10ADD0007CB50446A069866860896D46002852D11A
:10ADE000A189E1BBE188228991424CD2B4F90600E5
:10ADF00014F0A6FDB4F90410B4F90E20891A4843E2
:10AE00002168498801EBE030ADF80200E0885A3053
:10AE100000B214F095FDB4F9041048432168098884
:10AE200001EBE030ADF80400B4F9080014F088FD3F
:10AE3000B4F9041048432168498801EBE030ADF8CB
:10AE4000060020895A3000B214F07AFDB4F90410DB
:10AE5000B4F90E20891A48432168098800E012E0FD
:10AE600001EBE030ADF80000324669466846F8F77D
:10AE70000DF9002806D0A06985606A462169A0699D
:10AE800008F0A0FFA6E050B1A18941B1884203D1EA
:10AE90002289E3889A427CD3022870D071E0A0BB5B
:10AEA00020680088ADF800002068A1884088084428
:10AEB000ADF80600B4F9060014F042FDB4F9041030
:10AEC000B4F90E20891A48432168498801EBE03023
:10AED000ADF80200E0885A3000B214F031FDB4F948
:10AEE000041048432168098801EBE030ADF8040004
:10AEF000324669466846F8F7C9F830B1A0698560FE
:10AF00006A462169A06908F05DFFA089A0BB20689E
:10AF1000A18800880844ADF8040020684088ADF896
:10AF20000200B4F9080014F00BFDB4F90410484312
:10AF30002168498801EBE030ADF8060020895A30DD
:10AF400000B214F0FDFCB4F90410B4F90E20891A13
:10AF500048432168098801EBE030ADF80000324633
:10AF600069466846F8F792F830B1A06985606A468C
:10AF70002169A06908F026FF2CE00AE0FFE701291B
:10AF800007D0032801D1022903D0032822D10129A7
:10AF900020D120680088ADF8000020684088ADF816
:10AFA00002002068A18800880844ADF804002068E9
:10AFB000A18840880844ADF80600324669466846D4
:10AFC000F8F764F830B1A06985606A462169A06924
:10AFD00008F0F8FEA06986607CBD7CB50446A069D7
:10AFE000866860896D46012851D1A18901294ED119
:10AFF000E188228991424AD2B4F9060014F0A0FCFB
:10B00000B4F9041048432168498801EBE030ADF8F9
:10B010000600E0885A3000B214F092FCB4F9041033
:10B02000B4F90E20891A48432168098801EBE03001
:10B03000ADF80400B4F9080014F082FCB4F904106F
:10B04000B4F90E20891A48432168498801EBE030A1
:10B05000ADF8020020895A3000B214F071FCB4F946
:10B06000041048432168098801EBE030ADF8000086
:10B07000324669466846F8F709F8002806D0A06904
:10B0800085606A462169A06908F09CFEABE0012852
:10B090000BD0A189012908D0884203D12289E388F5
:10B0A0009A427ED3002873D074E0012834D12068FE
:10B0B000A1880088401AADF8000020684088ADF8EB
:10B0C0000200B4F9060014F03BFCB4F90410484344
:10B0D0002168498801EBE030ADF80600E0885A307D
:10B0E00000B214F02DFCB4F90410B4F90E20891A42
:10B0F00048432168098801EBE030ADF8040032468E
:10B1000069466846F7F7C2FF30B1A06985606A46B4
:10B110002169A06908F056FEA089012863D1206842
:10B120000088401EADF804002068A18840880844CB
:10B13000ADF80600B4F9080014F002FCB4F90410EC
:10B14000B4F90E20891A48432168498801EBE030A0
:10B15000ADF8020020895A3000B214F0F1FBB4F9C6
:10B16000041048432168098801EBE030ADF8000085
:10B17000324669466846F7F789FFA0B3A069856043
:10B180006A462169A06908F01DFE2CE009E0FFE78E
:10B19000022906D008B9032903D0032823D10229A4
:10B1A00021D12068A1880088401AADF800002068ED
:10B1B0004088ADF8020020680088401EADF8040009
:10B1C0002068A18840880844ADF8060032466946E8
:10B1D0006846F7F75BFF30B1A06985606A46216970
:10B1E000A06908F0EFFDA06986607CBD7CB50446CF
:10B1F000A069866860896D46022850D1A18902291C
:10B200004DD1E1882289914249D25A3108B214F0D5
:10B2100097FBB4F9041048432168098801EBE0303A
:10B22000ADF80000B4F9060014F08AFBB4F904107C
:10B23000B4F90E20891A48432168498801EBE030AF
:10B24000ADF80600B4F9080014F07AFBB4F9041064
:10B2500048432168498801EBE030ADF802002089BD
:10B260005A3000B214F06CFBB4F90410B4F90E209B
:10B27000891A48432168098801EBE030ADF80400E1
:10B28000324669466846F7F701FF002806D0A069F4
:10B2900085606A462169A06908F094FDADE0022846
:10B2A0000BD0A189022908D0884203D12289E388E2
:10B2B0009A427FD3002874D075E0022835D12068E7
:10B2C0000088401EADF804002068A1884088401A1C
:10B2D000ADF80200E0885A3000B214F031FBB4F946
:10B2E000041048432168098801EBE030ADF8000004
:10B2F000B4F9060014F024FBB4F90410B4F90E20DC
:10B30000891A48432168498801EBE030ADF806000E
:10B31000324669466846F7F7B9FE30B1A0698560E4
:10B320006A462169A06908F04DFDA089022864D110
:10B330002068A1880088401AADF800002068408885
:10B34000401EADF8060020895A3000B214F0F8FA19
:10B35000B4F90410B4F90E20891A48432168098809
:10B3600001EBE030ADF80400B4F9080014F0E8FA9D
:10B37000B4F9041048432168498801EBE030ADF886
:10B380000200324669466846F7F780FEA8B3A06916
:10B3900085606A462169A06908F014FD2DE009E086
:10B3A000FFE7032906D0012801D1032902D0012893
:10B3B00023D111BB2068A1880088401AADF8000095
:10B3C0002068A1884088401AADF8020020680088F3
:10B3D000401EADF8040020684088401EADF806000D
:10B3E000324669466846F7F751FE30B1A06985607C
:10B3F0006A462169A06908F0E5FCA06986607CBD09
:10B400007CB50446A069866860896D46032850D1E2
:10B41000A18903294DD1E1882289914249D25A312B
:10B4200008B214F08DFAB4F90410B4F90E20891A98
:10B4300048432168098801EBE030ADF80000B4F919
:10B44000060014F07DFAB4F90410484321684988D5
:10B4500001EBE030ADF8020020895A3000B214F060
:10B460006FFAB4F9041048432168098801EBE03011
:10B47000ADF80400B4F9080014F062FAB4F904104D
:10B48000B4F90E20891A48432168498801EBE0305D
:10B49000ADF80600324669466846F7F7F7FD002822
:10B4A00006D0A06985606A462169A06908F08AFC17
:10B4B000AAE003280BD0A189032908D0884203D130
:10B4C0002289E3889A427DD3022873D073E003284F
:10B4D00035D12068A18800880844ADF804002068B0
:10B4E0004088401EADF80600E0885A3000B214F0E3
:10B4F00027FAB4F90410B4F90E20891A48432168D8
:10B50000098801EBE030ADF80000B4F9060014F052
:10B5100017FAB4F9041048432168498801EBE03078
:10B52000ADF80200324669466846F7F7AFFD30B124
:10B53000A06985606A462169A06908F043FCA0897A
:10B54000032861D120680088ADF800002068A18838
:10B550004088401AADF8020020895A3000B214F039
:10B56000EFF9B4F9041048432168098801EBE03091
:10B57000ADF80400B4F9080014F0E2F9B4F90410CD
:10B58000B4F90E20891A48432168498801EBE0305C
:10B59000ADF80600324669466846F7F777FD98B37E
:10B5A000A06985606A462169A06908F00BFC2BE060
:10B5B00008E0FFE731B1012800D119B1022823D1F9
:10B5C000012921D120680088ADF800002068A188F9
:10B5D0004088401AADF802002068A188008808441D
:10B5E000ADF8040020684088401EADF806003246E1
:10B5F00069466846F7F74AFD30B1A06985606A463A
:10B600002169A06908F0DEFBA06986607CBD0000AE
:10B6100070B5A4B006460D4620AA22A930460EF009
:10B6200010FD22A805F0AFFA20B920A805F0ABFA6A
:10B6300000283ED012A9304616F0F7FF012838D175
:10B64000294668460EF036F81B4801900220029009
:10B6500012A804904FF480300D9022A805F093FAC0
:10B6600080B122A803906A461A21304609F0D4FE20
:10B6700022AA12A9284608F0A5FB6A461B213046DB
:10B6800009F0CAFE20A805F07EFA002811D020ACEF
:10B6900003946A461A21304609F0BEFE039420AA9C
:10B6A00012A9284608F08EFB6A461B21304609F095
:10B6B000B3FE24B070BD0000747802082DE9F74F86
:10B6C000A4B00D461446B5F92E00002871D095F8A7
:10B6D000361002296DD9012808D1B5F934000028A7
:10B6E00004DC288E10B9688E0028EFD02188288EBF
:10B6F0000A18A98E521AADF87820A3881844461863
:10B70000ADF87C606088698E0844A98E431AADF854
:10B710007A30E088698E0844A98E0144ADF87E1025
:10B72000B5F92E0000EBD0704010121A521EADF881
:10B730007020401C3044ADF87400B5F92E0000EBC9
:10B74000D070A3EB6000401EADF87200B5F92E007A
:10B7500000EBD0704010401C0844ADF8760095F81E
:10B7600036001B901B98FD2801D9FF201B902498C0
:10B770001CA9826819A8F7F789FC0028A6D02146E1
:10B7800017A805F09AF94FF0FF3739460A4617A86F
:10B7900005F044FAB5F9008017A805F01BFA044635
:10B7A00017A805F0D2F9844204DA17A805F012FAB6
:10B7B00003E0FDE317A805F0C8F9B8EB600F01DD61
:10B7C0004FEA6008B5F900601EA805F003FA0446C8
:10B7D0001EA805F0BAF9844203DA1EA805F0FAF9AA
:10B7E00002E01EA805F0B1F9B6EB600F00DD4610CF
:10B7F000B5F92E00841904FB04F040000CF046FE5D
:10B800001690B5F92E2033B21EA8169917F0BDF880
:10B810001CA807F073FF012620B9E878FF2801D3A0
:10B82000A87800B100260F975EB901230FFA88F2BD
:10B8300017A910A808F008FA002110A807F038FD91
:10B840000F901CA805F0C6F90CF020FE82461C21C2
:10B8500002A80CF0CAFF0DA802900790CDF814A022
:10B86000A88DADF8100095F836008DF82000A87866
:10B870008DF821001CA805F0ADF9BDF8701000EBA3
:10B88000D07001EB60000FFA80F91CA805F05DF99B
:10B89000BDF8721000EBD07001EB600007B2BDF88C
:10B8A0007400ADF83800001B401C00B2ADF8340045
:10B8B000ADF83610621E114409B22392ADF83A1069
:10B8C000484500DC4846ADF83400B94200DB394653
:10B8D000ADF83A1024980DA982680BA8F7F7D6FBAB
:10B8E000D0B30FFA88F2934617A90BA8F7F7F6FB27
:10B8F00090BB0BA805F06EF901901698BDF92E10BB
:10B90000BDF97220891A01FB0400BDF97420BDF94C
:10B910002C10121B891A0844401E0A9046B15A4640
:10B9200017A90BA8F7F756FC10B10120099000E009
:10B9300009960198002827DDCDF814A0BDF82C0049
:10B94000ADF83400BDF83000ADF8380002208DF8B5
:10B950001800BDF92EB013E016E0ADF836B0ADF822
:10B960003AB00998F0B30A98059002A9249808F013
:10B970002EFC0A9820440A900BF1010B0FFA8BFB66
:10B98000BDF932005845E8DABDF87400ADF838006A
:10B99000001B401C00B2ADF83400BDF87620111B2E
:10B9A000491C09B2ADF83610ADF83A20484500DC24
:10B9B0004846ADF83400781C2290814200DC791CA6
:10B9C000ADF8361024980DA982680BA8F7F75EFB36
:10B9D000E0B30FFA88F2934617A90BA8F7F77EFB9E
:10B9E000A8B15FE0FFE7224650460A990CF023FE1B
:10B9F000BDF92C105A465046019B07F03DFE8DF8CC
:10BA000018000128B1D102208DF81800ADE70BA86D
:10BA100005F0E0F801901698BDF93A10BDF9322012
:10BA2000891A01FB0400BDF97420BDF92C10121B0A
:10BA3000891A0844401E0A904EB15A4617A90BA80D
:10BA4000F7F7C8FB18B10120099001E02AE0099638
:10BA50000198002826DDCDF814A0BDF82C00ADF823
:10BA60003400BDF83000ADF8380002208DF8180021
:10BA7000BDF932B012E0ADF836B0ADF83AB0099881
:10BA8000C0B30A98059002A9249808F0A0FB0A9870
:10BA900020440A90ABF1010B0FFA8BFBBDF92E008D
:10BAA0005845E8DDBDF870002044ADF83400BDF81D
:10BAB0007400001BADF83800BDF87200ADF8360018
:10BAC0002399084400B2ADF83A00B84200DB38468A
:10BAD000ADF83A0024980DA982680BA8F7F7D6FABA
:10BAE000A0B30FFA88F2934617A90BA8F7F7F6FA56
:10BAF000A8B162E0FFE7224650460A990CF09BFD90
:10BB0000BDF92C105A465046019B07F0B5FD8DF843
:10BB100018000128B7D102208DF81800B3E70BA850
:10BB200005F058F801901698BDF92E10BDF9362091
:10BB3000891A01FB04000A904EB15A4617A90BA8B6
:10BB4000F7F748FB18B10120099001E035E00996AC
:10BB50000198002831DD099860B100200590BDF8FA
:10BB60002C00ADF83400BDF83000ADF83800BDF958
:10BB70002EB01EE0CDF814A0F1E7ADF836B0ADF868
:10BB80003AB00998F0B31B98FF285ED00A9895F850
:10BB9000361000784843000A8DF8200002A9249846
:10BBA00008F015FB0A9820440A900BF1010B0FFADC
:10BBB0008BFBBDF932005845DFDA95F836008DF879
:10BBC0002000BDF870002044ADF83400BDF87400CA
:10BBD000001BADF83800BDF87610081B401C00B201
:10BBE000ADF83600ADF83A102299884200DC781C96
:10BBF000ADF8360024980DA982680BA8F7F746FA2D
:10BC0000F0B300E008E00FFA88F217A90BA8219220
:10BC1000F7F764FAE0B171E00A98019A01785046AA
:10BC20000CF0B6FDBDF92C105A465046019B07F0AA
:10BC300023FD8DF81800012802D102208DF818008C
:10BC400002A9249808F0C3FAACE70A980078A3E7A1
:10BC50000BA804F0BFFF01901698BDF93A10BDF98A
:10BC60003220891A01FB04000A900198002845DD62
:10BC70004EB117A90BA8219AF7F7ACFA18B100E05A
:10BC80003CE0012000E0304660B100200590BDF8A6
:10BC90002C00ADF83400BDF83000ADF83800BDF927
:10BCA00032B027E0CDF814A0F1E7ADF836B0ADF82A
:10BCB0003AB03EB117A90BA8219AF7F78BFA08B151
:10BCC000012000E03046E0B31B98FF286AD00A98B4
:10BCD00095F8361000784843000A8DF8200002A934
:10BCE000249808F074FA0A9820440A90ABF1010BEA
:10BCF0000FFA8BFBBDF92E005845D6DD95F83600BE
:10BD00008DF82000BDF87400011B491C09B2ADF884
:10BD10003410ADF83800BDF87200204400B2ADF820
:10BD20003600BDF87620121B12B2ADF83A20229BE5
:10BD3000984200DB781CADF83600BA4200DC3A4687
:10BD400000E016E0ADF83A20494500DC4946ADF880
:10BD5000341024980DA982680BA8F7F797F9E8B377
:10BD60000FFA88F2154617A90BA8F7F7B7F9E0B153
:10BD700075E00A98019A017850460CF009FDBDF96A
:10BD80002C105A465046019B07F076FC8DF818009F
:10BD9000012802D102208DF8180002A9249808F089
:10BDA00016FAA0E70A98007897E70BA804F012FFAC
:10BDB00001901698239901FB0400BDF97420BDF988
:10BDC0002C10121B891A0844401E0A9056B12A46AC
:10BDD00017A90BA8F7F7FEF920B100E03FE04FF0FC
:10BDE000010B00E0B346BBF1000F01D00A9800E060
:10BDF000504605900198002831DDBDF82C00ADF8C3
:10BE00003400BDF83000ADF8380002208DF818007D
:10BE1000BDF92E501FE0ADF83650ADF83A50BBF1E9
:10BE2000000F12D15046019A0A990CF004FCBDF99A
:10BE30002C102A465046019B07F01EFC8DF8180076
:10BE4000012802D102208DF8180002A9249808F0D8
:10BE5000BEF96D1C2DB2BDF93200A842DBDA16988E
:10BE6000002315E001198B46491E002204EBD47C07
:10BE700008E0057891F800E080F800E001F8015949
:10BE8000401C521CB2EB6C0FF3DB58465B1C1BB220
:10BE9000A342E7DBBDF87000ADF8340023990844F5
:10BEA00001B2ADF83810BDF87200204400B2ADF810
:10BEB0003600BDF87620121B12B2ADF83A20229B54
:10BEC000984200DB781CADF83600BA4200DC3A46F6
:10BED000ADF83A20A9F101002090814200DB014633
:10BEE000ADF8381024980DA982680BA8F7F7CEF8A2
:10BEF000C8B30FFA88F2154617A90BA8F7F7EEF8A2
:10BF000088BB0BA804F066FE01901698239901FBEC
:10BF10000400BDF92C10BDF93420891A08440A9098
:10BF200046B12A4617A90BA8F7F754F910B14FF0FC
:10BF3000010B00E0B346BBF1000F01D00A9800E00E
:10BF4000504605900198002834DDBDF82C00ADF86E
:10BF50003400BDF83000ADF8380002208DF818002C
:10BF6000BDF92E5020E025E0ADF83650ADF83A503E
:10BF7000BBF1000F12D15046019A0A990CF05BFBFD
:10BF8000BDF92C102A465046019B07F075FB8DF831
:10BF90001800012802D102208DF8180002A9249867
:10BFA00008F015F96D1C2DB2BDF93200A84200E071
:10BFB0006EE1D9DABDF87000ADF834002399084479
:10BFC00000B2ADF83800BDF87210ADF83610239A03
:10BFD000114409B2ADF83A10209A904201DBA9F160
:10BFE0000100ADF83800B94200DB3946ADF83A102F
:10BFF00024980DA982680BA8F7F748F8C0B30FFA88
:10C0000088F2154617A90BA8F7F768F880BB0BA8AC
:10C0100004F0E0FD01901698BDF92E10BDF9362010
:10C02000891A01FB0400BDF92C10BDF93420891ACE
:10C0300001EB000B46B12A4617A90BA8F7F7CAF87F
:10C0400010B10120099000E00996CDF814A00198E4
:10C05000002821DDBDF82C00ADF83400BDF830001B
:10C06000ADF8380002208DF81800BDF92E500FE011
:10C0700012E0ADF83650ADF83A500998D8B3CDF883
:10C0800014B002A9249808F0A2F8A3446D1C2DB2A4
:10C09000BDF93200A842ECDABDF87000ADF834000A
:10C0A0002399084401B2ADF83810BDF87620101B72
:10C0B000401C00B2ADF83600ADF83A20229A90420A
:10C0C00000DC781CADF836002098814201DBA9F134
:10C0D0000101ADF8381024980DA982680BA8F6F775
:10C0E000D5FFC8B30FFA88F2154617A90BA8F6F7C3
:10C0F000F5FFA8B159E0FFE72246594650460CF03B
:10C100009AFABDF92C102A465046019B07F0B4FA62
:10C110008DF818000128B4D102208DF81800B0E77E
:10C120000BA804F057FD01901698BDF93A10BDF91F
:10C130003220891A01FB0400BDF92C10BDF934200E
:10C14000891A0F184EB12A4617A90BA8F7F742F81B
:10C1500018B14FF0010901E027E0B146CDF814A075
:10C160000198002821DDBDF82C00ADF83400BDF8A1
:10C170003000ADF838004FF0020B8DF818B0BDF963
:10C1800032500EE0ADF83650ADF83A50B9F1000F2C
:10C1900030D0059702A9249808F019F827446D1E9D
:10C1A0002DB2BDF92E00A842ECDDBDF87000204490
:10C1B000ADF83400BDF87400001BADF83800BDF8D0
:10C1C00072002044ADF83600BDF87600001BADF8D3
:10C1D0003A00CDF814A024980DA982680BA8F6F7B0
:10C1E00055FFE8B30FFA88F217A90BA8F6F776FF08
:10C1F00098B140E02246394650460CF01CFABDF991
:10C200002C102A465046019B07F036FA8DF818008C
:10C210000128BFD18DF818B0BCE70BA804F0DAFCF8
:10C220000546002D27DDBDF82C00ADF83400BDF823
:10C230003000ADF83800BDF92E4018E0ADF83640BA
:10C24000ADF83A40294650460CF0F7FABDF92C10EB
:10C250002B462246504607F00FFA8DF8180000E0F2
:10C2600009E002A9249807F0B2FF641C24B2BDF9CA
:10C270003200A042E2DA2EB910A807F021FA0F9896
:10C2800007F090FD16980CF04FF950460CF04CF961
:10C2900027B0BDE8F08F2DE9FF4F81B08046DDF873
:10C2A00038A00C46202140460EF0FBFD00287DD032
:10C2B000BAF1030F22D040460DF09FFE81460AF0EE
:10C2C000C5FE05460026002708F114000090BAF1CB
:10C2D000030F18D0002140460EF034FC82460021A6
:10C2E00040460EF025FB8346B9F1010F63D0B9F14A
:10C2F000020F67D0B9F1030F6BD140E040460DF05B
:10C3000073FE8146DBE7002140460EF073FB824658
:10C31000002140460EF0BBFB8346B9F1010F1FD050
:10C32000B9F1020F23D0B9F1030F52D1009804F0F4
:10C3300039FCA0EB0A00A0EB0B0000EBD070B8F8C2
:10C3400014100AEB6000084406B205F1140004F072
:10C3500029FCA98A00EBD07001EB600007B238E03D
:10C36000B8F81400504406B2B5F9147031E0B8F8CA
:10C370001800A0EB0B0006B2B5F9187029E0009880
:10C3800004F0D1FBA0EB0A00A0EB0B0000EBD07097
:10C39000B8F816100AEB6000084406B205F1140064
:10C3A00004F0C1FB00EBD070E98A00E043E001EB50
:10C3B000600007B20DE0B8F81600504406B2B5F9B7
:10C3C000167006E0B8F81A00A0EB0B0006B2B5F93B
:10C3D0001A70A01E049900B2002915DAB9F1000FF5
:10C3E00005D0B74203DD204605B0BDE8F08F002C34
:10C3F00000DA0446002C01DDA41C24B2E01704EB93
:10C400009070801000B2EFE7039900291DDAB9F1AE
:10C41000000F03D0B74201DA2046E5E7002C00DA2E
:10C420000446002C01DDA41C24B2E01704EB90703C
:10C43000801000B2D8E70498E04202D50498404248
:10C4400004B20398001B00D5039C2046CCE710B52E
:10C450000446207E400701D5002010BD207A232805
:10C460001BD0242819D04FF4804160680EF019FDCC
:10C47000A8B1207A11381C2815D2DFE800F012127A
:10C480001212121212121212121414121414121284
:10C4900012121414141412121412012010BD0020D0
:10C4A00010BD002010BD012010BD70B504460AF07B
:10C4B000B3FD68B1006882680AB1217A9047207E96
:10C4C000810701D5012070BDC00701D0002070BDDB
:10C4D0000126002160680DF0E1FB00251EE00168E7
:10C4E000B9B1017ACA0914D0802904D0227A21F086
:10C4F000800191420DD14168E16001682046884782
:10C50000207E810701D5012070BDC00701D0002029
:10C5100070BD6D1C294660680DF0C0FB08B1012E8E
:10C52000DDD0214600200DF0CDFA0546280005D0CB
:10C53000002160680DF0B2FB00261DE00020FBE743
:10C540000168A1B1017A0A0611D411B1227A91428F
:10C550000DD14168E160016820468847207E81074F
:10C5600001D5012070BDC00701D0002070BD761C30
:10C57000314660680DF092FB08B1012DE0D0012D2D
:10C5800011D16068406870B12046FFF760FF50B17C
:10C590006068406860602046FFF787FF0546012D10
:10C5A00001D0002070BD284670BD00002DE9FF4F6E
:10C5B00085B00446DDE91286159D0F46384604F025
:10C5C00003FB8246384604F0BAFA0490012D0ED0DF
:10C5D000022D0ED0032D39D13C4F66B14FF0000B28
:10C5E000208803903078FD2833D3424634E0384F1A
:10C5F000F3E7384FF1E72088039001460190424667
:10C600000898B847029000261DE0002515E0BDF807
:10C610000C0034F81510884209D004EB450000885E
:10C6200003900146019042460898B847029004EBF7
:10C630004500BDF8081001806D1C5545E7DB0798E3
:10C6400004EB4004761C04988642DEDB09B0BDE8AA
:10C65000F08F00FB08F0020A03990898B84702908F
:10C660004FF000092EE0002523E0705D00B358452F
:10C6700005D1BDF80C1034F81520914213D0FD28D7
:10C6800001D3424602E000FB08F0020A04EB450039
:10C690000088019001460898B847029016F805B046
:10C6A00034F81500039004EB4500BDF80810018034
:10C6B0006D1C5545D9DB079804EB400414980644DB
:10C6C00009F1010904988145CDDBBFE7396D000808
:10C6D000B56C0008B56D00082DE9FF4F87B0044622
:10C6E000DDE914750E469346F8F744F8304604F039
:10C6F0006BFA8046304604F022FA82466DB1BDF8EE
:10C70000280000EB0049FD2F73D3A8F10400059029
:10C7100000200690BDF8287002E1FD2F0ED3002501
:10C7200007E0424620460A9905F07FFB04EB4B04E4
:10C730006D1C5545F5DB0BB0BDE8F08FBDF8001062
:10C74000002060F302010091BDF8001060F3C70102
:10C750000091BDF8001060F30C210091BDF80010AD
:10C7600060F34F310091BDF800000190BDF8040066
:10C7700005903A4605990A9805F008FD04900A9834
:10C780000190BDF80400C0F3C4017943ADF808106E
:10C790004107890E01EB50317943ADF80A10C0F31F
:10C7A00004207843ADF80C00C7F1FF0700261DE018
:10C7B000002516E0BDF8140034F8151088420AD0A0
:10C7C00004EB450000880590014601903A4602A816
:10C7D00005F0BAFD049004EB4500BDF8101001808F
:10C7E0006D1C4545E6DB04EB4B04761C5645DFDB50
:10C7F000A1E79CE000260FE02A78FF2A11D02088CC
:10C80000039001460A9805F0C1FC0490BDF81000A1
:10C8100020806D1CA41C761C464560DAA807EBD16D
:10C820005DE02780F5E72868411C3ED0E0B32A7818
:10C83000FF2A49D02088039001460A9805F0A6FCFB
:10C840000490BDF8100020806D1CA41C2A78FF2ADB
:10C850003CD02088039001460A9805F097FC04908C
:10C86000BDF8100020806D1CA41C2A78FF2A2FD050
:10C870002088039001460A9805F088FC0490BDF8D2
:10C88000100020806D1CA41C2A78FF2A22D020884A
:10C89000039001460A9805F079FC0490BDF8100059
:10C8A00020806D1CA41C19E016E0A00705D027808D
:10C8B0002046C0F80290E78003E0C4F80090C4F876
:10C8C000049008342D1D09E02780BDE72780CAE7C2
:10C8D0002780D7E72780E4E72D1D0834361D05980B
:10C8E0008642A0DD0FE02A78FF2A1ED02088039020
:10C8F00001460A9805F04AFC0490BDF8100020801B
:10C900006D1CA41C761C4645EDDBABEB080004EB6C
:10C9100040041698A0EB080005440698401C0690B9
:10C9200006985045FFF666AF05E72780E8E7002147
:10C9300020880590049089460020069036E0002665
:10C9400029E0287828B3884205D0FF2832D000FBA0
:10C9500007F24FEA1229884205D1BDF8140034F8D5
:10C960001620904210D0B9F1FF0F25D004EB4600FD
:10C970004A460088039001460A9805F007FC049097
:10C98000297834F81600059004EB4600BDF8102015
:10C9900002806D1C761C4645D3DB04EB4B041698D5
:10C9A000A0EB080005440698401C069006985045E8
:10C9B000C5DBC0E6B946CEE70A980490E0E72DE96A
:10C9C000FF4F85B00D46DDE9129AF7F7D3FE074613
:10C9D000BDF82080BAF1000F09D0284604F0F4F821
:10C9E0000490284604F0ABF88346002640E0B5F9F1
:10C9F000026017E0B5F900400FFA86FA0DE0CDF8B5
:10CA00000890ADF80480CDF800A0386823B2079AEA
:10CA1000D0F81CC00599E047641CB5F90400A04299
:10CA2000EDDA761CB5F90600B042E3DA09B0BDE8EC
:10CA3000F08F002416E01AF8040090B100FB09F012
:10CA4000000A0290ADF804806888079A304400B26A
:10CA5000009028880599204403B23868D0F81CC09B
:10CA6000E047641C04988442E5DB14988244761CF9
:10CA70005E45DEDBDAE700680968884201D1012003
:10CA800070470020704740680A6820F0404090429C
:10CA900000D20860002070472DE9F04F87B00446AF
:10CAA0000020069005900AF0B7FA0068057E206A1B
:10CAB000049000260027B4F91410002900DC494234
:10CAC000B4F91600002800DC4042814201DD012655
:10CAD000C5E00127C3E0102104980EF0E2F948B147
:10CAE000B846B946B246B34604980DF091F9C1076D
:10CAF00015D016E04FF4807104980EF0D2F936EAA2
:10CB000000007DD14FF4007104980EF0CAF937EAA5
:10CB1000000075D104980DF01AF904909FE04FF0D1
:10CB2000000A810701D44FF0000B410701D44FF0F8
:10CB30000008000701D44FF0000904980DF066FAD0
:10CB4000039004980DF012F9029004980DF08AF900
:10CB5000019004980DF0E8F90399002902DC02998C
:10CB6000002912DDB8F1000F03D0B4F91610A94264
:10CB700007DAB9F1000F08D0B4F916106A429142F1
:10CB800003DC049906910C2105910199002901DC2F
:10CB9000002812DDBAF1000F03D0B4F91410A94235
:10CBA00007DABBF1000F08D0B4F914106A429142C1
:10CBB00003DC04990691032105910399002901DC06
:10CBC0004FF000080299002901DC4FF0000901999B
:10CBD000002901DC4FF0000A002801DC4FF0000BB7
:10CBE000BAF1000F03D0B4F91400A84218DABBF16F
:10CBF000000F04D0B4F914006942884210DD00E04F
:10CC000031E0B8F1000F03D0B4F91600A84207DAFA
:10CC1000B9F1000F0FD0B4F91600694288420ADC5E
:10CC20000EB1032000E00C2094F83C1060F30301E7
:10CC300084F83C1017E04FF4807104980EF031F93D
:10CC400036EA00000FD14FF4007104980EF029F974
:10CC500037EA000007D104980DF079F804900498A1
:10CC600000287FF438AF069858B194F83C10059826
:10CC700060F3030184F83C100698A0620020A082B3
:10CC8000E082069807B0BDE8F08F00002DE9FF5F55
:10CC9000054628460DF0A8F981465FEA090011D043
:10CCA00041F6FF74002128460DF0A4FE80460021C5
:10CCB00028460DF0ECFE824628460CF039FF8346EC
:10CCC00000275DE0002004B0BDE8F09FA868006880
:10CCD00050F82760304930460EF0EAF8F0BB4FF4C8
:10CCE000805130460EF0DDF8C0B3B9F1010F06D027
:10CCF000B9F1020F09D0B9F1030F40D10CE0B6F938
:10CD00001460A88A404400B21FE0B6F91860288B6E
:10CD1000A0EB0A0000B218E006F1140003F042FF95
:10CD2000B18A00EBD07001EB600006B205F114008F
:10CD300003F038FFA0EB0800A0EB0A0000EBD07076
:10CD4000A98A08EB6000084400B20399314409B293
:10CD5000019A914213DB029A914200E00FE00EDC4F
:10CD6000081A00B2002801DD014600E04142002C13
:10CD700001DD224600E06242914200DA04467F1C57
:10CD80005F45A3D3A4F5F850FF3802D0604200B24B
:10CD900099E70020FBE70000010004002DE9FF5F98
:10CDA000054628460DF029F981465FEA090011D0B1
:10CDB00041F6FF74002128460DF0C4FE8046002194
:10CDC00028460DF0B5FD824628460CF0B1FE83469C
:10CDD00000275DE0002004B0BDE8F09FA86800686F
:10CDE00050F82760304930460EF062F8F0BB4FF43F
:10CDF000805130460EF055F8C0B3B9F1010F06D09E
:10CE0000B9F1020F09D0B9F1030F40D10CE0B6F926
:10CE10001660E88A404400B21FE0B6F91A60688BD9
:10CE2000A0EB0A0000B218E006F1140003F07BFE4C
:10CE3000F18A00EBD07001EB600006B205F114003E
:10CE400003F071FEA0EB0800A0EB0A0000EBD0702D
:10CE5000E98A08EB6000084400B20399314409B242
:10CE6000019A914213DB029A914200E00FE00EDC3E
:10CE7000081A00B2002801DD014600E04142002C02
:10CE800001DD224600E06242914200DA04467F1C46
:10CE90005F45A3D3A4F5F850FF3802D0604200B23A
:10CEA00099E70020FBE70000010004002DE9FF4F97
:10CEB00083B00F46DDE910949246002103980DF0EF
:10CEC000A1FF0546002103980DF0E5FCF9788A07DB
:10CED0000CD5CB0742F2D17201D0954203D0CB07DB
:10CEE00004D1904202D121F00200F870F878C00716
:10CEF000002801D07E4800E07E48029002D1DFF891
:10CF0000F08101E0DFF8EC814FF000006080A0804C
:10CF100020612080A060E060CDF804A05146039815
:10CF20000CF0F0FD0646B4E00198504506D04FF4F1
:10CF3000000130460DF0B5FF00287AD16E49304629
:10CF40000DF0B6FF002875D1002130460DF092FC9F
:10CF500083465FEA0B006FD02069401C2061A188E6
:10CF60004944A180217DC90776D000EB8000800074
:10CF70000BF08CFA054628001ED0E16851B12069FB
:10CF8000401E00EB8000820028460BF054FBE06856
:10CF90000BF0CAFA2069401E00EB800045F82060C3
:10CFA000F878C00709D03046002141F202020DF0A6
:10CFB0001DFE009000B208E0FEE73046002141F27D
:10CFC00005020DF013FE009000B22169491E01EB2D
:10CFD000810105EB81018880F878C00708D03046D0
:10CFE000002141F203020DF001FE009000B207E0C3
:10CFF0003046002141F206020DF0F8FD009000B22B
:10D000002169491E01EB810105EB8101C88020697E
:10D01000401E00EB800005EB8000C0F80CB02069DA
:10D020000021401E00EB800005EB80000161E560FF
:10D0300012E031E01DE0FFE7029930468847F978B9
:10D04000890705D5B4F904100A1806998A4223DC29
:10D05000A18848440844A0803046C0470146B4F93E
:10D060000000814201DD3046C0472080A068401C9E
:10D07000A060F878400702D54FF0FF3000E00120B3
:10D08000019901440191002906DB03980CF03AFD57
:10D090000646002E7FF448AFB4F90400002802DDF4
:10D0A000A0EB0900A080206908B1069801E0B4F95E
:10D0B00004006080C6B10198504515D10399896874
:10D0C000096851F82050F87801AAC0F3800103984C
:10D0D00000F0FCFD45B12846C04720800299284653
:10D0E000884760800120A060019807B0BDE8F08FFC
:10D0F0004BAE0108CB9C0108010006002DE9F04F62
:10D1000093B0044620460021BD4D2A880DF06EFDE7
:10D110000B909DF84B10421C62F30001820862F3F1
:10D120004101C00860F382018DF84B1020460021B8
:10D130006A880DF05BFD0B908DF8480020460021B9
:10D14000AA880DF053FD0B908DF849002046002170
:10D15000EA880DF04BFD0B908DF84A000021204627
:10D160000DF020FB012814D04FF0000A9DF84B0071
:10D17000C00711D0002120460DF0CFFC06469DF8D7
:10D180004B00C0070ED0002120460DF017FC814651
:10D190000DE04FF0010AE9E7002120460DF00EFCFA
:10D1A0000646ECE7002120460DF0B7FC81469DF8CD
:10D1B0004B00C00703D020460CF02AFD02E02046B9
:10D1C0000CF00BFD11902046002141F232020DF0CF
:10D1D0000DFD0B9005462046002141F610020DF092
:10D1E00005FD01460B904819E18A471820460CF0CE
:10D1F0001FFF381A10902046002141F612020DF050
:10D20000F5FC01460B904819A18A451820460CF000
:10D2100006FF281A0F909DF84A809DF84B00C00722
:10D2200001D010AD00E00FAD002120460DF0EAFD69
:10D230000E90002120460DF02EFB0D909DF84B0026
:10D24000C10707D00D99A1F51C52D13A02D1618CCA
:10D25000890509D5C10709D10E99A1F51C52D13A0A
:10D2600004D1618C490501D44FF00008BAF1000FD8
:10D270000DD0C0070BD1B8F1000F03D0B8F1010FEA
:10D2800003D004E04FF0010801E04FF00008002750
:10D2900000200C908346B8F1000F3BD09DF84B0066
:10D2A000400703D5A0684268521E13E0002211E037
:10D2B00000200B9006A8CDE9009012A92046119BF2
:10D2C000FFF7F4FDBDF81810BA1911440FB20BF1B5
:10D2D000010B0246A0684068904201DD002AE7DAAF
:10D2E000BBF1000F01D0B81B07B29DF84B00C0077F
:10D2F00003D020460CF071FC02E020460CF088FCC4
:10D300000CA9CDE9005101460FFA8BF33A4640468D
:10D3100013F09EFD9DF84B00410705D5A168D1F89B
:10D320000480A8F1010801E04FF00008BAF1000FF5
:10D3300004D0C00702D12888384428800DF1180B8A
:10D340003CE001200B90CDE9009B424612A920460B
:10D35000119BFFF7ABFD0746BAF1000F08D09DF80F
:10D360004B00C00704D12888BDF81810401A288047
:10D37000BDF940101198CDE9039BCDE90110BDF92D
:10D380003C0000903B46424612A92046F9F710F9AE
:10D39000B84609980BF0C8F800200990BAF1000FC0
:10D3A00003D09DF84B00C00722D02888BDF8181084
:10D3B0000844BDF83010314408442880A068406813
:10D3C000404502DDB8F1000FBBDA0E9942F2D17090
:10D3D000814202D00D99814202D120460EF024FBF9
:10D3E00000222B21204608F017F813B0BDE8F08F7B
:10D3F000BDF8301028883144401A2880DEE700004C
:10D40000600100202DE9F05F05468A469346287E9C
:10D41000C00769D1EC6800264FF001084FF0010900
:10D4200074B9287EC0F3C000401E30425CD1B9F10F
:10D43000000F59D02846D04704464FF00008C14697
:10D4400016B9264634004FD0B8F1000F05D021465A
:10D450002846D8470446B44246D04FF00108002C75
:10D46000DED020680DF076F90006D9D4276808E0F0
:10D47000012138460DF015FD28B938460CF067FC3F
:10D480000746002FF4D12FB1012138460DF009FDD8
:10D490000028C5D1E868A04226D070B1284600F027
:10D4A00076FA0246E8680F21006807F0B5FF012808
:10D4B0001AD1E86800680DF08FFFEC60284600F094
:10D4C00066FA0246E8680E21006807F0A5FF012809
:10D4D0000AD1E86800680DF07FFF2969002903D0B0
:10D4E0002846BDE8F05F0847BDE8F09F04490A6898
:10D4F0005206FCD5024AC1B2121D116070470000ED
:10D50000003801402DE9F0410446204600F01AF9A8
:10D510000546DFF84880D8F80800011B4E1B401B69
:10D52000C8F80800002E17D0274661193246204659
:10D530000BF081F806E0A068401BA060204600F0D8
:10D5400001F90444D8F808008442F4D1B8192946F6
:10D55000BDE8F0410BF049B9BDE8F0814C01002075
:10D560001CB507480121CDE900100023802205A148
:10D57000074818F0E3FFBDE81C4018F05BB9000055
:10D580001800002073746172745F7461736B000023
:10D59000C52B02082DE9F34F87B0804605A9404608
:10D5A0000CF053FB40460DF050FC029040460CF04E
:10D5B0008CFB0190002140460DF03FFA814600218E
:10D5C00040460DF087FA0546002140460DF0DDFA91
:10D5D0000646002140460DF0CEF9074600214046A0
:10D5E0000DF0A9FA0446002140460DF0F5F904EBD0
:10D5F000D47104F0010202EB6101491C0FFA81FAB7
:10D6000000EBD07100F0010000EB6100401C0FFA4C
:10D6100080FBBAF10D0F01DB4FF00D0ABBF10D0FCE
:10D6200001DB4FF00D0B0D2D00DB0D250D2E00DB6A
:10D630000D260D2F00DB0D2700246FE0D8F8280001
:10D6400000EBC40103A803F04AFABDF90C004845F9
:10D650000CDCBDF91420B9F10D0F01DA494600E0E8
:10D660000D21511A0844ADF80C0006E0BDF8141065
:10D67000A1EB0B010844ADF80C00BDF90E00B0425F
:10D680000BDCBDF916200D2E01DA314600E00D212C
:10D69000511A0844ADF80E0006E0BDF81610A1EBD3
:10D6A0000A010844ADF80E000299BDF91000491BAB
:10D6B000891E88420BDBBDF914100D2D014401DADF
:10D6C000284600E00D200844ADF8100005E0BDF844
:10D6D000141008445844ADF810000199BDF9120027
:10D6E000C91B891E88420BDBBDF916100D2F0144A2
:10D6F00001DA384600E00D200844ADF8120005E0DC
:10D70000BDF8161008445044ADF81200002203A8DA
:10D710000899F5F7B9FD28B9641CA4B2B8F830002F
:10D72000A0428BD8B8F83000A04201D14FF6FF7468
:10D7300009B02046BDE8F08F00F00700002800D1B6
:10D7400001207047B0F90C00032101EB400020F0EC
:10D750000300103070472DE9F05F06460F469046F3
:10D76000002130460DF05BF90446002130460DF0F3
:10D77000A3F98146002130460DF0F9F90546002154
:10D7800030460DF0EAF8824630460DF05EFB001B95
:10D79000A0EB090B30460CF098FA401BA0EB0A00F6
:10D7A000834506DA30460DF050FB001BA0EB090064
:10D7B00005E030460CF089FA401BA0EB0A0000EBB4
:10D7C000D070401003B2B08A191908443880F08A2A
:10D7D000591908447880B8F1000F01D0A8F800303A
:10D7E000BDE8F09F0021024A12880DF0FFB9000049
:10D7F0007001002010B50021024A12890DF0F6F9DF
:10D80000C0B210BD7001002010B50021024A52893B
:10D810000DF0ECF9C0B210BD700100202DE9FC47FD
:10D820000F46002F08D0046965693DB12868B842E9
:10D8300004D16868BDE8FC870020FBE70022608A0D
:10D840004FF0040CC0F308060CE0A06802EB820164
:10D8500050F82130FB1A0CEB8101405A98420AD251
:10D86000521C92B29642F0D81DB12F60616900201F
:10D8700048600020DEE7002602EB82051221A06846
:10D8800001EB85014FF00608415C02290BD04FF0F7
:10D890000C0969B1294810224FF0080C032910D057
:10D8A000012927D043E008EB8501405AC6183EE025
:10D8B00009EB8501415808EB8502805AC95C46187E
:10D8C00035E001930090A06802EB85010CEB85091F
:10D8D000425A50F80910022301A8F7F798F830B31C
:10D8E000A16851F80920801A401008EB8502895A76
:10D8F0000E181CE001930090A06802EB85010CEB70
:10D90000850A425A50F80A10022301A8F7F77FF857
:10D9100068B1A16851F80A20801A401009EB85020D
:10D920008A5808EB8503C95A32F810000E1860694E
:10D9300010B107606069466030467BE7FF4D020822
:10D940002DE9F0410E46054600F01EF90446200080
:10D950001BD0E08A371A002120460DF0CFF9068946
:10D96000002120460DF0FAF900EBD07107EB6101C0
:10D9700009B2304400B291FBF0F080B2A98E81422E
:10D9800001D8491E88B2BDE8F0810020FBE72DE9EF
:10D99000F041074600250026002009F04BFB044615
:10D9A00013E0204609F08DFB216DB94209D1022810
:10D9B00002D0042803D003E02046BDE8F0812546CC
:10D9C0002646204609F036FB0446002CE9D10DB16D
:10D9D0002846F2E70EB13046EFE7BDE8F0410020FF
:10D9E00009F028BB064900E0006810B182690A42CC
:10D9F000FAD018B18069C0F30F107047002070474B
:10DA0000F0FF0F007CB50369002500695B8AC468DC
:10DA10009B04A0682CD4830F17D00123B3EB907F15
:10DA200032D1266801EB0240019018480090A068AE
:10DA3000042320F04042314601A8F6F7E8FF18B36E
:10DA4000801B801061680D561EE0266801EB0221E4
:10DA500001910F4920F0404200910223314601A874
:10DA6000F6F7D5FF80B1801B401061680D560BE0C2
:10DA70006368595C805C39B130B1637B2268491EB0
:10DA800001FB0321401E0D5628467CBD1DF80008F1
:10DA900031F800082DE9FC5F05460F46144698460C
:10DAA0004FF4003128460CF068FE00EBD0704610B1
:10DAB000A01B0FFA80FAAC8CA88E10F0060F06D0CF
:10DAC000C0F34100022806D0012808D01AE0288DB2
:10DAD000204484B216E0E88C204484B212E0B5F908
:10DAE0003010B5F93200084400EBD0704010B5F9A1
:10DAF0002E10814203DAE88C204484B202E0288DA3
:10DB0000204484B204F15A0000B211F019FF00FB66
:10DB10000AF04FEAE03920B211F012FF00FB0AF0E0
:10DB2000C4134FF4403B594628460CF078FF824618
:10DB3000594628460CF0C0FF0190594628460DF082
:10DB400016F80090594628460CF007FF39884944DA
:10DB5000A1EB0A01891BA8F80010398801EB090222
:10DB6000019931441144A8F8041079880A190099E0
:10DB7000511A891BA8F802107988304421440844BE
:10DB8000A8F80600BDE8FC9F406A002802D00021EA
:10DB90000BF0B8BF0020704700210BF0B3BF2DE998
:10DBA000F04105460E4600206B8C0427C3F3C504E4
:10DBB000EA680EE007EBC00151585FEAC11C07D5C7
:10DBC00021F07F41B14203D152F83000BDE8F0812D
:10DBD000401C8442EED84FF0806000EB73204FEA87
:10DBE000F0506884C0F3C500C10010460AF0F6FC8E
:10DBF000E860A0B3688CC0F3C504641E94B1621ED3
:10DC0000E86807EBC20113464258D1010AD49101DA
:10DC100008D400EBC40100EBC30005C805C1641EB5
:10DC2000002CECD1E868082100EBC4000AF0DDFD0F
:10DC300008200AF0FFFBE96841F834000FF0E4FE29
:10DC4000E96807EBC4000A5842F080720A50E9689C
:10DC500066F317020A50E86850F83400B6E7FFE7A9
:10DC6000FEE700002DE9FC410068C068C068B0FB19
:10DC7000F1F5954200DD1546134F7868006880691C
:10DC800000B30020ADF80000ADF80400ADF80200CC
:10DC90002CB2601E06B2ADF806607868694600686E
:10DCA00082699047684602F044FFA84202DD34468C
:10DCB000002CEEDC002C02DC0020BDE8FC81BDF96C
:10DCC00006506D1C2846F8E744010020136800291F
:10DCD0000AD05B1E1360002B04DB8068006850F8DC
:10DCE00023007047002070475B1C13608068416808
:10DCF0008B4203DA006850F8230070470020704719
:10DD000030B5C4684D1C34F8155034F811402C1B44
:10DD10001480826832F811201A80C268406832F894
:10DD20001110084430BD2DE9F84304460D4616464F
:10DD300009F072F909F0C5F901280AD0032808D0C2
:10DD40004FF6FF7006B1308005B128800020BDE895
:10DD5000F88309F061F9694609F07EF900278EB36E
:10DD600020460CF05CF9BDF8001008440FFA80F86A
:10DD7000002120460CF032FD01280CD0A08AA8EB2F
:10DD80000008002120460CF074FEA8EB000000B251
:10DD90000021378012E0002120460CF0B7FE218BD5
:10DDA000081AA0EB080000B2F2E7236B33F8123038
:10DDB000194409B2884205DB521C32803288A38C98
:10DDC0009A42F2D3EDB120460CF032F9BDF80210C0
:10DDD0000844E18A461A002120460CF0F9FE301A68
:10DDE00002B200202F8008E0E36A33F811301844B3
:10DDF00000B2824205DB491C29802988E38C9942C4
:10DE0000F2D30120A3E72DE9FF4F83B006468A46EF
:10DE100098460598F6F7B5FC0121814001F0FF090D
:10DE20004FF0FF37B6F820B06FEA0B0080B20290D7
:10DE300096F82200C0F38005002424E0F06800EB8F
:10DE4000C4014A68920158D5E5B9042202EBC40224
:10DE5000805820F07F400EF00DFD504512D108682B
:10DE6000817911EA090F0DD001AA05990FF097FDEC
:10DE700000B1012030B10198C8F80000012007B0BE
:10DE8000BDE8F08F641C708CC0F3C500A042D5D8EB
:10DE900033E0F06800EBC402042101EBC4014058F8
:10DEA00020F07F400EF0E6FC0346F068405820F07A
:10DEB0007F400EF0E2FC054653451DD11068817984
:10DEC00011EA090F18D002990D4215D1BD4213DD98
:10DED00001AA05990FF063FD00B1012060B15D4515
:10DEE00004D10198C8F800000120C8E7AF4203DA66
:10DEF0002F460198C8F80000641C708CC0F3C50060
:10DF0000A042C6D8002F04DB0198C8F80000012009
:10DF1000B5E70020B3E72DE9F04781460F461D46DF
:10DF2000540842F30006761CC9F15A0000B211F001
:10DF300007FDA7EB040800FB08F0C711484611F0E5
:10DF4000FFFC00FB08F0C011002F07DD7F3F3912F6
:10DF50000A1B32442A802144A98006E07F37391207
:10DF60000A1B2A802144891BA980002808DD7F38EC
:10DF70000012011B314469802044E880BDE8F0872D
:10DF80007F300012011B69802044801BE880F5E788
:10DF90000021024A92880CF029BE00007001002086
:10DFA0002DE9FF4F85B08046DDF854A0B8F8240075
:10DFB00048431FFA80F90798008900EB0A01169878
:10DFC000084407B24E4600251698504404904EE08F
:10DFD000D8F828C05CF8261041B3D8F830B03BF927
:10DFE000150000245B1E0EE032195CF822206AB195
:10DFF0001278D2070AD02A19521C3BF8122010447A
:10E0000000B2641CA4B262199A42EDDB002201B195
:10E010000A7892070BD50798B0F9080000EB0A01BF
:10E0200016980844B84200DD07463FB21BE0DDE920
:10E0300013231A44801A00B20023129ACDE9010377
:10E040000092DDE90723491C03A811F053FDBDF937
:10E050000E1004980844B84200DD07463FB230195C
:10E0600086B2281985B2761CB6B26D1CADB2B8F86E
:10E07000243003EB0900B042AAD809B03846BDE805
:10E08000F08F000010B50021024AD2890CF0AEFDDD
:10E09000C0B210BD7001002010B50021024A128AE2
:10E0A0000CF0A4FDC0B210BD700100202DE9FC41B0
:10E0B00006460C46002130460CF028FE05464FF47B
:10E0C000802130460CF022FEB5F90850B0F90870F6
:10E0D000002130460CF050FE0146781900EBD0705C
:10E0E00001EB600005B230460BF0EFFDF18A00EB6A
:10E0F000D07001EB600005EBD571A0EB6100608092
:10E100002844E080694630460BF09FFDBDF80000D2
:10E110002080BDF80400A080BDE8FC812DE9FF410E
:10E1200005462846FFF738FD04460CB34FF4802718
:10E13000394628460CF0EAFD0646284641F25A4286
:10E1400039460CF053FD05B2204609F0F5FB0146B7
:10E15000002041F6FF72CDE9000202902B463246C4
:10E1600003A811F0C7FCBDF90C0004B0BDE8F081B4
:10E170000020FAE72DE9F04104460D460020678CA7
:10E180000426C7F3C501E3680AE006EBC0029A580B
:10E190005FEA821C03D522F07F42AA4202D0401CD3
:10E1A0008142F2D8814203D003EBC000BDE8F08188
:10E1B0004FF0806000EB77204FEAF0506084C0F3AE
:10E1C000C500C10018460AF009FAE060608CC0F38F
:10E1D000C500401E50B1E268411E02EBC00302EBD5
:10E1E000C10206CA06C3401E0028F4D10821E06817
:10E1F0000AF0FBFA08200AF01DF9E16808600FF048
:10E2000003FCE168486840F000704860E16865F32D
:10E2100017004860E068C9E717B585B01446104894
:10E2200090F82000C0070DD0022112200EF042FB12
:10E2300022460490069903F0F3FF0390BDF80C000A
:10E2400008B010BD022112200EF052FB22460290AF
:10E25000069903F0E5FF0190BDF80400F0E7000027
:10E26000549F00202DE9F047DDE90A48DDE9085612
:10E270004FF0000C6F1EE146002902D0A4F8009078
:10E2800047E0052A03D0062A01D0042A03D100233F
:10E29000012D00D10122002106E036F811A09C4496
:10E2A000D4440FFA8CFC491CA942F6D3ACEB030111
:10E2B00009B2072A2DD2DFE802F004070D2C241939
:10E2C0001000A4F8009024E0411A01EBD17149102C
:10E2D00021801EE0411A21801BE0A4F80090411A21
:10E2E00009B23AB291FBF2F10BB212E0411A09B253
:10E2F0002AB291FBF2F10BB203EBD37149102180EA
:10E3000007E0411A0AB2691C09B292FBF1F10BB2A3
:10E31000238000210AE034F8112036F811C062444D
:10E3200001F1010C1A4424F81C20491CB942F2D313
:10E3300034F8171036F8172011442288891A0BB2C6
:10E34000B8F1000F0CD0002108E034F8112036F8A5
:10E350001170821AD21B24F81120491CA942F4D34F
:10E360001846BDE8F08770B58CB005462846FFF723
:10E3700039FA04462846FFF70BFE002C5BD0002834
:10E3800059D005A92846F7F779FD0C2102A80AF013
:10E390002CFA2846002141F232020CF027FC0190B1
:10E3A00004462846002141F612020CF01FFC0146EB
:10E3B00001900E192846002141F610020CF016FCBF
:10E3C000014601900C4428460BF029FEA98A3144ED
:10E3D000081AADF8100028460BF02AFEE98A2144FD
:10E3E000081AADF81200002407E0006850F8240075
:10E3F00002AA05A901F06EF8641CA8684168A14250
:10E40000F3D805A8F7F7CAFF002128460CF001FD54
:10E410000446002128460CF045FA42F2D1718C42A4
:10E4200001D0884202D128460DF0FEFA00222B21AD
:10E43000284606F0F1FF0CB070BD000070B505462F
:10E44000688E002802D06E6A00240BE0002070BDA8
:10E45000E86A30F81400F7F707FD08B1012070BD35
:10E46000641CA4B256F8240040B105A1F2F780F96B
:10E4700020B156F8240000780028E9D1002070BDB2
:10E480000A00000001460020A1F13002092A01D84B
:10E49000D0B27047612901D32039C9B24139062968
:10E4A000F7D2DFE801F0030507090B0D0A207047DA
:10E4B0000B2070470C2070470D2070470E207047CE
:10E4C0000F2070472DE9F04104460D46606D00288D
:10E4D0002AD0A96830F92160022202EB8101475E4F
:10E4E000A87B01280AD1B4F90C00B04203D1B4F9D9
:10E4F0000E00B84202D0201D00F05EFD201D00F08D
:10E50000C1FD002810D126816781A87B01280DD08C
:10E51000201D00F051FD201D00F0B4FD002803D1A6
:10E520002089A0816089E081BDE8F081201D00F094
:10E5300033FCF0E770B50446394D042168680CF0EF
:10E54000B0FC00286AD0E16A6868814266D00BF0AE
:10E55000B5FB0646E06A10B10BF0B0FB00E000200E
:10E5600086421FD146B1686807F072FB204600F072
:10E5700089FD002852D14FE0E06A40B10F21AA681E
:10E5800006F04AFF204600F07DFD002846D1D5E97F
:10E5900001020E2106F040FF204600F073FD002826
:10E5A0003CD139E060B9E36A53B10F211846AA683B
:10E5B00006F032FF204600F065FD00282ED10CE069
:10E5C000E36A53B198B110211846AA6806F024FFF7
:10E5D000204600F057FD002820D19EB1686807F062
:10E5E00037FB204600F04EFD002817D114E00F2124
:10E5F0001846AA6806F010FF204600F043FD0028E8
:10E600000CD1EAE7D5E901020E2106F005FF20460C
:10E6100000F038FD002801D16868E06270BD00009C
:10E62000240100202DE9F04704460D466079A97BBE
:10E63000012901D1010775D401074FF0000908D560
:10E6400020F00800C4F8449020F00100607184F8C4
:10E65000089094F80880A87B20726868E060266DB6
:10E66000002E5FD0304607F057FBC94F7860002876
:10E6700058D0A87B08B1A5F80C90304607F04CFBA9
:10E68000786000284ED0A97B012902D1B8F1000F93
:10E6900002D0012947D049E010F0F5FD60646968B7
:10E6A0000A2909D0142926D0132928D01B292AD0B9
:10E6B000304607F0CCFB23E178680CF0D4FE20B99B
:10E6C000102178680CF0EDFB10B14FF0010801E06B
:10E6D0004FF00008304607F017FB38EA0008EAD18F
:10E6E000D7E90102012106F097FE201D00F0CAFCC7
:10E6F000002817D104E1A889401EA88100E1A8895B
:10E70000401CA881FCE01B21304607F0A0FBD7E9A4
:10E710000102202106F080FE201D00F0B3FC00283D
:10E7200000D1EDE0B5E0B8F1010F02D0002971D0C1
:10E73000E6E06079C0073CD1606C10F099FD21687B
:10E74000898B884235D9607940F00100607110F002
:10E750009AFDA06468680A2826D178680CF083FEC8
:10E7600020B9102178680CF09CFB00B1012088B121
:10E77000304607F0DBFA012816D9304607F0C4FA14
:10E7800080F00101304607F06DFB202178680AF027
:10E7900049FD09E0D7E90102052106F03DFE201DF3
:10E7A00000F070FC002874D1607940F001006071C5
:10E7B000A6E06079C00718D0A06C10F059FD216860
:10E7C000C98B884211D910F05EFDA06469680A29DE
:10E7D0000CD0142915D0132917D0304607F037FB79
:10E7E000201D00F04FFC002853D189E0D7E9010239
:10E7F000062106F011FE201D00F044FC002848D13F
:10E800007EE0A889401EA8817AE0A889401CA881E2
:10E8100076E0FFE7B8F1010F72D169680A2969D182
:10E820000CF021FE20B9102178680CF03AFB00B101
:10E83000012078B3304607F067FA60B36079C0070B
:10E8400004D0304607F072FA012847D8D7E9010210
:10E85000082106F0E1FD201D00F014FC00286AD11B
:10E86000D7E90102042106F0D7FD201D00F00AFCC3
:10E87000002860D1D7E90102072106F0CDFD201D57
:10E8800000F000FC002856D10A21304607F0DFFADC
:10E8900030E050E000E026E0D7E90102082106F070
:10E8A000BBFD201D00F0EEFB002844D16079C007BD
:10E8B00004D1D7E90102042106F0AEFD201D00F0CD
:10E8C000E1FB002837D1D7E90102072106F0A4FDBA
:10E8D000201D00F0D7FB00282DD10BE02021786807
:10E8E0000AF0A0FC06E06079C00703D101213046A0
:10E8F00007F0B8FAC4F84490607920F00100607124
:10E90000C7F80490A889002815D0304607F0FCF914
:10E9100000B3B5F90C0000280FDA4FF0000405E051
:10E920004FF01401304607F092FA641CB5F90C0060
:10E930004042A042F4DCBDE8F087FCDD002404E0A6
:10E940001321304607F083FA641CB5F90C00A0428D
:10E95000F6DCF0E7B5F90C0000280CDA4FF0000403
:10E9600003E0304607F0C2F9641CB5F90C004042E0
:10E97000A042F6DCDFE7DEDD002403E0304607F0EE
:10E980005FF9641CB5F90C00A042F7DCD3E7000086
:10E990002401002070B50446A06A00286FD194F8C5
:10E9A0003D00C0077CD1256A4FF4004603E02846AD
:10E9B0000BF0CDF905462DB1314628460CF071FA21
:10E9C0000028F4D1002D6BD0B4F91000002801DD2F
:10E9D000014600E04142334A926813689B7E9942A7
:10E9E00009DAB4F91210002900DC4942994202DA2E
:10E9F000002121876187218F084401B22187608F20
:10EA0000638A184400B26087002901DD0B4600E0EC
:10EA10004B421668F67EB34206DC002801DD034651
:10EA200000E04342B3423BDD012384F83D3000293E
:10EA300001DD0B4600E04B42002801DD064600E008
:10EA40004642B34211DD002907DD94F83C0020F076
:10EA5000F000203084F83C0019E094F83C0020F0ED
:10EA6000F000103084F83C0011E0002808DD94F834
:10EA70003C0020F0F000803084F83C0007E00FE01C
:10EA800094F83C0020F0F000403084F83C000C2169
:10EA9000284606F0C1FC2046BDE8704000F0F2BAFE
:10EAA00070BD0000240100202DE9F04104460D4610
:10EAB0006079A97B012901D1010771D401074FF0C9
:10EAC000000706D520F00800676420F0010060719F
:10EAD0002772D4F85080B8F1000F61D0404607F09B
:10EAE0001BF97F4E03467060002B59D0E2686868BE
:10EAF000E060207AA97B2172A97B012900D110B1A5
:10EB0000012948D049E010F0BEFB606469680A2919
:10EB100009D01B2916D0092923D00B292ED0404615
:10EB200007F095F9D9E00A21404607F090F9D6E9B7
:10EB30000102012106F070FC201D00F0A3FA00285C
:10EB40002ED1CAE01B21404607F081F9D6E9010227
:10EB5000202106F061FC201D00F094FA00281FD14E
:10EB6000BBE00021404607F07DF9404607F068F819
:10EB7000201D00F087FA002812D1AEE000214046A7
:10EB800007F070F9404607F0B1F8201D00F07AFA5E
:10EB9000002805D1A1E0012803D0002970D09CE015
:10EBA0008AE068680A2809D102211846B26806F08E
:10EBB00033FC201D00F066FA00287DD16079C00783
:10EBC0001BD1606C10F054FB2168898B884214D9EA
:10EBD000607940F00100607168680A287DD110F00A
:10EBE00052FBA064D6E90102052106F015FC201DA8
:10EBF00000F048FA002871D16FE06079C0076CD04E
:10EC0000A06C10F035FB2168C98B884265D910F0E3
:10EC10003AFBA06469680A290CD0092915D00B2990
:10EC200020D0404607F013F9201D00F02BFA0028F1
:10EC300054D152E0D6E90102062106F0EDFB201D79
:10EC400000F020FA002849D147E00021404607F0B3
:10EC500009F9404606F0F4FF201D00F013FA0028E1
:10EC60003CD13AE00021404607F0FCF8404607F06E
:10EC70003DF8201D00F006FA00282FD12DE0FFE717
:10EC800001282AD16A600A2A22D108211846B268CE
:10EC900006F0C2FB201D00F0F5F900281ED16079B6
:10ECA000C0070BD1D6E90102042106F0B5FB201DF7
:10ECB00000F0E8F9002800E010E00FD1D6E90102E9
:10ECC000072106F0A9FB201D00F0DCF9002805D182
:10ECD0006764607920F0010060717760BDE8F081C1
:10ECE0002401002070B504460D462068006929887B
:10ECF0002182698861820268117CC1F301110229B5
:10ED000001D003290AD111882A88891A491E29802D
:10ED100001686A884988891A491E69800168097CE6
:10ED2000C1F30111012901D0032907D169882A887B
:10ED30006A8000684088401A401E28802068006968
:10ED400003F0E2FC2068006903F02FFDE06C78B16D
:10ED5000B4F90C20B5F900108A4205D1B4F90E209F
:10ED6000B5F902309A4203D0B5F902200DF055FBF7
:10ED700028882081688860812079012807D0201D9B
:10ED800000F01AF92089A0816089E08170BD201D02
:10ED900000F002F8F6E700002DE9F0410446854F47
:10EDA000206A7860617809077ED4B96809680D69BE
:10EDB000002610B1A16AD1B137E0284603F0BAFCB1
:10EDC000211D08F069FA786030B9284603F0BCFCD0
:10EDD000211D08F061FA7860786830B9284603F0A0
:10EDE000C9FC211D08F058FA786001261DE04FF497
:10EDF00000510CF056F8C0B9284603F09BFC211DC9
:10EE000008F04AFA786030B9284603F09DFC211DCD
:10EE100008F042FA7860786830B9284603F0AAFC16
:10EE2000211D08F039FA7860012600255EB1606A7C
:10EE300048B1258365832046F5F756F8204600F053
:10EE400021F9002830D1206A7968884240D0A18811
:10EE50002181E188618140B10321BA6806F0DCFAC2
:10EE6000204600F00FF900281ED178682062606209
:10EE700070B310F008FA2064607820F00100607030
:10EE8000A582E58294F83C0020F00F0020F0F0000D
:10EE900084F83C0084F83D5025876587258265828B
:10EEA000D7E90102012100E081E006F0B5FA204631
:10EEB00000F0E8F800287AD1B8684179090776D4DB
:10EEC000001DFFF737FB204600F0DCF800286ED16C
:10EED000A0882189401A00B22082E1886289891ABB
:10EEE00009B26182B4F918205310B4F91A205210F3
:10EEF00003EB6000208302EB61006083A069E061A6
:10EF00007868002853D00221BA6806F085FA2046B6
:10EF100000F0B8F800284AD1B8684079000746D414
:10EF20002046F4F75AFF204600F0ACF800283ED106
:10EF30002046FFF72FFD204600F0A4F8002836D128
:10EF4000A06AD0B96078C00717D1206C10F090F992
:10EF5000BA681168898B88420FD90521786806F054
:10EF60005BFA204600F08EF8002820D1607840F04F
:10EF70000100607010F087F96064A06A002816D163
:10EF80006078C00713D0606C10F072F9BA6811682D
:10EF9000C98B88420BD90621786806F03DFA2046D5
:10EFA00000F070F8002802D110F06DF96064BDE83F
:10EFB000F0810000240100202DE9F04104464FF0CB
:10EFC00000066078010706D52662666226646664DC
:10EFD00020F0080060701A4F206A7860A56A18B3A4
:10EFE0000821BA6806F018FA204600F04BF800280D
:10EFF00024D1B5B96078C00709D1D7E9010204214D
:10F0000006F00AFA204600F03DF8002816D1D7E9AC
:10F010000102072106F000FA204600F033F800282C
:10F020000CD1266226646664002D07D02046F4F7D2
:10F030005BFF2046BDE8F04100F024B8BDE8F08158
:10F04000240100204279910718D500214162816294
:10F05000C16222F00102416481640183418390F81E
:10F06000403023F00F0380F840308183C1838187D3
:10F07000C18722F0020242710148416070470000DE
:10F08000240100204078810702D5034A0021516005
:10F09000C0F3400070470000240100202DE9F0413A
:10F0A000044694F82A00C00738D0A08C0721B0FB92
:10F0B000F1F0E18CB1FBF0F200FB121200EB400129
:10F0C0000A4492B2E284B2FBF0F300FB132008443E
:10F0D0002085002120460BF019FE05460021204620
:10F0E0000BF04AFE0646B5F9085020460AF075FDB9
:10F0F00007462046FEF750FD0246E18CA819414321
:10F1000007EBD770401005EBD573A0EB6300401AF6
:10F1100001B2BDE8F04110460DF095BBBDE8F081AD
:10F120002DE9F8430446A56A802128460BF0B9FE74
:10F130005A4FFE0CC8B128460AF05FFF01281DD0C7
:10F1400002282ED003283DD06786E68628460AF09E
:10F150004BFF012853D0022862D0032873D02786A2
:10F16000A686208E00286DD08BE0394633460A46AD
:10F1700004F13000009601F06BFDF2E7E88A00230D
:10F18000401C01B232462846FDF708FE6086E88A38
:10F190000023401E02B239462846FDF7FFFDE086F7
:10F1A000D4E7B5F91A10002332462846FDF7F6FDDC
:10F1B0006086B5F91A20002339462846FDF7EEFD92
:10F1C000E086C3E705F1140001F0ADFCE98A00EB2D
:10F1D000D07001EB600808F1010001B20023324653
:10F1E0002846FDF7DBFD6086A8F1010800230FFA31
:10F1F00088F239462846FDF7D1FDE086A6E7B5F945
:10F200001410002332462846FDF740FD2086B5F94C
:10F210001420002339462846FDF738FDA086A0E7D4
:10F22000B5F91810002332462846FDF72FFD208639
:10F23000B5F91820002339462846FDF727FDA0869A
:10F240008FE700E01CE005F1140001F0ABFCA98A97
:10F2500000EBD07001EB600808F1010001B200235F
:10F2600032462846FDF712FD2086A8F1010800234A
:10F270000FFA88F239462846FDF708FDA08670E7A8
:10F280002786A08E00B9A686608E00B96786E08EBC
:10F29000002800D1E686BDE8F883000001E0FFFF0A
:10F2A0002DE9F04705460C461646984605EBC61074
:10F2B00000EB8807B86B002810D084B1A060E5602F
:10F2C000C4602046F6F72FFD81462046F6F72BFD59
:10F2D0000421F6F758F8814502D0FEE7FEE7FEE785
:10F2E000BC630123286903FA06F10843286105EB92
:10F2F000860003FA08F142690A434261BDE8F087DB
:10F3000070B505460E460D4C0020206032461D218A
:10F31000284606F081F8206868B1017849B1314685
:10F32000F1F726FA38B1284621680FF025FC0020B5
:10F3300070BD002070BD012070BD000034020020AF
:10F340002DE9F04188B007460C46154698463846E8
:10F350000CF0C6F8002843D0AC4241D04FF4B47151
:10F360008C4202D9A4F5B474A4B28D4202D9A5F599
:10F37000B475ADB2B88C021996B2284484B28E42EC
:10F3800002D9A6F5B476B6B28C4202D9A4F5B4740B
:10F39000A4B207AA06A93846FEF7DDF94146384669
:10F3A0000BF0EBF905463846414651220BF01EFCA6
:10F3B000039000B1012004A900B10120CDE90201B0
:10F3C000BDF81C00CDE9004582B2BDF91A10BDF9A7
:10F3D0001800334603F038FA04A938460CF031F827
:10F3E00008B0BDE8F0811FB5044602AA03A9204673
:10F3F000FEF7B1F96B46BDF9082003A92046FEF7D8
:10F4000049FB694620460CF01CF81FBD2DE9FF4161
:10F4100004460D46A5F57F40FF3858D0208EA842FF
:10F4200055D9A06A00EBC50102A801F058FB694656
:10F4300020460AF00AFC002120460BF07CFB074620
:10F44000002120460BF0C8FA064620460AF004FCCC
:10F4500003F04AF90A2290FBF2F1B94201DB90FB7A
:10F46000F2F739B290FBF2F3B34201DB90FBF2F614
:10F47000BDF80020BDF80800531A1844ADF8080084
:10F48000BDF80230BDF80A009F1B384400B2ADF849
:10F490000A00BDF80C703A441144ADF80C10BDF8E8
:10F4A0000E101944314409B2ADF80E10A28EAA42D2
:10F4B00009D1E26A32F81520920504D5091A491CCF
:10F4C000401AADF80A0002A920460BF0BAFFBDE8C9
:10F4D000FF8100002DE9F74F84B004460D46BE4978
:10F4E00020460BF0E5FC002876D12046FEF78CF98B
:10F4F00082462046FEF7D0FD8146B9F1000F6BD061
:10F50000BAF1000F68D02046FEF774F9064620468F
:10F51000FEF7B8FD074620460021DFF8C0B2BBF871
:10F520000C200BF063FB019000F0FF082046002147
:10F53000BBF812200BF05AFB0190C0B2039029686F
:10F5400031F8162006EB0A00401EAB6831F81010A7
:10F5500033F810000844801A0FFA80FB696831F80C
:10F56000172007EB0900401EEB6831F8101033F844
:10F5700010000844801A00B20290002120460BF0CF
:10F5800018F901280BD1B8F1000F03D0B8F1020F20
:10F5900003D004E04FF0020801E04FF00008208B98
:10F5A000A18A401A401C0FFA80F9608BE18A401A48
:10F5B000401C0FFA80FAB8F1010F17D0B8F1020F12
:10F5C00023D0B8F1030F08D0286830F91660608C9A
:10F5D00020F48060608425E0FAE0286830F9166045
:10F5E000D946608C40F4806060841BE0286830F865
:10F5F0001610ABEB090000EBD07001EB600006B217
:10F60000608C20F4806060840CE020460BF01DFCD0
:10F61000296831F816105944081A06B2608C20F493
:10F62000806060840398012815D0022824D0032824
:10F6300007D0686830F91780608C20F4007060840F
:10F6400029E0686830F91780DDF808A0608C40F484
:10F65000007060841FE0686830F817100298A0EB13
:10F660000A0000EBD07001EB60000FFA80F8608CAC
:10F6700020F4007060840EE020460AF026FB6968E2
:10F6800031F8172002991144081A0FFA80F8608C9B
:10F6900020F40070608420460BF0D7FB484504D16D
:10F6A00020460AF012FB504527D0A08AADF8000092
:10F6B000E08AADF80200208BADF80400608BADF855
:10F6C000060020460BF088FE04F11400494605466A
:10F6D00001F0CAFA5146284601F0C1FA20460BF063
:10F6E0007BFE6A462921204605F096FE20460AF058
:10F6F0002EFB2246222105F08FFE2046002143F2F8
:10F700000C020BF073FA019005B22046002143F27F
:10F710000D020BF06BFA019007B220460BF095FB3F
:10F72000814620460AF0D1FA0146C5F341306422F1
:10F730004FF4FA634FF47A7C01280CD125F4C040D1
:10F74000984208DC604501DDC0F57A7000FB09F0E5
:10F7500090FBF2F005B2C7F3413001280BD127F43A
:10F76000C040984207DC604501DDC0F57A7048432F
:10F7700090FBF2F007B2701908EB0701069A1289A4
:10F780001044A28A801A05B2069840890844E18A8A
:10F79000401A06B255EA06001AD020460BF01CFEAD
:10F7A000A08A2844A082208B28442083E08A304409
:10F7B000E082608B3044608320460BF00DFE07B082
:10F7C000324629462046BDE8F04F01230BF0C1BE6A
:10F7D00007B0BDE8F08F00000100060070010020B6
:10F7E0002DE9F04105460F461646002011F072FA49
:10F7F000044608E039462046A84701280AD020469A
:10F8000011F068FA044614B160688000F2D100205B
:10F81000BDE8F08106B134600120F9E703880A8869
:10F82000934201D0981A704740884988401A70471F
:10F8300003780A78934201D0981A70474078497843
:10F84000401A704700B585B00B48816941F0080146
:10F850008161806900F0080000904FF4E050019051
:10F8600000200290012003900220049001A9034887
:10F87000F1F782FE05B000BD00100240000C01400F
:10F880002DE9F05F00250026DFF8B8804FF480698D
:10F8900049464046F1F77AFF2B4C4FF4006A4FF48B
:10F8A000805BC0B151464046F1F770FF98B15946B0
:10F8B0004046F1F76BFF70B1F1F776FF606001260B
:10F8C000207828B1207A0021022831D00546217005
:10F8D0002846BDE8F09F012727700520F7F704FDB3
:10F8E00049464046F1F752FF50B151464046F1F7C4
:10F8F0004DFF38B159464046F1F748FF28B106E0C0
:10F90000277204E00220207201E003202072207A96
:10F910000228D5D160780028D2D1F1F745FF61687F
:10F92000401AB0F5FA7FCBD9042020726770C7E780
:10F93000002ECDD0607810B161702170C8E702252B
:10F94000FBE70000000C01404C0F00200020FFF7F7
:10F9500097BFFFF777BF000010B50C46FFF7F6FF23
:10F960000D4998B10122A273012806D0022806D0C1
:10F97000032806D0042807D105E0142004E009205C
:10F9800002E0132000E00A20086001E00020A073DC
:10F990000868606010BD00001001002010B54268CA
:10F9A000096822F040428A4203D1FDF7ABFD0120F5
:10F9B00010BD002010BD70B50546284605F0EAFCD4
:10F9C0000446284605F024FD064630460AF0BFF9F5
:10F9D00005462A2C01D0292C0BD10021304608F0F5
:10F9E0007BFB284612F0C4F82846BDE8704013F0AF
:10F9F000B7B870BD70B5054628460AF099F80646B6
:10FA0000002406E0A868006850F82400FFF7F2FF21
:10FA1000641CB442F6D3688CC10720D020F00100EA
:10FA2000688428460CF000F828460BF0E6FE002E0D
:10FA300015D0002128460AF043FF00280FD00849BE
:10FA4000496888420BD80749401E0A6802EBC0018A
:10FA5000496852F830202846BDE87040104770BD14
:10FA600038010020C801002070B5049D141A641CE0
:10FA70005E1A761C7443A4B29BB292B289B280B271
:10FA8000F3F716F861002846BDE87040F2F75EBF54
:10FA900010B504461120F2F7A3FF7820F7F724FCF5
:10FAA0003620F2F79DFF002C7DD0012C7CD0022C5B
:10FAB0007BD0A020F2F77AFF3A20F2F791FF0520E1
:10FAC000F2F774FFB220F2F78BFF0C20F2F76EFF13
:10FAD0000C20F2F76BFF0020F2F768FF3320F2F7FB
:10FAE00065FF3320F2F762FFB720F2F779FF352088
:10FAF000F2F75CFFBB20F2F773FF3220F2F756FFFC
:10FB0000C220F2F76DFF0120F2F750FFC320F2F799
:10FB100067FF1520F2F74AFFC420F2F761FF2020AB
:10FB2000F2F744FFC620F2F75BFF0F20F2F73EFF2B
:10FB3000D020F2F755FFA420F2F738FFA120F2F70A
:10FB400035FFE020F2F74CFFD020F2F72FFF08201E
:10FB5000F2F72CFF0E20F2F729FF0920F2F726FF1B
:10FB60000920F2F723FF0520F2F720FF3120F2F7FA
:10FB70001DFF3320F2F71AFF4820F2F717FF172076
:10FB8000F2F714FF1420F2F711FF1520F2F70EFF21
:10FB90003120F2F70BFF3420F2F708FFE120F2F7F3
:10FBA0001FFFD02002E032E035E038E0F2F7FEFE41
:10FBB0000820F2F7FBFE0E20F2F7F8FE0920F2F71C
:10FBC000F5FE0920F2F7F2FE1520F2F7EFFE3120E4
:10FBD000F2F7ECFE3320F2F7E9FE4820F2F7E6FEFA
:10FBE0001720F2F7E3FE1420F2F7E0FE1520F2F7FB
:10FBF000DDFE3120F2F7DAFE3420F2F7D7FE2120C5
:10FC0000F2F7EEFEBDE810402920F2F7E9BE002031
:10FC1000F2F7CCFE50E7C020F2F7C8FE4CE77020A8
:10FC2000F2F7C4FE48E7000000B585B00B488169D3
:10FC300041F010018161806900F0100000900820FF
:10FC4000019001200290002003900220049001A95D
:10FC50000348F1F791FC05B000BD00000010024020
:10FC6000001001402DE9F0478046089D1F46E869D5
:10FC700000FB01F39B1200280ADD934212DD95F888
:10FC80002800800702D50120BDE8F0870020FBE7AF
:10FC9000934207DA95F82800800701D50120F3E7A1
:10FCA0000020F1E7CB1943439B12002809DD934262
:10FCB00011DA95F82800800701D50020E4E701203B
:10FCC000E2E7934207DD95F82800800701D5002080
:10FCD000DAE70120D8E7002804DDA869504340F3A3
:10FCE000950004E0A869521C504340F395000212AD
:10FCF000C0B2FF23002824D06E6AC0F1FF0404FBC9
:10FD000006F4A3EB2426A2EB0104A14634D0002C78
:10FD100015DBBC4213DAC0F1FF00C6F1FF01484316
:10FD2000A3EB6020C1B295F82800800701D5C1F18E
:10FD3000FF0118F8040010F095FB08F80400641C9B
:10FD40001AE04FF0FF06DEE7002C10DBBC420EDAB3
:10FD5000A6EB6000C1B295F82800800701D5C1F17B
:10FD6000FF0118F8040010F07DFB08F80400686A31
:10FD7000361A641CBC4202DA686AB042E4DBBC4258
:10FD800018DA002C16DBA869704380127043C0F3A8
:10FD90004721E869002801DAC1F1FF0195F8280040
:10FDA000800701D5C1F1FF0118F8040010F05AFBDB
:10FDB00008F8040095F8280080070AD54946B9429A
:10FDC00001DD002060E700290FDB404608F00DFD53
:10FDD0000BE0641C002C01DA002055E7BC4204DC77
:10FDE000391B08EB040008F000FD02204CE72DE968
:10FDF000F05F06460A9F89461D46BB6903FB02F475
:10FE0000A012002B00DD401C97F82810484506DAA8
:10FE1000880702D50120BDE8F09F0020FBE7A01273
:10FE200009EB050C844505DA880701D50020F2E7C7
:10FE30000120F0E744F395004FEA2028C0B2521C9D
:10FE40005A4342F39504221204F0FF0CA8EB090474
:10FE5000904505D0002B03DA10B9FF209046641EB0
:10FE6000904530D1002C0EDBAC420CDA6044C0F37C
:10FE70004700890701D5C0F1FF00325D01461046F9
:10FE800010F0F0FA3055641C97F8280080070BD565
:10FE9000A8EB0901A94201DB0020BCE7002902DB35
:10FEA000304608F0A2FCABE0AC4200DD2C46002C52
:10FEB00007D005DDA5EB040106EB040008F095FC76
:10FEC0009EE00020A7E74FF0FF0B002B4BDAFA690A
:10FED000524242434FEAA22A002C0FDBAC420DDA19
:10FEE0000AFB00F0C0F34720890701D5C0F1FF00ED
:10FEF000325D0146104610F0B5FA3055641EB869FF
:10FF0000AAF1FF0148438012002C11DBAC420FDA4A
:10FF1000CAF1FF014143ABEB6120C1B297F8280061
:10FF2000800701D5C1F1FF01305D10F09BFA30551B
:10FF3000A41C97F8280080070AD5A8EB0901491EE0
:10FF4000A9425DDC00295BDD304608F04EFC57E03D
:10FF5000AC4201DD01205EE7002C51DB291B30198A
:10FF600008F043FC4CE0FA69C0F1FF0042434FEA5D
:10FF7000A22A002C10DBAC420EDA00FB0AF0ABEB3D
:10FF80006020C0B2890701D5C0F1FF00325D014693
:10FF9000104610F067FA3055641CB969CAF1FF00C9
:10FFA00041438912002C0EDBAC420CDA4843C0F30B
:10FFB000472197F82800800701D5C1F1FF01305D86
:10FFC00010F050FA3055641C97F8280080070BD5C4
:10FFD000A8EB0901A94201DD00201CE700290FDB85
:10FFE000304608F002FC0BE0AC4200DD2C46002C51
:10FFF00008D005DDA5EB040106EB040008F0F5FBD5
:020000040801F1
:10000000022008E7002006E7F8B50446656A07F015
:1000100003F80646002E16D0304607F052F80128A5
:1000200004D0304607F04DF803280CD1694630461D
:1000300007F012F8BDF902102846FDF781FC688729
:1000400020460BF0C9F9F8BD7CB5446A06F0E4FF20
:100050000546284607F035F804280DD1E18E2187A2
:10006000204609F02BFE0646304605F04DFE18B13D
:100070000021304605F0F6FE284607F022F8012858
:1000800004D0284607F01DF803280AD169462846FF
:1000900006F0E2FFBDF902102046FDF751FCE086B4
:1000A0002087204604F07CFEA06A10B920460BF0A1
:1000B00093F9E08E019001AA1C21204605F0ACF9CD
:1000C0000128FFD17CBD00002DE9F04107460E4616
:1000D0004FF000081148F4F789F8044618E021466B
:1000E0000E48F4F79AF805462068B84200D077B970
:1000F0006068B04200D056B921460848F4F7EDF8E0
:10010000204608F023FAF5F711FA4FF001082C46C3
:10011000002CE4D14046BDE8F0810000A89F0020FB
:1001200070B505460C460948F4F760F80BE0016825
:10013000A94204D14168A14207D0002C05D0014654
:100140000248F4F76AF80028F1D170BDA89F00209A
:1001500010B504464021204608F047FB4FF4FA70E2
:10016000A0620020E061642060620120A087044852
:10017000A06194F83E0040F0010084F83E0010BDFC
:10018000BB01010838B504464FF480650095D4E9F9
:100190000A200023194608F03BF940F2B6334FF429
:1001A00061720021009500F04DFF0146626AE0692E
:1001B000121A4A439112084438BD38B504464FF428
:1001C00080600090D4E90A200023194608F020F945
:1001D0000146626AE069121A4A439112084438BD26
:1001E000D0E90A21914201DB406A7047C06970473B
:1001F0008B1A002B00DC531A4FF47A714B43B3FB7C
:10020000F0F0002800D101207047000070B50546CD
:100210006968002902D02868FFF756FF1948F4F7EB
:100220004FF8194E10B10FF02EF870601548F4F722
:100230000BF80446200024D04022294608F0FBF9A0
:100240002868A84200D12460717894F83E0061F3D8
:10025000820084F83E00C0070FD0216939B12046E2
:100260008847E1690144E161616A0844606262684B
:100270001AB1206808B1E1699047F5F757F92046AF
:1002800070BDFEE7A89F0020BC01002010B50C4601
:100290000020A084872161852D22A285E184490068
:1002A0002185A18E21F00601A1864FF40041E18550
:1002B000A18E41F00801A186208664206086A08E70
:1002C00020F00100A0861001E0860EF0DCFFA063A4
:1002D000208DA0870221204608F017FB4FF44071C3
:1002E000204608F064FF2046BDE810400D210BF0C9
:1002F000D1BF000010B50146044808F0B7FE04461F
:10030000204608F017FF204610BD0000407C020880
:100310002DE9F04FABB00546284605F079F80446C4
:10032000284605F03DF82A9028AA29A92046FDF77D
:1003300012FA16A82A9909F0BDF9BDF9A000DFF854
:1003400090810DF1A40A0DF1480B00282EDD12A8B2
:1003500002F051FA12AA002120460AF0E6FD002020
:100360002390CDF85C801890CDF87CA0BDF8A0005B
:10037000ADF89400CDF878B016AA1A21204605F001
:100380004BF8A18DA08C628D0144104489B280B2DB
:10039000CDE90001BDF8943029AA12A92A9802F0EB
:1003A0001AFA16AA1B21204605F036F84FF4003938
:1003B000494620460AF033FB0546494620460AF0E6
:1003C0007BFB0646494620460AF0D1FB07464946D4
:1003D00020460AF0C2FAB54201DD294600E0314666
:1003E000874201DD3A4600E00246914205DDB54212
:1003F00001DD284604E0304602E0874200DD384651
:10040000BDF8A010081A05B2002D35DD12A802F0C3
:10041000F2F912AA494620460AF087FDCDF88C90E1
:10042000CDF85C8001201890CDF87CA0ADF89450F8
:10043000CDF878B016AA1A21204604F0EDFFBDF9D8
:100440004A10BDF99400814201DDADF84A00218DCA
:10045000A08CE28C0144104489B280B2CDE9000145
:10046000BDF8943029AA12A92A9802F0B4F916AA64
:100470001B21204604F0D0FF10ABBDF9A02029A914
:100480002046FDF707FB02A803F0B0FC4FF440350F
:1004900002AA294620460AF032FE2395CDF85C8058
:1004A0000220189010A8199002A81A9016AA1A21D2
:1004B000204604F0B1FF10AA02A92A9803F082FC9A
:1004C00016AA1B21204604F0A7FF2BB0BDE8F08F31
:1004D000407C02082DE9F04786B00F463946F948BE
:1004E00009F0F0FA01287DD1384604F053FF0546A3
:1004F000384604F08DFF0646384604F089FF04466E
:10050000022D11D0082D6ED0032DFCD00D2D6BD0F7
:10051000112D6AD0132D69D0152D63D106B0384640
:10052000BDE8F047FFF7F4BE06F076FD0546002D66
:1005300058D0284606F0C5FD012853D105A9284604
:1005400006F08AFD03AA04A93046FDF704F9BDF8B8
:100550001400BDF81010401AADF81400BDF81600D4
:10056000BDF81210401AADF8160094F83400C00718
:100570003ED14FF4003130460AF0FFF80546BDF891
:100580000C00401B03904FF4803130460AF089FC88
:1005900020B1BDF80C00401B03900AE0BDF90C002F
:1005A000C11700EB91718910A94200DD0D46401B77
:1005B0000390BDF90C00012801DA01200390BDF978
:1005C0001410BDF91600494300FB0011BDF90C00E1
:1005D000404381420CDDA08E40F00100A0860EF069
:1005E00052FE04E085E09EE0B8E0E3E023E1A06392
:1005F00094F83400C0077CD0BDF9141019B9BDF8C7
:100600001600002875D0B4F92C70A08D628D904230
:1006100002D200F5B47007B2BDF9160000F029FB54
:10062000A18C401A628D801A00B2002802DA00F50F
:10063000B47000B2B91A09B2A38F9A1A0FFA82F8ED
:10064000A0EB080212B202F58C72B2F50C7F07D94A
:1006500094F83400000701D500200FE008460DE0B3
:1006600001EBD171B0EB610F04DAA18E41F008010A
:10067000A18603E0A18E21F00801A186A0EB08006D
:1006800005B2A06B0EF0F4FDE18E41434FF47A7099
:10069000B1FBF0F000B2854201DD054603E04042C7
:1006A000854200DA05B208EB0502618DB4F932002B
:1006B000B4F93030A7EB010CC51A4FEACC0C9CFB07
:1006C000F5F52D1D2D112A440A4415B2B4F92E80DA
:1006D00000903A46284607F09BFE05B2304600F0EF
:1006E0000CF9A84211D00EF0CEFDA0632946304689
:1006F00000E015E000F0A0F9454506D000221C21DD
:10070000304604F089FE01280AD1B4F93000A8422D
:1007100003D0B4F93200A84202D10EF0B4FDA063B8
:1007200006B0BDE8F087A08E20F00100A08630461C
:1007300009F0C4FA0546284605F0E6FA044606F034
:100740006BFC06F0BEFC0428EAD1002CE8D006B011
:100750002846BDE8F047002105F084BB384604F088
:1007600055FE0078B4F92E50132806D0112804D075
:1007700014280BD0122809D010E0304600F0BDF844
:10078000401C01B2304600F057F907E0304600F057
:10079000B4F8401E01B2304600F04EF9B4F92E0014
:1007A000A842BDD006B03046BDE8F04700221C216B
:1007B00004F032BE384604F029FE044604AA05A916
:1007C0003046FCF7C8FF0025B06808B1B0F91450F6
:1007D0000021304609F0D1FF0646BDF8101070190F
:1007E000081A0490BDF81620111809B20091BDF83E
:1007F0001410121A0B18081A01B21BB212B202A876
:1008000000F026FA47F6FF773A4602A82168F2F789
:100810003BFD10B10020207182E706EB450001B2DC
:100820000A4602A800F0FAF93A4602A82168F2F74F
:100830002BFD207174E7002130460AF0F0F80446E1
:10084000002130460AF038F90546002130460AF00A
:100850008EF98046002130460AF07FF8AC4201DD77
:10086000214600E02946804501DD424600E002467F
:10087000914203DDAC4206DC2C4604E0804501DDFC
:10088000444600E004464FF4403A514630460AF0F0
:10089000C6F80546514630460AF00EF980465146E4
:1008A00030460AF064F98146514630460AF055F860
:1008B000454501DD294600E04146814504DD4A46C3
:1008C00003E00000407C02080246914205DD4545F8
:1008D00001DD284604E0404602E0814500DD48464F
:1008E000801C05B2384604F091FDB0F900102A1BB7
:1008F000914200DC1146018012E7B0F92E007047EA
:1009000070B50D4604461146204600F006F829460B
:100910002046BDE8704000F053B870B505460C465F
:100920004FF4B470844202D9A4F5B474A4B22E8DED
:10093000EA8CB11A09B2A21A12B2002902DA01F540
:10094000B47109B2002A02DA02F5B47212B2531A73
:10095000B433834203D928460AF03EFD10E04FF439
:1009600000338A4205DA324621462846FEF7E8FC83
:1009700006E0914204DA224631462846FEF7E0FCC2
:100980002846FEF730FD2C852846BDE87040FEF76E
:100990002ABDB0F930308B4203D1B0F932309342E6
:1009A0000DD001864286B0F92E308B4200DAC18527
:1009B000B0F92E10914200DDC28514F0DBBF704704
:1009C00070B505460C464FF4B470844202D9A4F5C4
:1009D000B474A4B22A8DEE8C911B09B2121B12B210
:1009E000002902DA01F5B47109B2002A02DA02F52F
:1009F000B47212B2531AB433834203D928460AF0B0
:100A0000EBFC10E04FF400338A4205DA224631460F
:100A10002846FEF795FC06E0914204DA324621466C
:100A20002846FEF78DFC2846FEF7DDFCEC842846C0
:100A3000BDE87040FEF7D7BCB0F92E308B420ED027
:100A4000B0F932208A4200DA1146B0F930208A42E9
:100A500000DD11468B4202D0C18514F08BBF704778
:100A60000A8802804A8842808A888280C988C18038
:100A700070470A8802804A8842808A888280C988B2
:100A8000C18070470A8802804A8842808A888280B2
:100A9000C988C18070470A8802804A8842808A8853
:100AA0008280C988C18070470A8802804A88428053
:100AB0008A888280C988C18070470A8802804A88F3
:100AC00042808A888280C988C18070470A880280F3
:100AD0004A8842808A888280C988C18070470A8893
:100AE00002804A8842808A888280C988C180704793
:100AF0000A8802804A8842808A888280C988C180A8
:100B000070470A8802804A8842808A888280C98821
:100B1000C18070470A8802804A8842808A88828021
:100B2000C988C1807047C1884088081A401C00B23B
:100B30007047C1884088081A401C00B27047C188BD
:100B40004088081A401C00B27047C1884088081AC3
:100B5000401C00B27047C1884088081A401C00B28F
:100B60007047C1884088081A401C00B27047C1888D
:100B70004088081A401C00B27047C1884088081A93
:100B8000401C00B27047B0F90410B0F90020891A77
:100B9000B0F90620B0F90200491C101A401C41436C
:100BA0000846704781880088081A401C00B27047C8
:100BB00081880088081A401C00B27047818800882C
:100BC000081A401C00B2704781880088081A401C2F
:100BD00000B2704781880088081A401C00B2704734
:100BE00081880088081A401C00B2704781880088FC
:100BF000081A401C00B2704781880088081A401CFF
:100C000000B2704781880088081A401C00B2704703
:100C100081880088081A401C00B2704703885B1A5C
:100C200003808388194481804188891A4180C18862
:100C30001144C180704703880B44038083881944A2
:100C40008180418811444180C1881144C18070472E
:100C500010B5029C018042808380C48010BD428810
:100C6000491E1144C18070470288491E1144818089
:100C700070470022002801DA01224042002902DAEE
:100C8000921CD2B24942884208D9C1EB011101EB52
:100C90004101B1FBF0F31032D2B205E0C0EB00101D
:100CA00000EB4000B0FBF1F30020D9B216290FD9B8
:100CB0002C2900D80120292901D8401CC0B225299F
:100CC00001D8401CC0B2202911D8401CC0B20EE08F
:100CD000022900D30120062901D3401CC0B20A29F1
:100CE00001D3401CC0B20F2901D3401CC0B218442C
:100CF000D10601D5C0F15A00910706D5D10701D020
:100D0000B43006E0C0F1B40003E0D10701D0C0F573
:100D1000B47080B27047C16000680AF05DBB0068C3
:100D200001684FF0FF32C26001F13C02904202D1F3
:100D300082684A6205E001F14C02904201D182686A
:100D40000A6300680AF048BB10B50C460022A26294
:100D50006420E06222636262A2862287E286628762
:100D600084F85C2004F13C01204600F0B8F804F15E
:100D70004C01204600F0B3F80821204608F017FA8D
:100D80001021204608F013FA20460022BDE810404A
:100D9000114600F0FAB8000010B50146044808F00A
:100DA00065F90446204608F0C5F9204610BD00004C
:100DB0005C7C020810B508460446002104F13C00A2
:100DC000FFF782F904F14C00BDE810400021FFF765
:100DD0007BB900002DE9F0410E463146314808F05C
:100DE00071FE012855D1304604F0D4FA044630464D
:100DF00004F00EFB8046132C0AD0012C4BD0082C9B
:100E000049D0152C45D13046BDE8F041F7F78CBEEE
:100E10004FF40031404608F08EF80546304604F0A5
:100E2000F5FA0446B4F90000A84200DC2846208008
:100E30000021404609F0FAFD05460021404609F030
:100E400042FE06460021404609F098FE0746002172
:100E5000404609F089FDB54201DA294600E03146F5
:100E6000874201DA3A4600E00246914205DAB5428D
:100E700001DA284604E0304602E0874200DA3846CC
:100E8000002806DAB4F900104042814200DC014635
:100E90002180BDE8F08141464046BDE8F041343153
:100EA0000AF0CFBA5C7C020890F85C0000F0030006
:100EB000704790F85C1001F00301022901D0806AAC
:100EC0007047816D491C01D0406D7047006B7047C1
:100ED000816C491C01D0406C7047406A70470860C3
:100EE000002048608860401EC860704770B50446A6
:100EF0000D46A06AA84202D1E06A90421ED0E2628A
:100F0000A5622046FFF7D0FF022800D02563606A63
:100F1000904205DD114662620022204600F035F85D
:100F2000606AA84205DA656229460022204600F080
:100F30002CF82046BDE870400AF04EBA70BD38B5B6
:100F40000C46154690F85C1001F0030102291BD1F4
:100F5000D0E90A31A14201DD224600E00A4693426F
:100F600001DD194602E0A14200DD2146426A8A42C3
:100F700000DA1146026B8A4206D000F14C0300F100
:100F80003002009500F022F838BDF8B51646436AE5
:100F90008B421AD0D0E90A248C4201DD0D4600E0D4
:100FA0002546AA4201DD114602E08C4200DC2146C2
:100FB000026B8A4200DD11468B4206D000F13C03F1
:100FC00000F12402009600F001F8F8BD30B591B0B0
:100FD000054614981C46002824D0E068401C28D000
:100FE000A0686060A160116000212046FFF76CF8E6
:100FF00001A8FFF7ADF801941048029000204FF4CB
:101000008071089009900A910D48049028460021AB
:10101000652209F0EBFD00900B9001A8FFF7F6F8B0
:1010200011B030BD116011B02846BDE830400AF063
:10103000D3B910686060A160D5E70000170D010802
:101040001F0D01082DE9F041DDF81880C0F580641E
:1010500004FB04F5AD0A05FB04F64FEA962C00FBF1
:1010600000F6B60A06FB00F7BF0A0CFB01FC4FEACC
:101070009C214543554305EB4500000D74435C43FB
:1010800004EB4402120D07FB08F7BB0A08441044A6
:101090001844BDE8F08110B50C461021204608F038
:1010A00086F82046BDE810404FF4806107F02DBC63
:1010B00070B504461546208E88420FD9E36A33F88E
:1010C0001120AA4323F811202046FEF79FF9A80516
:1010D00004D52046BDE870400AF00FBE70BD2DE972
:1010E000F04106460F463546002406E03A462146C2
:1010F0003046FFF7DDFF641CA4B2288EA042F5D86D
:10110000BDE8F08108460022028642864FF6FF7154
:1011100081868262C262426280F83620014900F014
:1011200061BB00001802002010B50146044807F01A
:101130009DFF0446204607F0FDFF204610BD00003D
:10114000947C020810B50C46A06A07F0FFF9E06A2B
:1011500007F0FCF90020A062E06210BD2DE9FC4719
:101160000F463946F74808F0ADFC01283ED1384615
:1011700004F010F90546384604F04AF904464FF0E9
:10118000000A132D15D1384604F040F906462046D2
:10119000FDF754F958B1608E30B1204608F01DFDBE
:1011A000618E90FBF1F000E00020308001E0A6F8B5
:1011B00000A02A2D1CD0292D1FD04FF6FF76012D1F
:1011C00020D0022D7BD0082D73D0062D72D0032D98
:1011D00071D00E2D70D00F2D6FD0102DFCD00D2D95
:1011E0006CD0152D02D13846F8F74CFDBDE8FC87D0
:1011F0002046616A00F0F6FAF8E72046616A00F0DE
:10120000F1FAF3E7384604F001F90546A18E2046CD
:10121000FEF7FCF805F000FF05F053FF012801D0B0
:1012200003281BD101A9284605F016FF01A9204675
:10123000FCF7B0F90546B54210D0E06A30F8150069
:10124000F4F70FFE50B9E06A30F81500F4F706FE27
:1012500020B9A58629462046FEF7D8F8A08EB042D0
:10126000C4D0E16A31F81000F4F7F5FD0028BDD1D3
:10127000A08EE16A31F81000F4F7F6FD0028B5D130
:10128000A08EE16A31F81000F4F7EBFD0028ADD133
:10129000A08EE16A31F81000F4F7E0FD0028A5D136
:1012A000A08E00906A461C21204604F0B5F89DE708
:1012B00005E051E0AFE0D0E0D5E020E127E138469D
:1012C00004F0A4F8074605F0A7FE0546284605F0F9
:1012D000F8FE04288AD0022888D001A9284605F003
:1012E000BBFE01A92046FCF755F90546A18EA9428F
:1012F00087D0B14202D02046FEF788F8A58638464E
:1013000005F09CFFB542D2D0E06A30F81500F4F742
:10131000A8FD0028CBD1E06A30F81500F4F79EFD57
:101320000028C4D129462046FEF770F8E06A30F85C
:101330001500F4F790FD0028B9D1A08EE16A31F8CC
:101340001000F4F791FD0028B1D100956A461C21E8
:10135000204604F061F849E7A08EB04256D0E16A19
:1013600031F81000F4F771FD08B3A08EE16A31F88E
:101370001000F4F776FDD0B9A08EE16A31F81000C4
:10138000F4F760FD18B194F83600C00717D0A18EAD
:10139000E06A30F8112042F0800220F8112094F821
:1013A0003600C00703D0A18E20460EF0B3FDA08EFC
:1013B000E16A31F81000F4F74EFD80B908E0A08E24
:1013C000E16A31F8102022F0800221F81020E6E7CF
:1013D000A08EE16A31F81000F4F746FDB0B1A08E9E
:1013E000E16A31F81000F4F73CFD78B9A08EE16AAB
:1013F00031F81000F4F732FD40B9A08E00906A4633
:101400001C21204604F008F80128A4D1A18E204612
:10141000FDF7FCFFEAE6A08EB0429CD0E16A31F80D
:101420001000F4F727FD002895D1A08EE16A31F86D
:101430001000F4F716FD00288DD1A08EE16A31F876
:101440001000F4F70BFD002885D1A08E00906A46AD
:101450001C21204603F0E0FFC8E6A18E2046FDF7E0
:10146000D5FFA686C2E6384603F0D0FF07463846C9
:1014700005F027FE05462FB9002005F0DBFD05F03D
:1014800020FE0546204608F019FC04F03DFCA18E24
:10149000B142BFD1022D02D0042D2ED168B3002558
:1014A00094F83600C00701D117E06D1CE06A30F8EF
:1014B0001500F4F7D3FC0028F7D1E06A30F81500E6
:1014C000F4F7CFFC0028F0D1E06A30F81500F4F70B
:1014D000BFFC0028E9D00EE06D1CE06A30F8150072
:1014E000F4F7BCFC0028F7D1E06A30F81500F4F7F7
:1014F000B8FC0028F0D1A58678E6A68676E6A18E0F
:10150000B14202D02046FDF781FFA6866EE6A18E8D
:101510002046FDF77BFF384603F078FF007813285C
:1015200009D0142833D002274FF00408122855D0D0
:10153000112878D00BE1A08EB04205D1A4F834A0D8
:1015400004E00000947C0208401CA086A18E208E3E
:1015500081420BD3A4F834A008E0A08E401C80B2D6
:10156000A086218E884201D3A4F834A0A08EE16A1F
:1015700031F81000F4F772FC0028EED1A08EE16A79
:1015800031F81000F4F76DFC0028E6D1DFE0A08E02
:10159000B04201D1A4F834A0A08E10B1401EA086A4
:1015A0000BE0208E401EA08607E0A08E10B1401EEA
:1015B000A08602E0208E401EA086A08EE16A31F84F
:1015C0001000F4F74BFC0028EFD1A08EE16A31F84F
:1015D0001000F4F746FC0028E7D1B8E000212046CF
:1015E00009F0FAF98146A08EB0421DD1A4F834A0CA
:1015F00008E0A08E401C80B2A086218E884201D3D4
:10160000A4F834A0A08EE16A31F81000F4F726FCAB
:101610000028EED1A08EE16A31F81000F4F721FC29
:101620000028E6D193E036E0A16A01EBC000FFF7A5
:10163000E9FAA58EA26A32F8351001EB600006B215
:1016400021E0A06A07EBC501425EA18E07EBC10154
:10165000415E8A4215DD30F93510B14211DC08EBEC
:10166000C501405E4844B0420BDBE06A30F815002B
:10167000F4F7F7FB28B9E06A30F81500F4F7EEFB51
:1016800020B16D1CADB2208EA842DAD8208EA842BF
:101690005DD9A5865BE00021204609F09DF98146D1
:1016A000A08EB0421CD1A4F834A008E0A08E401C4B
:1016B00080B2A086218E884201D3A4F834A0A08EE7
:1016C000E16A31F81000F4F7C9FB0028EED1A08ED2
:1016D000E16A31F81000F4F7C4FB0028E6D136E0E7
:1016E000A16A01EBC000FFF78DFAA18EA26A32F861
:1016F000311001EB600006B2B4F9345022E0A06A68
:1017000007EBC501425EA18E07EBC101415E8A4233
:1017100016DA30F93510A1EB0901B14210DC08EB03
:10172000C501405EB0420BDBE06A30F81500F4F70B
:1017300098FB28B9E06A30F81500F4F78FFB18B170
:101740006D1E2DB2002DDADA002D00DBA586A18EEC
:101750002046FDF75BFE49E5808E7047038E8B4285
:1017600001D800207047C06A30F81100824301D0D0
:10177000002070470120704770B504460D4616469C
:10178000208EA8421AD994F83600C00705D030063A
:1017900003D580212046FFF7A2FCE16A31F815202D
:1017A000324321F8152029462046FDF72FFEB005CB
:1017B00004D52046BDE870400AF09FBA70BD2DE9FF
:1017C000F04106460F463546002406E03A462146DB
:1017D0003046FFF7D1FF641CA4B2288EA042F5D892
:1017E000BDE8F0812DE9F34F8DB08846B8F1000FC8
:1017F0007ED00D9E41460D98F3F7D6FDC6F82480A5
:101800000D98002141F26A4209F0F0F90490C0B24B
:101810000B9000210D9809F010F90A9000210D9805
:1018200009F0B3F9099000210D9809F084F90890A6
:1018300000210D9809F0D0F807900D9808F0E8F90C
:1018400006900D9808F0C9F90146708EC0F10102AA
:10185000089800FB021000B205900027B9468CE002
:101860004FF0000A00240AE0F06A391930F811003C
:10187000FBF762FF50441FFA80FA641CA4B258F8C8
:10188000240040B145A1EEF773FF20B158F82400C1
:1018900000780028E8D164B30599708E01FB09F146
:1018A000B1FBF0F209990A44089909FB012109B238
:1018B0000491059909F101025143B1FBF0F0DDE912
:1018C000082109FB0211401E084400B20390DDE923
:1018D0000601C4F1010201FB02000FFA80FBBBF11B
:1018E000000F01DA4FF0000B0020029000253DE0D0
:1018F00050E0FFE708F104083DE0F06A30F8170017
:10190000FBF71AFF014602980BFB00F0B0FBFAF25E
:10191000079805FB002000B2029A11440C9101FBCC
:101920000BF1B1FBFAF1079A491E05FB021109B24E
:101930000B9A012A06D102460698401A00B206996F
:10194000891A09B20A9A10440FFA80FC0A980844CE
:1019500003B203980090B06A614600EBC700049A96
:10196000FFF776F90C9802906D1C7F1CA542C4D33A
:10197000641C08EB840809F10109708E48453FF6A4
:101980006FAF0D980AF0B9F90D980FB0BDE8F04FA0
:1019900009F022BD0FB0BDE8F08F00000A00000082
:1019A00080F8361000210EF0B5BA70B504460D4629
:1019B000208EA84203D8A5F57F40FF380AD1A18E1A
:1019C0002046FDF723FDA58629462046BDE8704048
:1019D000FDF71CBD70BD000010B50C4609A060628B
:1019E0000120A0620221204606F08FFF0821204638
:1019F00006F08BFF2046BDE810404FF4806106F0F2
:101A000084BF0000436865636B20626F780000004C
:101A100010B50C4694F82800C00704D1606A06F09F
:101A200095FD0020606210BD2DE9F04FB7B005466E
:101A3000284603F0EDFC0446284603F0B1FC36903E
:101A40000021204609F056F935903598B0F9086024
:101A50002046002141F2320209F0C8F80546002173
:101A6000204609F099F800EB050B0021204608F00C
:101A7000EBFF05440021204608F0B5FF34904FF4F9
:101A80000031204608F0E0FF81464FF40031204647
:101A900009F027F882464FF40031204609F07CF81F
:101AA00033904FF40031204608F06CFF329020460E
:101AB00040F60A024FF4003109F098F80746204634
:101AC00040F60B024FF4003109F090F8804624A84C
:101AD00002F08CF924AA4FF40031204609F00FFBE4
:101AE000A08A4119ADF88810881909EB0A0200EBA9
:101AF0000209A9F10109ADF88C90E08A00EB0B0511
:101B0000ADF88A50DDE93202AB19104403EB000A4C
:101B1000AAF1010AADF88EA0C81BADF8800009EB50
:101B20000700ADF88400A5EB0800ADF882000AEBD1
:101B30000800ADF886000EA8369907F0BBFD24A872
:101B400012902C480F900027109720A811904FF466
:101B500000301B900EAA1A21204603F05DFC20AA3B
:101B600024A9369802F02EF90EAA1B21204603F074
:101B700053FC0021204609F0EAF880460021204667
:101B800009F0D0F8034641F6FF70CDE900800297D6
:101B9000616A0DA8359A0DF0ADFF05A801F026FB8E
:101BA00005AA0021204609F059FAAAEB0500401CBD
:101BB00000B2801B00EBD070411034984844ADF85F
:101BC0000C00BDF834201044ADF81000E08A5944F0
:101BD0000844ADF80E00BDF836100844ADF8120008
:101BE000009703AA05A9636A369801F05DF837B03B
:101BF000BDE8F08FB07C02082DE9F04F85B00E46AD
:101C000031463D4807F05EFF012863D1304603F0BE
:101C1000C1FB0446304603F0FBFB05464FF4003899
:101C20002C2C09D0132C58D0152C53D105B030468C
:101C3000BDE8F04FFFF7F8BE304603F0E7FB06467D
:101C40000021284609F056F807463C89002128461D
:101C500009F07DF881460021284609F063F8034623
:101C600041F6FF710020CDE9009102903A4604A8A8
:101C7000696A0DF03FFF0021284608F0B4FE0746D0
:101C8000C3465946284608F0DFFE81465946284695
:101C900008F027FF82465946284608F07DFF804617
:101CA0005946284608F06EFE04EB09015144ADF890
:101CB0000C1004EB0802104400B2ADF80E00BDF8A1
:101CC0001020114439443180BDF91210884200DCE3
:101CD0000846708005B0BDE8F08F304603F096FBF3
:101CE00004464146284607F026F9B4F9001081421F
:101CF00000DD08462080EDE7B07C0208F0B5044620
:101D00004FF4FA66C1F341307710642501280BD1F6
:101D100021F4C040B04207DCB84201DDC0F57A7062
:101D2000584390FBF5F001B2C2F3413001280BD1CA
:101D300022F4C040B04207DCB84201DDC0F57A7041
:101D4000584390FBF5F002B2944201DA204600E0DD
:101D50001046884201DA0846F0BD944201DA204676
:101D6000F0BD1046F0BDF0B504464FF4FA66C1F37D
:101D700041307710642501280BD121F4C040B042D6
:101D800007DCB84201DDC0F57A70584390FBF5F0EE
:101D900001B2C2F3413001280BD122F4C040B0425D
:101DA00007DCB84201DDC0F57A70584390FBF5F0CE
:101DB00002B2944201DA204600E01046884201DA7D
:101DC0000846F0BD944201DA2046F0BD1046F0BD51
:101DD00008B500221146104600F09CF80090BDF8AE
:101DE000000008BD08B500221146104600F0AEF80C
:101DF0000090BDF8000008BD08B50022114610464D
:101E000000F0F8F80090BDF8000008BD13B582B0EE
:101E10000C46FFF7F1FF22460190029900F04AFAC2
:101E20000090BDF8000004B010BD07B58107BDF8F3
:101E3000043002D020F8023B521EBDF8041001EB22
:101E4000014109E0016041608160C160016141615F
:101E50008161C1612030103A102AF3D802E020F8E5
:101E6000023B521E002AFAD10EBD08B500F47801DB
:101E7000C0F3423242EA114100F4E05241EAC201A9
:101E800000F0F80041EA40100090BDF8000008BDE5
:101E900008B500F47801C0F3423242EA114100F47F
:101EA000E05241EAC20100F0F80041EA401000901F
:101EB000BDF8000008BD08B500F47801C0F3423257
:101EC00042EA114100F4E05241EAC20100F0F80098
:101ED00041EA40100090BDF8000008BD18B54C095B
:101EE000BDF80030D20864F302030093C308BDF8C4
:101EF0000000890863F3C7000090BDF8000062F39A
:101F00000C200090BDF8000061F34F300090BDF848
:101F1000000018BD18B54C09BDF80030D20864F3B4
:101F200002030093C308BDF80000890863F3C700EB
:101F30000090BDF8000062F30C200090BDF8000096
:101F400061F34F300090BDF8000018BD18B54C0982
:101F5000BDF80030D20864F302030093C308BDF853
:101F60000000890863F3C7000090BDF8000062F329
:101F70000C200090BDF8000061F34F300090BDF8D8
:101F8000000018BD18B54C09BDF80030D20864F344
:101F900002030093C308BDF80000890863F3C7007B
:101FA0000090BDF8000062F30C200090BDF8000026
:101FB00061F34F300090BDF8000018BD18B54C0912
:101FC000BDF80030D20864F302030093C308BDF8E3
:101FD0000000890863F3C7000090BDF8000062F3B9
:101FE0000C200090BDF8000061F34F300090BDF868
:101FF000000018BD18B54C09BDF80030D20864F3D4
:1020000002030093C308BDF80000890863F3C7000A
:102010000090BDF8000062F30C200090BDF80000B5
:1020200061F34F300090BDF8000018BD18B54C09A1
:10203000BDF80030D20864F302030093C308BDF872
:102040000000890863F3C7000090BDF8000062F348
:102050000C200090BDF8000061F34F300090BDF8F7
:10206000000018BD77B581B0C2F1FF04BDF80810BB
:10207000BDF80430C1F3C4006043C3F3C40505FBDD
:102080000200803000EBC01505EBC030BDF80050F9
:10209000C0F3C45060F3C7055807800E4E0700EB2D
:1020A0005330B60E504306EB513606FB0400803029
:1020B00000EBC01606EBC036B60E66F3020500EB69
:1020C000C01606EBC030C0F3C25060F34F35C1F309
:1020D00004206043C3F3042101FB0200803000EBC5
:1020E000C01101EBC030C0F3C45060F30C25009563
:1020F000BDF8000004B070BD77B581B0C2F1FF0437
:10210000BDF80810BDF80430C1F3C4006043C3F348
:10211000C40505FB0200803000EBC01505EBC030A4
:10212000BDF80050C0F3C45060F3C7055807800ED7
:102130004E0700EB5330B60E504306EB513606FB0C
:102140000400803000EBC01606EBC036B60E66F316
:10215000020500EBC01606EBC030C0F3C25060F3BE
:102160004F35C1F304206043C3F3042101FB020097
:10217000803000EBC01101EBC030C0F3C45060F3FD
:102180000C250095BDF8000004B070BD77B581B096
:10219000C2F1FF04BDF80810BDF80430C1F3C4005B
:1021A0006043C3F3C40505FB0200803000EBC0159B
:1021B00005EBC030BDF80050C0F3C45060F3C70554
:1021C0005807800E4E0700EB5330B60E504306EB17
:1021D000513606FB0400803000EBC01606EBC0361B
:1021E000B60E66F3020500EBC01606EBC030C0F376
:1021F000C25060F34F35C1F304206043C3F30421A0
:1022000001FB0200803000EBC01101EBC030C0F3D5
:10221000C45060F30C250095BDF8000004B070BDFB
:1022200077B581B0C2F1FF04BDF80810BDF80430E5
:10223000C1F3C4006043C3F3C40505FB0200803052
:1022400000EBC01505EBC030BDF80050C0F3C45022
:1022500060F3C7055807800E4E0700EB5330B60EEB
:10226000504306EB513606FB0400803000EBC016ED
:1022700006EBC036B60E66F3020500EBC01606EBA1
:10228000C030C0F3C25060F34F35C1F30420604347
:10229000C3F3042101FB0200803000EBC01101EB0D
:1022A000C030C0F3C45060F30C250095BDF80000A9
:1022B00004B070BD77B581B0C2F1FF04BDF808105D
:1022C000BDF80430C1F3C4006043C3F3C40505FB8B
:1022D0000200803000EBC01505EBC030BDF80050A7
:1022E000C0F3C45060F3C7055807800E4E0700EBDB
:1022F0005330B60E504306EB513606FB04008030D7
:1023000000EBC01606EBC036B60E66F3020500EB16
:10231000C01606EBC030C0F3C25060F34F35C1F3B6
:1023200004206043C3F3042101FB0200803000EB72
:10233000C01101EBC030C0F3C45060F30C25009510
:10234000BDF8000004B070BD37B581B00188BDF89C
:102350000830C3F3C40404FB0211803101EBC11443
:1023600004EBC131BDF80040C1F3C45161F3C704AF
:102370005907890E458801EB533101FB0251803129
:1023800001EBC11505EBC135AD0E65F3020401EBA0
:10239000C11505EBC131C1F3C25161F34F348088DF
:1023A000C3F3042101FB0200803000EBC01101EBFC
:1023B000C030C0F3C45060F30C240094BDF800009A
:1023C00004B030BD37B581B00188BDF80830C3F323
:1023D000C40404FB0211803101EBC11404EBC131D0
:1023E000BDF80040C1F3C45161F3C7045907890E19
:1023F000458801EB533101FB0251803101EBC115DE
:1024000005EBC135AD0E65F3020401EBC11505EB1B
:10241000C131C1F3C25161F34F348088C3F3042149
:1024200001FB0200803000EBC01101EBC030C0F3B3
:10243000C45060F30C240094BDF8000004B030BD1B
:1024400001B581B0BDF80400C0F3C401C1EBC10205
:1024500002EB0121C91D49098DF802104107890EBF
:1024600001EB503101EB410202EB0121C91C89094A
:102470008DF80110C0F30420C0EBC00101EB002077
:10248000C01D40098DF80000FF208DF80300009862
:102490000CBD08B5FF2211461046FFF757FD00900E
:1024A000BDF8000008BD0CB50720BDF8001060F3B2
:1024B00002010091BDF800201F2161F3C7020092C4
:1024C000BDF8002061F30C220092BDF8001060F30B
:1024D0004F310091BDF800000190BDF804000CBD23
:1024E00070B505460C46002C10D0284600F0FCF8CC
:1024F00060435030B0F5A07F0ADB284600F0F4F8C6
:1025000060435030A02190FBF1F002E0002000E099
:10251000012000B270BD2DE9F04104460D4616467B
:102520001F461C21204606F060F925606660A56004
:10253000E760BDE8F08100001CB504464C21204650
:1025400006F053F94FF4A0702080F02060804FF027
:10255000FF30A080E080002020816081206940F071
:10256000080020F04000822161F3D01020614EF27B
:1025700007000090BDF800000190BDF80400A0869F
:102580000248E0632064382060641CBD21480108D3
:10259000FEB505464948F1F757FE0446200002D033
:1025A000A86B08B10BE0FEE7686C05F043FF064638
:1025B000002E68D0EA6B314628469047AE634FF450
:1025C000AC71204606F011F925603D4FFE68FC60B5
:1025D000224628213B480CF059FE6060002853D069
:1025E000286981070BD5B5F90010B5F902205143D0
:1025F000EA68D268914202D920F002002861FF22E5
:1026000011461046FFF7DAFC0190BDF80400029075
:10261000BDF808006085FF2084F829000CF014FE46
:1026200078B30CF0B3FDA060002006F05DFE2061E1
:10263000002006F059FEE061002006F055FE206201
:10264000E069214D00212A4609F000FC206A2A4653
:10265000002109F0FBFB0221E06906F0A8FD022140
:10266000206A06F0A4FD0021E06909F0EEFE0021D9
:10267000206A09F0EAFE206908F0AEFEFE60B6B1FD
:1026800016E002E0FFE7FEE7FEE700200AF050F95F
:10269000029005200AF04CF901900C480090DDE909
:1026A0000112012320460CF07BFDA060BCE7FC601A
:1026B00060680CF018FF2046FEBD0000849F0020DB
:1026C000AC01002029340008FFFF0F00EC8B02084A
:1026D000C26800211161C068416170470148C0684B
:1026E00070470000AC01002000B5002801D1FFF7C1
:1026F000F5FF20B100680069C0F3C91000BD822059
:1027000000BD0068C068704700B5002801D1FFF720
:10271000E5FF50B10068017CC1F30111012906D029
:10272000032904D0B0F9000000BD002000BDB0F9BD
:10273000020000BD10B5002801D1FFF7CFFF08B19E
:10274000006A10BD002010BD10B5002801D1FFF7B0
:10275000C5FF08B1C06910BD002010BD002803D01E
:1027600001460348F1F759BD0148F1F73FBD0000AC
:10277000849F002010B5002801D1FFF7AFFF08B1FA
:10278000006910BD002010BD10B5002801D1FFF771
:10279000A5FF08B1406910BD002010BD10B500288C
:1027A00001D1FFF79BFF806810BD00B5002801D163
:1027B000FFF794FF50B10068017CC1F301110129BA
:1027C00006D0032904D0B0F9020000BD002000BDEE
:1027D000B0F9000000BD7CB5DDE906450E7B022E98
:1027E00008D94E88002E05D0AC4203D0CDE9004573
:1027F0000469A0477CBD3EB504461021204605F083
:10280000F4FF01206080FF202073BDF8001000203D
:1028100060F302010091BDF8001060F3C701009160
:10282000BDF8001060F30C210091BDF8001060F3BA
:102830004F310091BDF800000190BDF804000290F6
:10284000BDF8080020803EBD2DE9F04F89B08146DB
:10285000129F159C8A461E460FFA82F810B2A9EB09
:1028600000031DB20895AAEB00050FFA85FC079539
:1028700009EB00055044CDE9050506F5B4710FFAE2
:1028800085FB0FFA80FE8F420AD108982080A4F8B9
:1028900002C0A4F804B0A4F806E009B0BDE8F08FC7
:1028A0004FF4B470864202D9A6F5B476B6B2874228
:1028B00002D9A7F5B477BFB21398101A00B20090EE
:1028C000149828B1139800EBD0704010401C00E021
:1028D000002005B25A21B6FBF1F0C0B2B7FBF1F10E
:1028E000C9B2042800D10320042900D10321884261
:1028F0007ED1BE427CD870B3012854D002287CD04F
:102900000328CAD106F15A0000B20DF019F8009957
:10291000484309EBE030401B208030B20DF010F846
:1029200000FB08F00AEBE030401B608007F15A0022
:1029300000B20DF005F800FB08F009EBE030284488
:10294000A08038B20CF0FCFF009948430AEBE0305D
:102950002844E080A1E7FFE730B20CF0F1FF0099D6
:1029600048430AEBE030401B60805A3630B20CF02E
:10297000E7FF00FB08F009EBE0302844A08038B204
:102980000CF0DEFF00FB08F00AEBE0302844E080AA
:102990005A3738B20CF0D4FF0099484309EBE030C5
:1029A000401B208079E730B20CF0CAFF00FB08F032
:1029B0000AEBE0302844E0805A3630B20CF0C0FF19
:1029C0000099484309EBE0302844A08038B20CF06D
:1029D000B7FF009948430AEBE030401B60805A374C
:1029E00038B20CF0ADFF00FB08F009EBE03001E07D
:1029F0002BE002E0401B20804FE706F15A0000B2B6
:102A00000CF09EFF00FB08F009EBE030401B20803B
:102A100030B20CF095FF009948430AEBE0302844AF
:102A2000E08038B20CF08CFF00FB08F00AEBE030DD
:102A3000401B60805A3738B20CF082FF009948433F
:102A400009EBE0302844A08027E708B9012902D02B
:102A5000012831D032E007F15A0000B20CF070FFCB
:102A600000FB08F009EBE030401B208038B20490F6
:102A70000CF066FF074630B283460CF061FF8742D8
:102A800003DA04980CF05CFF02E058460CF058FFA3
:102A9000009948430AEBE030401B60805A3630B260
:102AA0000CF04EFF00FB08F009EBE0302844A0805A
:102AB00005982844E080F0E6022902D0022830D0B0
:102AC00031E0581B208038B20CF03AFF00FB08F0D0
:102AD0000AEBE030401B608006F15A0000B2039020
:102AE0000CF02EFF83465A3738B207460CF028FF09
:102AF000834503DD03980CF023FF02E038460CF019
:102B00001FFF0099484309EBE0302844A08030B211
:102B10000CF016FF00FB08F00AEBE0302844E080E0
:102B2000BBE6032902D0032838D038E006F15A006A
:102B300000B20CF005FF00FB08F009EBE030401B91
:102B400020800798401B608007F15A0000B20CF00B
:102B5000F7FE00FB08F009EBE0302844A08038B213
:102B600007460CF0EDFE009900FB01F830B2064676
:102B70000CF0E6FE00994843804505DD38460CF030
:102B8000DFFE0099484304E030460CF0D9FE00997E
:102B900048430AEBE0302844E0807EE641B10898E3
:102BA0002080A4F802C0A4F804B0A4F806E074E6FB
:102BB00007F15A0000B202900CF0C2FE834606F103
:102BC0005A0000B201900CF0BBFE834503DA029874
:102BD0000CF0B6FE02E001980CF0B2FE00994843FA
:102BE00009EBE030401B208030B20CF0A9FE00FB66
:102BF00008F00AEBE030401B608006982844A08073
:102C000038B20CF09DFE00FB08F00AEBE0302844DF
:102C1000E08042E670B505461646002B08D0C87A1B
:102C2000022819D9AC6954B132462846A0470AE0B7
:102C300031462846BDE8704008A20FF069BF324611
:102C40002846F4F737FA002806D131462846BDE871
:102C5000704002A20FF05CBF70BD00004E6F0A64AE
:102C60006174610038B5049D4469002C01D0009561
:102C7000A04738BD1CB504461821204605F0B5FD17
:102C8000002211461046FFF729F90090BDF8000018
:102C90000190BDF804002081FF20E072401C60809C
:102CA000012020751CBD70472DE9FF4FB1B00C46C7
:102CB0003E9E9846A07E02287DD9206800287AD0C2
:102CC0003198C069002876D02022214626A8EDF749
:102CD000CBFC20682590B8F1000F6CD098F800006C
:102CE000002868D031983399826823A8F0F7CEF98C
:102CF000002860D0207F2290E17E219108B9012038
:102D00002290607F800704D43398FDF757FF014677
:102D100010E0607FB4F9121041F6FF72CDE90012A5
:102D20000290B4F91430414607A822680CF0E2FE84
:102D3000BDF91C102598B0F90890B4F91200484468
:102D4000209033980088ADF87C0033984088ADF827
:102D50007E00B4F916201E92B4F918201044ADF884
:102D60007E0000256F1E3846A6B19AB9339AB2F993
:102D70000220002A0EDAB368981A002800DCD01A64
:102D8000209A4FF48063524203EB4202904200DDEE
:102D90003760306846B1002806DB0546BDF87E0086
:102DA000B2881044ADF87E00607F0022CDE900209B
:102DB000B4F9142000E0A6E00BB208EB0500309354
:102DC0002599F1F731FD47192BE03D46607F002141
:102DD000CDE90010B4F9142008EB0500309B2599CB
:102DE000F1F722FD4719BDF87E102098084400B283
:102DF000ADF87E008EB110F5806F0EDB30680028D4
:102E00000BDA35603398BDF97E10B0F90200081A6C
:102E100070603398B0F90200B06018F8050000281F
:102E200071D0BDF97E0000EB090131988068B0F9DE
:102E300002008142C9DB9DF888002F90022803D050
:102E40002F98032818D02BE0607F0090B4F914303D
:102E5000791B08EB0500259A0CF0ADFE0646339869
:102E6000FDF7ACFE801BBDF87C1000EBD07001EBD1
:102E70006000ADF87C0013E0607F0090B4F914307E
:102E8000791B08EB0500259A0CF095FE0646339851
:102E9000FDF794FEBDF87C10801B0844ADF87C0063
:102EA000D4F80490D4F808A0D14502D94846D146B8
:102EB0008246A07F800717D01BA800F0CFF9A08919
:102EC000ADF86C00259890F90E0000B90120ADF81E
:102ED0006E00A07E8DF87400A07FC1089DF875007B
:102EE00061F301008DF8750000201990FEF770FF66
:102EF000179009A800F07AFF208AADF82800BDF9E4
:102F00007C00089068E16CE1BDF87C101E980844D4
:102F1000ADF87C00002600201A9008EB0500079011
:102F2000781B2E90B8E000200690A9F57F40FF386E
:102F30000AD0AAF57F40FF3806D0AB4A1A98291864
:102F400012684046904706901AAB04AA05A9079854
:102F5000F1F750FC607FC0070FD0059823280AD1F5
:102F600026B1012E06D0022E0CD004E01A9819903A
:102F7000012691E00026012E06D0E0681790022E6F
:102F800047D048E0002687E0202807D1DDE9190175
:102F9000081A072803D0A089189002267CE0199A05
:102FA000079902A81144062204E011F8013B00F839
:102FB000013B521E002AF8D100208DF80E009DF82A
:102FC0000900FBF75FFA06469DF80800FBF75AFA7E
:102FD00006EB001001909DF80B00FBF753FA064634
:102FE0009DF80A00FBF74EFA06EB00169DF80D005F
:102FF000FBF748FA83469DF80C00FBF743FA0BEB0E
:103000000010C2B20198F1B2C0B2FEF783FF18906F
:10301000C3E718981790DDE90421259802F0E4FA37
:1030200083464FF6FF70814522D0824520D0069816
:1030300048451DD3069850451AD2BDF87C00ADF81E
:103040000800BDF87E10ADF80A10A28A0244ABF168
:1030500001001044ADF80C002098401E0844ADF863
:103060000E0002AA09A9319800F0ACFEE089179081
:10307000BDF85C00ADF8A4001FAA26A9059B3198F5
:1030800000F0DAF8BBF1000F06DDBDF87C00A18A84
:1030900008445844ADF87C001A992E9888423FF6AF
:1030A00042AFA07F800723D50898ADF818002068AC
:1030B000B0F9080000EBD0704110BDF96E0000EBD4
:1030C000D07001EB6000BDF87E100844ADF81A0026
:1030D000BDF87C10ADF81410ADF81600BDF85C001A
:1030E000ADF86C0005AB06AA1BA9319800F0A9F851
:1030F000A07FC0071FD00898ADF818002068BDF861
:103100007E10028940891144091A259890F90D0012
:10311000081AADF81A00BDF87C10ADF81410ADF81F
:103120001600BDF85C00ADF86C0005AB06AA1BA943
:10313000319800F086F83D46607F0021CDE900100F
:1031400008EB0506B4F914203046309B2599F1F7B9
:103150006BFB471933980088ADF87C002F98022844
:1031600003D02F98032817D029E0607F0090B4F98E
:103170001430791B3046259A0CF01DFD0646339815
:10318000FDF71CFD801BBDF87C1000EBD07001EB3F
:103190006000ADF87C0012E0607F0090B4F914305C
:1031A000791B3046259A0CF006FD06463398FDF74C
:1031B00005FDBDF87C10801B0844ADF87C00BDF80F
:1031C0007E102098084400B2ADF87E0031998968DD
:1031D000B1F90610884204DC18F8050000287FF4D5
:1031E00093AE35B0BDE8F08F1002002038B504462C
:1031F0002021204605F0F9FAFF20A076FEF7E8FD31
:103200000090BDF80000A0810A4820604FF6FF70D2
:103210006060A060FEF7DCFD0090BDF80000E0817A
:10322000052009F085FB0090BDF8000020820020F9
:10323000E07638BDEC8B020830B4C469A44630BCDB
:10324000604730B44C88002C06D00C7A022C03D98D
:10325000046AA44630BC604730BC70473EB50446A3
:103260000A21204605F0C1FA01206080FF2020726B
:10327000BDF80010002060F302010091BDF80010BD
:1032800060F3C7010091BDF8001060F30C210091BC
:10329000BDF8001060F34F310091BDF800000190BF
:1032A000BDF804000290BDF8080020803EBD00007B
:1032B00010B504460020094A52F830301BB1401CBA
:1032C000C0B21028F8D3102802D34FF0FF3010BD41
:1032D00042F8304002EBC002516010BDF4A0002063
:1032E0002DE9FF4F81B08B460E9C15461E46B4F962
:1032F0000A106F1AB4F90800ABEB0003B4F90C0024
:1033000004F1100904F13C0AB4287BDAB4F90E2068
:10331000B42A77DA002875D0002A73D0904271DD84
:10332000A94203DD012005B0BDE8F08F616D79434E
:103330004FEAA12CA16A7F1C79438912A0F20F14D5
:10334000582C03D8002901DA00210CE0441E592C26
:1033500003D8002901DA002105E05B38B32802D246
:10336000002900DD0021A2F20F10582803D80029FF
:1033700001DA00210CE0501E592803D8002901DA97
:10338000002105E05B3AB32A02D2002900DD0021CA
:10339000ACEB0100401001270844C41AB44200DD20
:1033A0003446002C0EDD23B22A465946CDF8009053
:1033B000019800F0D3F90746380003D1214601985F
:1033C00005F013FAB44200DD3446002C00DA002484
:1033D0000BEB040001B20198361B204433B2CDF848
:1033E00000A080462A4600F0B9F904461CB93146CF
:1033F000404605F0FAF9A74202D1384693E701E0CA
:10340000022090E7B42875DDB4F90E20B42A71DDEE
:1034100090426FDDA94201DA012084E7616D7943B2
:103420004FEAA12CA16A7F1C79438912A0F20F14E4
:10343000582C03D8002901DA00210CE0441E592C35
:1034400003D8002901DA002105E05B38B32802D255
:10345000002900DD0021A2F20F10582803D800290E
:1034600001DA00210CE0501E592803D8002901DAA6
:10347000002105E05B3AB32A02D2002900DD0021D9
:10348000ACEB0100401001270844C41AB44200DD2F
:103490003446002C0EDD23B22A465946CDF800A052
:1034A000019800F05BF90746380003D121460198E6
:1034B00005F09BF9B44200DD3446002C00DA00240C
:1034C0000BEB040001B20198361B204433B2CDF857
:1034D000009080462A4600F041F904461CB9314666
:1034E000404605F082F9A74202D138461BE701E0C9
:1034F000022018E70127B846B42809D060B101DAE4
:10350000A94203DCB4280BDDA94209DC032710E043
:10351000A9420EDC03270CE0A9420ADD032708E0DC
:1035200033462A465946CDF80090019800F016F926
:103530000746B4F90E00B4280ED0A0B103DAB4F9EE
:103540000A10A94205DCB42814DDB4F90A00A84227
:1035500010DC4FF0030816E0B4F90A00A84212DDAF
:103560004FF003080FE0B4F90A00A8420BDC4FF05B
:10357000030808E033462A465946CDF800A00198D2
:1035800000F0ECF880462FB1B8F1000F02D0032F05
:1035900002D004E00020C6E6B8F1030F02D0012FEC
:1035A00002D004E00020BEE6B8F1010F01D00220F5
:1035B000B9E60120B7E600002DE9F8430546089C6E
:1035C0000F46904640F26710411C002B01DA0023A1
:1035D00002E08B4200DB0346002C01DA002402E00B
:1035E0008C4200DB04469C4205DAC3F5B4702044EB
:1035F000A5F8680005E0E01A002800DC181BA5F813
:103600006800AB81EC812F81A5F80A8019482860F9
:10361000012028718B4200D9FEE7B42B01D2002093
:1036200006E0A3F1B400B42801D2012000E001209B
:10363000002C01DB8B4200DDFEE7B42C01D2012619
:1036400006E0A4F1B401B42901D2002600E001266D
:1036500000904246394605F1100000F0E7F8234695
:103660004246394605F13C00009600F0DFF8BDE81F
:10367000F8830000E13201082DE9F84306460F46C1
:103680009046994600250D4C10E00090D0F800C0FF
:103690004B46424639463046E04710B1022803D037
:1036A00003E00020BDE8F8830125083420680028E5
:1036B000EBD10DB10220F5E70120F3E7F4A00020E3
:1036C00010B50179022906D0052916D18068BDE818
:1036D000104004F03BBF0446606900280DD001692A
:1036E000002907DA406804F031FF6069BDE8104046
:1036F00004F02CBF4169491E416110BD70B50646FA
:10370000154D002E08D0002455F83410E1B1087989
:10371000022806D0012070BD28680028FBD00120B7
:1037200070BD887CC00708D0B1F910200831304640
:10373000EFF750FD40B9012070BDB1F910200831FC
:103740003046EFF7CBFC28B1641CE4B2102CDBD37D
:10375000002070BD012070BDF4A00020F8B5069CCB
:10376000A58A521B12B2658A491B09B2266A94F8CF
:103770002850002E05D0ED0754D00094FCF772FAC3
:10378000F8BDED0718D0207C810706D000F00301BA
:10379000012902D0022902D005E00120F8BD511C08
:1037A00001D50120F8BDC043800703D1002A01DD07
:1037B0000120F8BD0020F8BD227C02F00304022C99
:1037C00005D0D543AD0702D0012C02D005E0012081
:1037D000F8BD002901DD0120F8BD920703D0D942D0
:1037E00012D50020F8BDD94201D50120F8BD4A42CA
:1037F000002A01DA0020F8BD9A4203DA991A10442F
:1038000004F0F3FF0220F8BD4942002900DA00214C
:10381000994201DB0020F8BD002901DB04F0E5FF3F
:103820000220F8BD0094FCF7E2FAF8BD2DE9FC4750
:103830008046DDF828900D4616461C46B42C01DD66
:10384000B43C24B204F15A0000B20CF079F805EB54
:10385000601720460CF074F806EB601000B2CDE95A
:1038600000093BB232462946404600F003F8BDE865
:10387000FC8700002DE9F0470446DDE908680F46A3
:10388000154699462C21204604F0AFFFB54206D1DB
:10389000B8F1030F03D16D1E2DB2761E36B2B542BC
:1038A00005DD4846B946074630462E46054627817F
:1038B0006581A4F80C90E68184F810806782A58267
:1038C000A9EB0700002801DD024601E0A7EB090291
:1038D000711B002901DD0B4600E0AB1B9A4204DDA1
:1038E00094F8282042F0010203E094F8282022F006
:1038F000010284F828200023E361A3612E4D256096
:103900002371D5074FF480130ED020B193FBF0F54F
:103910004D43AD12E56121B193FBF1F141438812B2
:10392000A061E06920620DE021B193FBF1F5454310
:10393000AD12A56120B193FBF0F048438012E06125
:10394000A06920625FEA88700AD008F003000128AD
:103950000BD002280ED06FEA0800800717D022E0B3
:1039600022F0020084F828001DE042F0020084F8F2
:10397000280018E0206A002804DD42F0020084F8E4
:10398000280010E022F0020084F828000BE0206AF2
:10399000002804DD22F0020084F8280003E042F051
:1039A000020084F82800206A81106162002801DA90
:1039B00048426062BDE8F0875D3701082DE9FF5F8E
:1039C0000546DDF83890884617461C4699F81200DF
:1039D000C0F3000AB9F9106009F1080102A8FDF767
:1039E00063F8BAF1000F0BD0BDF90A00B84203DC4E
:1039F000BDF90E00B8420DDA012004B0BDE8F09F19
:103A0000BDF90A00B84203DCBDF90E00B84201DA84
:103A10000020F2E7BDF908008119414506DCBDF937
:103A20000C2008EB0401921B914209DDBDF90A103C
:103A30008A19BA4241DCBDF90E20921BBA423CDB26
:103A4000BAF1000F17D0A0EB0800002800DA002020
:103A5000A0420EDCBDF90C10A1EB0801091A491CAB
:103A60004218A24200DD211A002902DB284404F09A
:103A7000BCFE0220C1E7A0EB0807A74201DD002041
:103A8000BBE7002F03DB3946284604F0AEFEBDF944
:103A90000C00A0EB0806761C002E01DC0020ACE731
:103AA000A64203DAA11BA81904F09FFE1FB9A64283
:103AB00001D10120A1E702209FE7A0EB080BBDF890
:103AC0000C20101A401C0FFA80F8BDF80E00401AA6
:103AD000401C02B2781A00B2B04203DA301A401E1B
:103AE00001B202E0911B401A01B26B4601AAD9F85B
:103AF0001400FAF705F981460BEB0800811BBDF8AD
:103B0000000001440FFA81F80BEB0601081A401E71
:103B100007B2BAF1000F01D000266BE000261DE0CD
:103B2000801B484410F801BC18EB060A08D4A245D3
:103B300006DA15F80A1058460CF094FC05F80A004D
:103B4000B7EB060A08D4A24506DA15F80A1058465B
:103B50000CF088FC05F80A00761C36B2BDF90400AA
:103B60008642DDDB08EB0600A04201DA014600E0F8
:103B70002146002901DA002002E0A04200DB2046B5
:103B800000B2211A284404F030FEBDF90400381AAE
:103B9000411CA14201DA421C00E02246002A01DA5F
:103BA000002402E0A14200DA441C21B2284604F0BD
:103BB0001CFE46E0801B484410F8010CC0F1FF0BCE
:103BC00018EB060A08D4A24506DA15F80A1058467A
:103BD0000CF048FC05F80A00B7EB060A08D4A24529
:103BE00006DA15F80A1058460CF03CFC05F80A00F5
:103BF000761C36B2BDF904008642DBDB781C014638
:103C0000A04200DA00E02046002801DA002704E0A4
:103C1000A14201DA7F1C00E027463AB2A8EB02007D
:103C2000A11A884201DA034600E00B46002B01DAB4
:103C3000002002E0884200DB084601B2A81804F028
:103C4000D4FD0220D9E600002DE9F04106461546D4
:103C50001C4688880A88801A401C00B2CA884B8893
:103C6000D21A521C12B2904200DB1046B5EB600F24
:103C700001DD40F34F05002D00DA002506F10800B4
:103C8000FCF712FF3582B47438483060022030717E
:103C90000027BDB10020364A4FF47A73C0EBC00153
:103CA00002EB8101B1F91810A9421BD1C0EBC00091
:103CB00002EB80004169491C41610169102D04DA61
:103CC000012203E07761BDE8F0812A110A449A429B
:103CD00005DA102D01DA012200E02A118B180361A8
:103CE0007061F0E7401C0428D8D300240020C0EB0A
:103CF000C00102EB8101D1F814C0BCF1000F07D163
:103D000094B1D1F810C0D4F81080C44500DA0C4644
:103D1000401C0428EBD34CB16069401C60612761F2
:103D2000102D11DA012010E00C46F1E71C2004F000
:103D300081FB0446200006D01C2104F056FD4FF004
:103D4000FF3020610BE0FEE728113844984205DA85
:103D5000102D01DA012000E028113B182361746165
:103D600020462946BDE8F041F2F71ABEBD390108E8
:103D700084A00020F0B5064600270024084D05EB7E
:103D8000C4004068B04204D155F83470204600F0B9
:103D900009F8641CE4B2102CF1D33846F0BD0000E1
:103DA000F4A000200021421C08D0054A52F830102F
:103DB000002342F8303002EBC000436008467047F1
:103DC000F4A0002030B4D38854881B1B5B1C1BB2AA
:103DD000012B09DB938814881B1B5B1C1BB2012B76
:103DE00002DBC36830BC184730BC704738B50446A6
:103DF0003821204604F0F9FCFEF74BFB0090BDF89B
:103E0000000024F8040FFEF744FB0090BDF800000A
:103E10006080FDF7E7FF0090BDF80000E080FF251F
:103E200025720220A072FDF7DDFF0090BDF80000B2
:103E30006083FDF7D7FF0090BDF80000208508489B
:103E4000206104F8015CA57584F82650A57784F8F4
:103E50003250E07F20F03E001E30E07738BD000099
:103E6000EC8B02082DE9F04FC9B08346539E529D5A
:103E70000F4614469846387B02287CD9B7F9029041
:103E8000B9F1000F77D0B54275D00FFA88FAC14565
:103E900000DDD14639A8FFF7A9FF787B00F00300C9
:103EA0008DF8E600B86840B100208DF8E700B868EA
:103EB0003D90387B8DF8FE0005E0387B8DF8E700FB
:103EC0003888ADF8E8002088A0EB0800ADF8DC00E9
:103ED0006188A1EB0801ADF8DE10B4F800C0A8F1CC
:103EE000010213466244ADF8E020B4F802C0634416
:103EF000ADF8E230ADF8D400ADF8D610ADF8D8206A
:103F0000ADF8DA30B7F802C06044ADF8D400B7F8C5
:103F100002C061440FFA81FCADF8D6C07988511A0D
:103F2000ADF8D8107A889A1A12B2ADF8DA204FF0AC
:103F3000FF333493081A401C00B2002811DDA2EBB5
:103F40000C00401C00B200280BDD012347F6FF7275
:103F500035A92EA8FFF778FE00212EA8FFF7A8F9B3
:103F60003490002347F6FF7237A928A8FFF76CFEAC
:103F7000002128A800E022E0FFF79AF9279005F534
:103F8000B470B04203D006F5B47085421AD147F63A
:103F9000FF70ADF8E40037AA39A95846FFF712FFC1
:103FA0002798FFF7FFFE3498401C02D03498FFF7A3
:103FB000F9FE28A8FFF784FB2EA8FFF781FB49B084
:103FC000BDE8F08F4FF4B47002E0A5F5B475ADB262
:103FD0008542FAD202E0A6F5B476B6B28642FAD2AB
:103FE00030B248900090B4F90220B4F900102BB21E
:103FF0000CA84793FFF7E0FA00210CA8FFF758F947
:104000000B90AE4203D9701BC0F5B47000E0A81B42
:10401000DBF808100A913C282BDDB8F10A0F28D9EB
:104020000394ADF810A0ADF81250ADF814605A200A
:10403000B5FBF0F101F00301ADF81610B6FBF0F09E
:1040400000F00300ADF81800ADF81A9039A80790F9
:1040500037A80890CDF824B003A8F6F7B9FE03A856
:10406000F6F7BBFF03A8F7F7C1F803A8F7F7C8F9FD
:1040700004E037AA39A95846FFF7A4FE0CA8FFF7B9
:104080001FFB28A8FFF71CFB2EA8FFF719FB0B98B6
:10409000FFF788FE2798FFF785FE3498401C02D072
:1040A0003498FFF77FFE787B400788D509F0FF0240
:1040B00002AB51464798F9F72EFFBDF8080021885A
:1040C0000844ADF80800BDF80C0021880844ADF89C
:1040D0000C00BDF80A0061880844ADF80A00BDF87C
:1040E0000E1060880844ADF80E0002AA68460A99CE
:1040F000EEF7CCFF6D46C0B1002347F6FF7202A970
:1041000004A8FFF7A1FD002104A8FFF7D1F8064697
:10411000CBF8085037AA39A95846FFF753FE304666
:10412000FFF740FE04A8FFF7CBFA09F0FF0202AB4D
:1041300051464898F9F7EFFEBDF808002188084479
:10414000ADF80800BDF80C0021880844ADF80C005B
:10415000BDF80A0061880844ADF80A00BDF80E00F9
:1041600061880844ADF80E0002AA68460A99EEF785
:104170008DFFC0B1002347F6FF7202A904A8FFF724
:1041800063FD002104A8FFF793F80446CBF808501C
:1041900037AA39A95846FFF715FE2046FFF702FE59
:1041A00004A8FFF78DFA0A98CBF8080007E770B566
:1041B00004460D461646324629462046F3F7FCF8DB
:1041C000324629462046BDE87040F3F7C4BA7CB5B4
:1041D00004460D46287E02280ED9A2686846296842
:1041E000EEF754FF002807D0E26A0AB12046904754
:1041F000626B2946204690477CBD2DE9F04F89B07F
:1042000080460C46E568002D02D0207C002875D041
:10421000207C012800D10025D8F80400FCF7D4FC4C
:104220000890D8F8082006A82168EEF72FFF00288C
:1042300064D0F0F79FFA8246D8F800B0DAF80000B0
:10424000C06980B9D8F80400BDF91810B0F9002091
:10425000B0F90200891ABDF91A20121A089800FB59
:1042600002100BEB400BD4F80490B9F1000F13D0FF
:104270002068FCF7A9FC07462068BDF91810B0F9C2
:104280000020B0F90200891ABDF91A20121A07FBA2
:10429000021009EB400900E0002795B16069FCF7C6
:1042A00093FC06466069BDF91820B0F90010B0F91A
:1042B0000200891ABDF91A202944821A06FB021548
:1042C00000E00026D8F804004188008849420AB27C
:1042D000404201B206A8FCF7AEFCDAF80000C06963
:1042E000C8B1606868B1207ECDE90256CDE90070A2
:1042F0004B4606A95846089A0CF022F809B0BDE8CA
:10430000F08F207E06A98DE86100A3685846089AC0
:10431000F8F755FBF2E7606870B1607E18B3217E54
:10432000CDE90256CDE9007104904B4606A95846E6
:10433000089A0BF007FEE1E7607E50B1217E8DE820
:1043400062000390A36806A95846089AF8F72EF968
:10435000D4E7207E06A98DE86100A3685846089A34
:10436000F8F7BAF9CAE7207ECDE90256CDE9007028
:104370004B4606A95846089A0BF060FEBEE72DE9A9
:10438000FF4FAFB00D46DDF8F0A093461F462F98C3
:1043900080680188ADF8B4104188ADF8B610818806
:1043A000ADF8B810C088ADF8BA002DA8FFF7A6F98F
:1043B0002C901C2125A804F018FAE87A8DF8AC009E
:1043C000287B00F00F008DF8AD002C9850B928889C
:1043D00040B96888B0F5807F04D1BAF1040F01D1EB
:1043E000A87A80B3BAF1050F38D04FF00208BBF8B5
:1043F0000400BBF80010401A401C00B224904EF29A
:1044000007001C90BDF8700022900024BDF8BA107F
:10441000BDF8B600091A491C09B22191BDF8B810BF
:10442000BDF8B4208B1A5B1C1BB22093ADF878202A
:10443000ADF87C10ADF87A00ADF87E001EA825908E
:10444000288890B90DE0FFE7CDF894B0269725A90C
:104450002F98FFF7BCFE33B0BDE8F08F4FF0030894
:10446000C5E76888B0F5807F01D0012000E000201A
:104470001D902C991D98014304D1BAF1050F01D16B
:10448000A87AF0B3F0F776F9FEF73EF906462DA8C4
:10449000FCF779FBB04203D82DA8FCF774FB064665
:1044A0001C961C9E700003F0F1FF1B901C9803F0FB
:1044B000EDFF064628961EA82A9002208DF8A4003B
:1044C0001B98269000201A904C2107A804F08DF923
:1044D0001D98002878D02888ADF828006888ADF8A5
:1044E0002A0007972498ADF82000BBF80600BBF817
:1044F0000210401A401CADF822008DF82EA0A888AA
:1045000000E010E0ADF82400E888ADF82600288926
:10451000ADF82C00287DC0F300008DF82F0007A80F
:10452000EFF76DFB87E0F0F725F9FEF7EDF8814630
:104530002DA8FCF728FB484503D82DA8FCF723FB42
:1045400081464FEA490003F0A1FF8246484603F046
:104550009DFF064628961EA82A9002208DF8A400EA
:10456000CDF898A0BDF9B600BBF90210401A249905
:10457000484300FB0870BDF9B410BBF90020891A4C
:1045800001FB08074FF0000B2DE03D4600200BE03B
:10459000A978315529B129786A7801EB02212AF8E6
:1045A0001410401C4544641C20998842F0DB249878
:1045B00000FB087720982044484506D8BDF87E00C7
:1045C000401CADF87E000CE024E025A92F98FFF7F1
:1045D000FEFDBDF87E00401CADF87A00ADF87E000F
:1045E00000240BF1010B21988345CEDBBDF97A1035
:1045F000BDF97E00814206D0401EADF87E0025A99F
:104600002F98FFF7E4FD304603F08EFF504603F08D
:104610008BFF20E7BDF9B600BBF90210401A2499C0
:10462000484300FB0870BDF9B410BBF90020891A9B
:1046300001FB08001A90002005900690A87AC0F1AE
:10464000FF010491A0B1A9680191BDF80410C1F364
:10465000C4024243ADF814204A07920E02EB5132D5
:104660004243ADF81620C1F304214143ADF81810C0
:10467000BAF1040F05D1288818B96888B0F5807F91
:1046800001D0022000E001208DF8A4002C9818B180
:1046900030461C9904F0D1F8BDF97A00BBF902103C
:1046A000401A029000200390A0E01A9F0194BDF9E7
:1046B0007800BBF90010401A00904FF0000941E06B
:1046C0001D98A0B1DDE90201084402B200984844F7
:1046D00001B207A8EFF781F830B19DF832003055EC
:1046E000BDF8300023901CE00020305526E0BAF1E0
:1046F000050F0BD0FF2030553878797800EB01207A
:1047000080B22390BAF1060F04D00AE0B878305591
:10471000A0B1F1E7BDF88810884202D100203055E1
:104720000CE0A87A28B105A8049A2399FDF74AFE5F
:1047300023901B98BDF88C1020F8141009F1010982
:10474000641C474420988145BADB2C98D8B1BDF849
:10475000B6100398209B084402B20198BDF9781066
:1047600030440746FEF788FF10B1022808D00AE05F
:104770003846209904F039F802208DF8A40002E0B0
:1047800002208DF8A4001A99249800FB08101A90B2
:10479000209821181C98814205D2BDF87E00401C4B
:1047A000ADF87E001FE025A92F98FFF710FDBDF89A
:1047B0007E00401CADF87A00ADF87E000024BAF10E
:1047C000040F05D1288818B96888B0F5807F01D01A
:1047D000022000E001208DF8A4002C9818B130468A
:1047E0001C9904F02AF80398401C0390219903981F
:1047F0008842FFF65AAFBDF97A10BDF97E008142BA
:1048000006D0401EADF87E0025A92F98FFF7DFFCEB
:10481000304603F089FE1B9803F086FE1BE600007D
:1048200010B50C463821204603F0DFFF094820610F
:104830000948E0600948A0620948E06109486061F0
:1048400009482062094860620948E06209486063DB
:1048500010BD0000653E0108614D0108AF4101082F
:10486000794801087F4301081D490108C94A010828
:104870009F4D0108FB4101082DE9F04186B0074634
:104880000E46154698460023424602A9306800F0BD
:1048900036FE00283FD0BDF81040002C3BD0BDF8BC
:1048A0000E00002837D02988BDF81220114409B223
:1048B000ADF804103268138952899A1A6B881A4429
:1048C000BDF81430121BD21A15B2ADF806500A18F2
:1048D000B868B0F900309A421DDBB0F9042091426B
:1048E00019DCB0F902202919914214DBB0F9060055
:1048F000854210DC4146029800F0FCFD00280AD0F9
:104900000299097B890706D1009002AB01AA3146C2
:104910003846F4F7DFFC06B0BDE8F0812DE9F0473A
:1049200092B081460C4615461E46B4F90220002A74
:104930007DD0207A02287AD9B5F90000B6F90010A6
:10494000884205D1B5F90230B6F90270BB426ED08B
:10495000884200DB084602EBD271A0EB6100ADF8A3
:104960004000B5F90000B6F90010884200DC0846A6
:10497000B4F9021001EBD17100EB6100ADF8440015
:10498000B5F90200B6F90210884200DB0846B4F916
:10499000021001EBD171A0EB6100ADF84200B5F956
:1049A0000200B6F90210884200DC0846B4F9021091
:1049B00001EBD17100EB6100ADF8460010A910A821
:1049C000D9F80820EEF762FB002879D0D9F808A0C2
:1049D00010A8C9F80800B5F90200B6F9021088421B
:1049E00006D133462A4621464846F4F7D9FD12E05F
:1049F000B5F90000B6F90010884206D133462A46C0
:104A000021464846F5F740F805E033462A46214658
:104A10004846F4F77FFE607A010701D440074DD580
:104A200002A8FFF7E3F92088ADF80C0000E047E0AA
:104A300047F6FF70ADF80800207A8DF80B00B4F946
:104A40000200471040F3000808F10108607A4007AF
:104A500018D52888C01BADF800006888C01BADF8C9
:104A6000020028883844A0EB0800ADF804006888EC
:104A70003844A0EB0800ADF806006A4602A9484693
:104A8000FFF7A0F9607A000718D53088C01BADF891
:104A900000007088C01BADF8020030883844A0EBDD
:104AA0000800ADF8040070883844A0EB0800ADF8A9
:104AB00006006A4602A94846FFF784F9C9F808A02B
:104AC00012B0BDE8F08700002DE9FF4F8BB015460E
:104AD0001E46032E43D3002D41D0B00003F0D6FC78
:104AE000044620003BD00027286820600020721E6A
:104AF00019E0411C35F9203035F921C0634509D151
:104B000005EB800305EB810CB3F90230BCF902C060
:104B1000634507D005EB800004EB8703006818604D
:104B20007F1CBFB288B29042E3DBB5F9001035F9C3
:104B30002220761E05EB8600914205D1B5F90210C0
:104B4000B0F90220914205D004EB870100680860AB
:104B50007F1CBFB2032F05D2204603F0E5FC0FB047
:104B6000BDE8F08F7D4803C8CDE90801002027E0AB
:104B7000BDF9201034F92020914200DB1146ADF838
:104B8000201004EB8003BDF92210B3F902209142FA
:104B900000DB1146ADF82210BDF9241034F92020B5
:104BA000914200DC1146ADF82410BDF92610B3F98E
:104BB0000220914200DC1146ADF82610401C80B264
:104BC000B842D5D30B9808A9826806A8EEF75EFA1A
:104BD00058B10B98806805900B9806A98160B4F9CC
:104BE00002204FF0000901200EE0204603F09CFC5B
:104BF000B5E704EB8001B1F90210914202DA0A46EE
:104C00000FFA80F9401C80B2B842F2D32C2107FB86
:104C100001F003F03BFC0490DDF810B0CA464FF001
:104C20000008A9F10100002800DA384409F1010167
:104C30007A1E0A92914200DD002134F8203034F8C7
:104C400029209B1A1BB234F82150AA1A15B204EB82
:104C50008000428804EB89004088121A12B204EBEB
:104C600081014988081A00B2002103916A43584320
:104C7000824201DA012003900398E8B309F10105AB
:104C80000A98854200DD0025AAF10106002E00DA0F
:104C90003E4404EB850004EB8901B0F90200B1F950
:104CA0000220904216DB12D034F9253034F9291055
:104CB0008B420CD04FF0010CCDE9000C5846FEF7AA
:104CC000D9FD58460499FEF7F3FA0BF12C0B08F1C5
:104CD0000108A946B84523D004EB860004EB8A01FD
:104CE000B0F90200B1F90220904217DB13D034F979
:104CF000263034F92A1000E024E08B420BD0002546
:104D0000CDE900055846FEF7B5FD58460499FEF773
:104D1000CFFA0BF12C0B08F10108B246B845ABD322
:104D2000DDE90B0108AAFFF74DF80498FFF722F818
:104D3000049803F0F9FB204603F0F6FB0B99059865
:104D400088600CE7A9F10105002D00DA3D440AF165
:104D500001060A9886429CDD00269AE7D07902086F
:104D600070B504460D461646324629462046F6F7EB
:104D7000A5FC324629462046F2F71EFB324629465C
:104D80002046F2F7E8FC324629462046F2F7C7FDF6
:104D9000324629462046BDE87040F5F763BF7047AC
:104DA00010B504460121204604F03CFA4FF6FF708E
:104DB00060870121606A03F0A8FD20460022BDE85B
:104DC0001040202100F028BB10B50C46002044F80C
:104DD000240FE06012A1A1606060217E41F010010B
:104DE00041F0200121766082A0824FF6FF71E182BE
:104DF0002082207E20F00F0008302076243C4FF4E3
:104E00008061204603F081FD06A1204600F072FA81
:104E1000204604F0A2FF00F005F96062446210BD74
:104E2000EF81B8004F7074696F6E20310A4F707453
:104E3000696F6E20320A4F7074696F6E2033000004
:104E400070B50C460025606A002802D004F05AFABA
:104E5000656294F83C00C00603D4206B03F076FB37
:104E6000256370BD70B50E463146514804F02AFEE8
:104E7000012855D1304600F08DFA0546304600F045
:104E8000C7FA04460E2D14D00F2D2BD0102D29D08B
:104E9000082D2CD02A2D2FD0292D32D02C2D35D0D5
:104EA0000D2D3ED0152D3BD13046BDE87040F5F7B5
:104EB000ADB8204604F002FF00F026FF054602F0E0
:104EC000ABF802F0FEF804282AD125B12046BDE84F
:104ED000704000F0F5B8218FE1862046BDE87040B3
:104EE000FFF75EBF2046BDE87040FFF759BF204680
:104EF000BDE87040F0F75CBF2046BDE8704006F0AA
:104F000028BF2046BDE8704006F023BF304600F0C1
:104F10007DFA05460021204605F0F0FE00896880F4
:104F200070BD304600F072FA0078132812D01228B3
:104F300010D0142822D0112820D01B2831D00A28C4
:104F4000EED102F083F8A042EAD02046BDE87040DE
:104F5000F0F72EBF204600F05DF850B1E08EA18E34
:104F6000401C8842DCD2E0862046BDE870400BF051
:104F7000FFBF2046BDE8704000F0A2B8204600F018
:104F800049F848B1E08E0028CAD0401EE08620468D
:104F9000BDE870400BF0ECBF2046BDE8704000F06B
:104FA0008FB8218FE1862046BDE87040FFF7F8BE3C
:104FB000CC7C02082DE9F04105460E461746002438
:104FC000286BA046002804D0EBF7EAFA014600233C
:104FD00009E086F80080BDE8F081286BC05C0A28F3
:104FE00000D1641C5B1C8B4202D2288FA042F4D1FA
:104FF00000247A1E05E00FB1944208D23055641C9B
:105000005B1C8B4203D2286BC05C0A28F3D106F8E4
:105010000480E0E710B5406A012105F042FF80F00E
:10502000010010BD10B50146044804F01FF8044605
:10503000204604F07FF8204610BD0000E87C0208FE
:1050400070B50E46304600F0A5F90446182C05D080
:1050500031461A4804F036FD01282DD1304600F0C3
:10506000D7F90546686A082C0ED0012C17D0092CF8
:105070001AD0182C20D13046F4F7B4FD3146BDE8E3
:1050800070400E4804F01EBD01F0C6FF02F00BF8A0
:10509000002811D12846BDE87040FAF7D5BF284650
:1050A000BDE87040FAF7B0BF4FF6FF714187284660
:1050B000BDE8704006F090B970BD0000E87C0208C1
:1050C0002DE9F84304460121204603F052FC204616
:1050D00004F043FE0146606A07F030F94FF0FF31FB
:1050E000606A06F0F8FA0121606A04F060F80022B4
:1050F0001F21204600F090F92046F8F745FD804634
:105100004046216B03F051F842F2D171606A07F01A
:105110006CFB404607F0B4FB606A05F096FE05465E
:10512000204605F092FE85420EDC94F83C0000F02B
:105130000F00042801D0082806D1204605F085FE7E
:105140000146606A07F051FB404604F0BEFD074689
:105150000021606A05F070FB05460021606A05F0D9
:1051600022FD4619606A002141F6110205F03EFD5C
:1051700000902844B919084407B23D4694F83C0011
:1051800000F00F06082E02D0042E21D037E0FDF7E4
:10519000A5FAFDF70AFBB4F91A10294488422EDA61
:1051A000FDF79CFAFDF701FBB4F91A10411AB4F9A6
:1051B0001600814203DA0426401E05B21FE0FDF707
:1051C0008DFAFDF7F2FA618B401A401E05B216E027
:1051D000B4F91600401B12D5FDF780FAFDF7E5FA89
:1051E000B4F91A10B4F91650411AA94207DD08267D
:1051F000FDF774FAFDF7D9FA618B401A05B2BD428A
:1052000000DD3D462946606A07F06DF820460BF048
:10521000AFFE0020082E06D0042E0CD0012E12D096
:10522000022E18D01EE0009000230D222146606A55
:1052300003F009FC16E0009000230A222146606A70
:1052400003F001FC0EE00090002310222146606A6A
:1052500003F0F9FB06E00090002313222146606A68
:1052600003F0F1FB606A07F00BFB94F83C0000F0E0
:105270000F00012801D0022818D1606A05F0E8FD6E
:105280000646606A05F001FE0546FDF727FAFDF7C0
:105290008CFAA8420ADCFDF721FAFDF786FA281AF3
:1052A000301A401E01B2606A07F0CDFA0021404674
:1052B000226B03F0B1FE022813D0032808D001B0FE
:1052C0004046BDE8F04300231A46012103F0ACBB81
:1052D00001B04046BDE8F04300231A46032103F025
:1052E000A3BB01B04046BDE8F04300231A460921A4
:1052F00003F09ABB70B504460D46002D03D000267E
:10530000A686002206E0FEE70A2B02D1A18E491CE8
:10531000A186521CAB5C002BF6D1A08E401CA0864F
:10532000E686268794F83C00C00604D4206B10B1B2
:1053300003F00CF9266394F83C0040F0100184F867
:105340003C102563204606F047F8606A002803D029
:10535000BDE8704006F040B870BD10B50C464FF483
:105360008061204603F023FF0421204603F01FFF45
:105370004FF40031204603F0C8FA0121204603F023
:10538000C4FA2046BDE8104002F02CB8486A00215B
:1053900041627047007A20F0800070474068704793
:1053A000017A15290BD0142909D0162907D01829FC
:1053B00005D0172903D0192901D00020704700F02B
:1053C00025B8017A01291FD002291DD003291BD03D
:1053D000042919D0052917D0062915D0072913D07B
:1053E000082911D009290FD00A290DD00B290BD07B
:1053F0000C2909D00D2907D00E2905D00F2903D07B
:10540000102901D000207047AFF300800069704779
:1054100000687047C068704710B588B000281BD07E
:10542000019002908DF80C100020049005929DF8D8
:105430001C0020F0010020F0040020F002008DF894
:105440001C00064C6068069001A86060F7F72DF814
:105450000699616008B010BD0120FBE7180100202B
:1054600000B5027A132A07D1FFF7D0FFB0F9002068
:105470008A4200DD1146018000BD10B500F004F83D
:10548000BDE8104000F046BB10B500210B4802F00B
:10549000A7FE0B4CE06008F049FB208008F046FBBB
:1054A00040F48050608008F041FB40F48050A080C0
:1054B00008F03CFB40F48050E08010BDFDD00008B7
:1054C0006001002010B5092900D120210469F8F7F6
:1054D000A5F938B1616801EBC000618A890B03D07E
:1054E000002010BD002010BD00682168C0F313002B
:1054F000084410BD002801D042681047FEE72DE99E
:10550000F0410D4617469846002805D02DB10021E0
:105510002960044600200FE0FEE7FEE726684346C8
:105520003A4629462046B04728B1A97BC90602D48D
:105530002C60BDE8F0816469002CEFD1F9E72DE91A
:10554000F0470C46814611469A460027092901D1A9
:1055500020210127D9F810504846F8F75FF9064690
:1055600030003ED04FF00008E86850B15146484640
:10557000F8F754F9024622B131464846F8F742FAA4
:105580008046686800EBC600298A01FB08F10A1111
:105590000168090D002F01D04FEA4101114401F1CA
:1055A00008014FEA1111A180417921810179E1803F
:1055B00090F90620628190F90700A081688A4FEA7D
:1055C0005022A07B62F3030020F01000A07304D0EF
:1055D0004FF6FF7000EA4100E0804FF00100BDE8A7
:1055E000F0874FF00000FAE71FB5002809D01346F6
:1055F0000A466946FFF783FF20B1BDF8040004B0F6
:1056000010BDFEE70020FAE770B504466068002888
:1056100016D0C268B2B121689047054660684088DC
:1056200040B1A06830B1C06808B102F08FFFA06837
:1056300002F08CFF002020606060A060284670BDF2
:105640000B2070BD092070BD10B504460948EEF767
:10565000CDFD014609E008680078A04201D1086844
:1056600010BD0448EEF7D9FD01460029F3D1002012
:1056700010BD00009C9F002010B504462046EAF7AC
:105680008FFF48B1215C2E2908D02F2909D05C2931
:1056900007D0401E0028F5D103A010BD2044401CB7
:1056A00010BD01A010BD000000000000401C0178EA
:1056B0003A2900D1401C70472DE9F04105460E46BD
:1056C0001746002E25D03078FFF7BEFF0446200095
:1056D00021D0616809B18847F8B1A068F8B13046B7
:1056E000FFF7E4FF0146A3683A4620469847C0B159
:1056F000411C16D06C602860608838B1102002F020
:1057000099FEA86078B1102103F06FF80020BDE881
:10571000F0810B20FBE70320F9E70120F7E70920E0
:10572000F5E70C20F3E7FEE72DE9FC410F46944630
:105730001C460022002C00D02260416859B1096942
:1057400061B101924568698851B101AB6246394641
:1057500000F013F80CE00B20BDE8FC810920FBE70A
:1057600001A9009101682E6963463A462846B04770
:10577000002CF1D001992160EEE72DE9FC5F044691
:105780008A4615469B460026A068876801684268DD
:10579000D0F80C806068B0F80290B9423DD89742CA
:1057A0003BD2781A80B2A9EB00018FB2BD4206D875
:1057B00008EB00012A46504602F03DFF58E008EB96
:1057C00000013A46504602F036FF4D450AD9CDF861
:1057D00000B0D4E90010EB1B06690AEB0702B047E2
:1057E000064645E00020019001A80090D4E9001091
:1057F0004B4606694246B0470646A1684868401CC9
:105800000860A168019A10444860E81B82B20AEB64
:1058100007004146EAF7E3FE2AE04D4508D9CDF8F6
:1058200000B0066921682B465246B04706461FE085
:10583000B8F1000F06D1484602F0FCFDA168C8602F
:10584000C0B180460020019001A80090D4E900106A
:105850004B4606694246B0470646A0680760A06806
:105860000199394441602A4641465046EAF7B7FE5D
:105870000EB106E0FEE7CBF80050A068816829442D
:1058800081603046BDE8FC9FF8B504466568002D90
:105890001CD0AE69E6B100206B8873B3D2B1012A87
:1058A0002CD0022A11D1134620680A460146284608
:1058B000B047002809D1D4E900106A46C369984767
:1058C000002802D1A26800999160F8BD0B20F8BDB4
:1058D0000920F8BDA26891600A46A3681D68A94224
:1058E00002D359688A42F4D9D4E9001000238469AC
:1058F00001B0A446BDE8F040604713E0A3689A6891
:105900000A449A60A1680B689A4202D349688A42A5
:10591000DFD9D4E900100023846901B0A446BDE8B2
:10592000F0406047134620680A46014601B0284609
:10593000B446BDE8F04060472DE9FF4105460E46FC
:105940001746A87870430012874203DC288804B009
:10595000BDE8F0812B7A591E05EB81018A787243EC
:105960001212974201DB0888F1E70022012421E0AE
:1059700005EB84018978714309128F4218DC601E9F
:1059800005EB8008B8F800000090FCF759FD039083
:1059900005EB840420880090FCF752FD029098F8F3
:1059A000020070430012A178714309120A1A03E041
:1059B000641CE4B2A342DBD8381A00B2C0EB00206A
:1059C00090FBF2F0C0B2C0F1FF019DF809209DF8F4
:1059D0000D30424303FB012202EBC21303EBC2333F
:1059E000BDF804401A0F62F302049DF80A209DF8E6
:1059F0000E50424305FB012202EBC21505EBC232F9
:105A0000920E62F3C7049DF8082042439DF80C00F3
:105A100000FB012000EBC01101EBC030800E60F3F1
:105A20000C24580E60F34F340194BDF804008EE747
:105A30004168002901DA02F089BD7047FEB50546CC
:105A40000E461746687A400703D0244C207810B1E0
:105A500006E00020FEBD002000F044F80120207088
:105A6000687A00F00700022818D0394632462846E6
:105A7000F1F7E2F902900020019001AA02A918486A
:105A8000F9F7AEFE01280BD03A4631462846EFF72B
:105A9000CDFC01900028DDD0002418E03146E5E778
:105AA00001980422416802EBB1714FEAB1014160F3
:105AB000FEBD22462846FFF73FFF00900198BDF843
:105AC0000010806800EB44000180641C24B201983F
:105AD000B0F90E10A142ECDC0198FEBD4C01002093
:105AE00077CA000870B50546084C206802F02EFD04
:105AF000284602F09FFC2060054CA06020B129469A
:105B000002F073FE656070BDFEE70000D801002062
:105B10004C01002010B500211B4802F061FB1B4C1A
:105B2000606108F003F840F48050208007F0FEFF29
:105B300040F48050A08007F0F9FF40F4805060806E
:105B400007F0F4FF40F48050E08007F0EFFF40F4EE
:105B50008050208207F0EAFF40F48050E08107F097
:105B6000E5FF40F48050608107F0E0FF40F4805092
:105B7000208107F0DBFF40F48050A08107F0D6FFC2
:105B800040F48050608210BD67E30008700100207F
:105B900070B506460C46002E32D03046EEF726FB96
:105BA000014606E00868A0422AD03046EEF735FBF1
:105BB00001460029F6D1204604F080F840B1A168E2
:105BC000896829B1C9680968A14201D100F0B0F81B
:105BD000A06810B9204603F017F9A0688660304627
:105BE000EEF750FB054655B12C603046EEF7FEFA55
:105BF000A84205D13046BDE8704000F099B8FEE7F4
:105C000070BD000010B50D48EEF71EFB04469CB1B8
:105C100004212046EEF710FB0020E060217E21F0F9
:105C20000101206121F0020141F0040141F008016D
:105C300021766061204610BDFEE70000B49F002081
:105C4000014A0249F7F7DEBB1B420008ED4100089C
:105C500070B50646002E47D0304604F02FF80446B3
:105C6000200041D0207EC0073ED10021204600F018
:105C7000F9F82046EEF7BAFA054633E02868B04254
:105C80002BD1E06888B10068B0420ED02046F7F70B
:105C90007EFE0246E0680F210068FFF7BDFB012889
:105CA00022D1E068006805F097FBE560002D1BD06D
:105CB000216909B1204688472046F7F768FE024669
:105CC000E0680E210068FFF7A7FB01280CD1E0680F
:105CD0000068BDE8704005F07FBB29462046EEF71E
:105CE0009CFA0546002DC9D170BD0000014A024949
:105CF000F7F788BB254200082D42000801480068DC
:105D00007047000020010020002803D0007EC0F36F
:105D10004000704700207047002803D0C06818B1C9
:105D2000006870470020704700207047EEF764BAA3
:105D300070B50446207EC0F3C00540F00800207610
:105D4000400703D42046FFF77BFF02E02046FFF721
:105D5000CDFF207E65F3C300207670BD70B504468C
:105D60000025E06800280DD02046F7F710FE024617
:105D7000E0680F210068FFF74FFBE068006805F05E
:105D80002BFBE5602046EEF731FA014607E0086894
:105D9000806800B185602046EEF73FFA0146002991
:105DA000F5D12046BDE87040EEF709BA2DE9F04183
:105DB0000646304603F082FF044620003DD0E068EE
:105DC00008B30068B0421ED1207EC10702D020F087
:105DD000010020762046EEF709FAE16888420FD1EB
:105DE0002046EEF723FAE168884209D12046F7F70A
:105DF000CEFD0246E0680F210068FFF70DFB02E0D0
:105E00002046FFF795FFE068002718B10068B04210
:105E100000D1E7602046EEF7E9F9054614E028686E
:105E2000B0420CD129462046EEF757FA284602F038
:105E30008DFBB068002800D08760BDE8F08129465E
:105E40002046EEF7EAF90546002DE8D1F5E713B54F
:105E5000FFF762FF20B101AA0D21FFF7DDFA1CBD9B
:105E600001201CBD70B50446002C1DD0207EC0F35F
:105E700040028A4218D061F3410020762046FFF7A5
:105E80004BFF0546002D0FD02046F7F780FD024658
:105E9000E0680E210068FFF7BFFA012804D1284608
:105EA000BDE8704005F098BA70BD0000FFB583688A
:105EB000006800F01F04052C0AD00B2C13D00C2C0A
:105EC00026D00D2C3AD00E2C52D0FF2004B0F0BDBD
:105ED000C0F38A20504300EB400001EB410108442D
:105EE00018448078F2E701F00704C910C0F38A2053
:105EF000C01DC00800FB02100122195CC4F107009C
:105F000082401140C14009B10020DFE7FF20DDE7FA
:105F10001AA4246803948C07640F8910C0F38A20A4
:105F2000C01C800800FB02100322195CC4F10600AB
:105F300082401140C14003A8405CC7E710A494E828
:105F4000E000E4688DE8E0000394CC07640F49109A
:105F5000C0F38A20401C400800FB02100F22195C8D
:105F6000C4F1040082401140C1401DF80100ADE7BA
:105F7000C0F38A2000FB0210185CA7E70055AAFFB7
:105F800000112233445566778899AABBCCDDEEFF19
:105F9000FFB583B007460C461646BDF8001000203A
:105FA00060F302010091BDF8001060F3C701009199
:105FB000BDF8001060F30C210091BDF8001060F3F3
:105FC0004F310091BDF800000190BDF8040002902F
:105FD000BD68396801F01F00042814D0062812D0CB
:105FE000052810D007281ED008282FD0092840D017
:105FF0000A2851D00B2858D00C2856D00D2854D040
:106000000E2852D053E000F056F8C0083968C1F3AA
:106010008A217143414304FB00102918022202A87F
:1060200002F095FB43E0083504F00700E210C1F3ED
:106030008A21C91DC90801FB0621C0F10700695C5E
:10604000012282401140C140029130E01035A0078A
:10605000400FA210C1F38A21C91C890801FB062147
:10606000C0F10600695C032282401140C1400291E8
:106070001DE04035E007400F6210C1F38A21491C42
:10608000490801FB0621C0F10400695C0F2282402F
:106090001140C14002910AE005F58065C1F38A20F4
:1060A00000FB0640285C029001E006980290BDF8D3
:1060B000080007B0F0BD014600200F290AD2DFE832
:1060C00001F009090909080A080C0E10120C0E103B
:1060D00012001020704718207047012070470220DE
:1060E0007047042070470820704701460020891E31
:1060F0000D2909D2DFE801F007080807080707079C
:106100000707070707000120704701460020032901
:1061100001D0062900D10120704770B50C4600253A
:10612000656294F8380040F0030020F07C0084F8A9
:106130003800204604F089FEA085204603F0C5FD06
:106140002834E08025814FF48070E081207C40F08D
:1061500080002074258065806581A5816574283C58
:106160000221204603F023F82046BDE870404FF49A
:10617000803102F0CABB000010B50146044802F0AD
:1061800075FF0446204602F0D5FF204610BD0000F2
:10619000047D020870B50D466C6A002C12D0287C74
:1061A000012802D12046FFF72FFAE06808B102F07B
:1061B000CDF9206908B102F0C9F9204602F0C6F90C
:1061C0000020686270BD00007FB50D461446284669
:1061D00000F0D3FE30B101281BD0022840D00020AF
:1061E00004B070BD286800F01F01091F0B2901D3FE
:1061F0000020F5E7810A206861F394202060296877
:10620000490D61F35F502060297861F3040020603C
:1062100032E02846FFF730FA18A1EAF7A9FA08B1E8
:106220000020DDE70222294601A8FFF745FA78B9E8
:106230006B460422214601A8FFF776FA054601A81D
:10624000FFF7E2F915B90098042801D00020C7E74C
:10625000207800F01F00001F0B280DD30020BFE79F
:106260002068012161F39420C0F3140000F50010B0
:1062700020F01F000B3020600120B1E762696E0042
:106280002DE9FF4F89B00746DDF858A08B465BA08B
:10629000006808905AA0006807905AA003AC90E8E4
:1062A0000E00C0680EC40690B86802900020BDF8C9
:1062B0000810CAB20B0A07E000EB40010AF80120FF
:1062C00051444B70401C00B20C998842F4DB4FF0F3
:1062D0000008387D00F01F00FFF7EDFE8146012029
:1062E00000FA09F0401E80B201900026002500242B
:1062F000786900F01F010B2906D00C2914D00D2954
:1063000023D00E2937D131E0C0F38A20C01DC60842
:106310000B9805EBEB0106FB00150BF00700C0F135
:1063200007040DF1200826E0C0F38A20C01C86086F
:106330000B9805EBAB0106FB00150BF003000621E3
:10634000A1EB40040DF11C0815E0C0F38A20401CAD
:1063500046080B9805EB6B0106FB00150BF00100DE
:106360000421A1EB80040DF10C0804E0C0F38A269F
:106370000B9806FB00B5786A0090304602F086F86C
:1063800083465FEA0B000FD0387C88B10022291DBC
:106390000098FFF779FA0023324659460098FFF734
:1063A000C3F95946002021E000200DB0BDE8F08F70
:1063B000786880684119F5E70A78019BE2401A4045
:1063C0003B7D03F01F030E2B01D018F8022000EBD9
:1063D000400353449A70A4EB090254B2002C03DA30
:1063E000C9F1080254B2491C401C00B20C9A9042F8
:1063F000E2DB584602F098F80120D6E700FF0000E3
:106400000055AAFF00112233445566778899AABB2C
:10641000CCDDEEFF2DE9FF4F83B08346DDF84090E1
:10642000884692469BF8140000F01F00FFF743FED9
:1064300007460121B940491E88B202900026002477
:106440000025DBF8140000F01F01072906D00829F9
:1064500012D009291FD00A2932D12BE0C0F38A209B
:10646000C01DC60805EBE80006FB0A05083508F064
:106470000700C0F1070423E0C0F38A20C01C86088F
:1064800005EBA80006FB0A05103508F003000621FD
:10649000A1EB400414E0C0F38A20401C460805EB41
:1064A000680006FB0A05403508F001000421A1EB55
:1064B000800405E0C0F38A2606FB0A8505F58065A1
:1064C000DBF82480304601F0E1FF82465FEA0A00F3
:1064D00010D09BF8100088B10022291D4046FFF71C
:1064E000D3F90023324651464046FFF71DF9514685
:1064F00000202AE0002007B0BDE8F08FDBF80400A0
:1065000080684119F4E70A78029BE2401A40D8F803
:106510000C3003EB42031B88019300EB4005BDF8F0
:10652000043009F805301E0A05EB09035E70D8F83F
:106530001050AA5C9A70E21B54B2002C03DAC7F127
:10654000080254B2491C401C00B2069A9042DADBA1
:10655000504601F0E9FF0120CDE72DE9F84F044650
:10656000DDF82880894692461F46666A207D00F045
:106570001F00FFF7A0FD05466069C0F38A200AFBF3
:1065800000906843C110091D00223046FFF77CF9D6
:1065900010B10020BDE8F88FEC087C43002000908B
:1065A0006B46224641463046FFF7BEF810B90098C8
:1065B000844201D00020EDE70120EBE72DE9FE4306
:1065C00007460C46207C012801D048B32BE06068C8
:1065D000FFF752F85EA1EAF7CBF810B10020BDE852
:1065E000FE83022268466168FFF766F808B1002062
:1065F000F5E7606A38B9142001F01CFF606230B121
:10660000142102F0F2F8606A69460C2205E0FEE708
:1066100011F8013B00F8013B521E002AF8D102E0BC
:1066200060688068F0B1207D00F01F0004281BD056
:10663000052819D0062817D007281ED008281CD0F6
:1066400009281AD00A2818D00B287ED00C287CD014
:106650000D287AD00E2878D021463846FFF79AFDCB
:106660000020BCE70020BAE7207C08B10120B6E793
:1066700060688068A0610120B1E7FFF71CFD01267A
:106680008640606A38B9142001F0D4FE6062B8B167
:10669000142102F0AAF8656A700001F0CBFEE860F0
:1066A00078B1304601F0C6FE286158B1E86850B1B3
:1066B000207C01280DD06068D0F8088000243FE0DD
:1066C000FEE7FEE7FEE721463846FFF763FD0020C0
:1066D00085E7002204212846FFF7D6F8002419E0B8
:1066E0000023042202A92846FFF71EF89DF808207F
:1066F0009DF809109DF80A00FBF744FC0190E8683A
:10670000BDF8041000EB4400018029699DF80B00DE
:106710000855641CB442E3D314E008EB840718F86E
:1067200024207978B878FBF72DFC0290E868BDF852
:10673000081000EB440001802969F8780855641CB2
:10674000B442EAD301204AE7FFE7012047E700000F
:1067500062696E00F8B515461E46DDE906320C4644
:106760000020217D01F01F01042914D0052912D039
:10677000062910D00B2918D00C2916D00D2914D0B9
:106780000E2912D0072917D0082915D0092913D0AE
:106790000A2911D0F8BD217C0129FBD10092324693
:1067A00029462046FFF7D9FEF8BD00923246294619
:1067B0002046FFF765FDF8BD009232462946204687
:1067C000FFF728FEF8BD10B50446206800280BD05E
:1067D000C2680AB121469047207C012804D1606834
:1067E00001F0B4FE0020606010BD000010B5064846
:1067F000EDF72AFD04462CB11421204601F0F5FFE7
:10680000204610BDFEE70000C09F00202DE9F041AA
:1068100005460E460421304601F0E7FF25B1284623
:1068200000F0ABFB18B104E00020BDE8F081A868DF
:1068300028B100270C48EDF7D9FC04460FE00020F2
:10684000F3E7236833B13246294620469847074686
:10685000012F06D021460448EDF7DFFC0446002C4A
:10686000EFD13846E1E70000C09F00202DE9FF414D
:1068700004460F461D462821204601F0B6FF27B1E9
:10688000384600F07AFB20B105E0002004B0BDE8F6
:10689000F081B96879B1BDF8081021812074E560F4
:1068A00001280AD0676000262148EDF79FFC0546C5
:1068B00004F114082FE00020E8E73846E9F770FEFD
:1068C000401C01F0B7FD606018B13946E9F744FE9D
:1068D000E9E7FEE72B68CBB16868B8B142463946B4
:1068E000284698470646012E10D125606A68214641
:1068F000284690470646012E13D00421404601F059
:1069000074FF00202062A0616062E06129460848AF
:10691000EDF783FC0546002DDCD1207C012802D058
:1069200004E03046B2E7606801F010FE3046ADE7A3
:10693000C09F00202DE9FC410F4608990646002023
:106940003468A568002D06D0CDE9003113463A46DB
:1069500031462046A847BDE8FC81C1607047016010
:106960007047416070478160704710B50C4694F8DD
:10697000380000F00300012801D0022809D154F8A2
:10698000240F01F0E3FD00202060207D40F0030093
:10699000207510BD2DE9FF470F463846FEF7FAFC7B
:1069A0000546152D07D0182D05D03946864803F029
:1069B00089F801287BD13846FEF72AFD04462A2DA6
:1069C00013D04FF48076132D22D0112D73D02C2D9F
:1069D00070D0152D03D0182D01D0122D67D104B021
:1069E0003846BDE8F047F1F74FBE94F8380000F0A4
:1069F0000300022805D004B02046BDE8F04705F0AA
:106A00007CB9616A04B02046BDE8F04700F005BAE1
:106A10003846FEF7FBFC05460021204604F0E4F969
:106A2000E18E414341F30F280021204604F0B9F9DB
:106A3000218E08440FFA80F9B9F1000F01D1B04559
:106A400035D0204604F001FA0646204603F03DF911
:106A5000074632341FFA88F0CDE900044B463A4627
:106A6000314602A8ECF78CFDB5F90000BDF908101D
:106A7000411A884200DD014609B22980BDF90A2089
:106A8000821A914200DC114609B22980BDF90C201E
:106A90000244921B914200DC114609B22980BDF9E3
:106AA0000E201044C01B814200DC01462980BDE855
:106AB000FF8700E073E03846FEF7A8FC054600219A
:106AC000204604F091F9E18E414341F30F27002164
:106AD000204604F066F9218E08440FFA80F820461B
:106AE00004F0B3F9B4F92C1088424DD1204603F0DC
:106AF000ECF80146B4F92E00814245D1B74212D1DB
:106B0000B8F1000F0FD1B4F92C1001EBD1714A107C
:106B1000B4F932108A4206D100EBD0704110B4F9BA
:106B20003400814230D0204604F08FF906462046DA
:106B300003F0CBF8024604F13200B9B2CDE90010FF
:106B40004346314602A8ECF71BFDBDF80800A18AB8
:106B50000844ADF80800BDF80A00E18A0844ADF821
:106B60000A00BDF80C00A18A0844ADF80C00BDF87D
:106B70000E00E18A0844ADF80E00002202A8296840
:106B8000ECF782FB287192E702A9204602F0D7FFBA
:106B9000002202A82968ECF777FB287187E73846BE
:106BA000FEF734FC054694F8390000F00300012894
:106BB00004D0A08D2880E08D688078E7204600F022
:106BC00005F80390286072E7047D020830B585B0AF
:106BD00004460021204604F007F9E18E41430D12DE
:106BE0000021204604F0DDF8218E084404F1320132
:106BF000AAB2CDE9002103B2B4F92E20B4F92C10C9
:106C000002A8ECF7BDFCBDF80C00BDF80810401A56
:106C1000401CADF81000BDF80E00BDF80A10401A77
:106C2000401CADF81200049805B030BD2DE9FF47B7
:106C300004460D464FF46160854203D395FBF0F1A5
:106C400000FB1155208EA8426BD00021204604F095
:106C5000CBF8E18E41434FEA21280021204604F081
:106C6000A0F80646204605F00BFE204604F0EDF89D
:106C70008146204603F029F8824604F132071FFAC4
:106C800088F8CDE90087208E5246304403B2494649
:106C900002A8ECF775FCBDF80810A08A0844ADF80E
:106CA0000800BDF80A10E08A0844ADF80A00BDF8F3
:106CB0000C10A08A0844ADF80C00BDF80E10E08A54
:106CC0000844ADF80E0002A9204604F0BAFB258660
:106CD000204605F012F8CDE90087208E5246304458
:106CE00003B2494602A8ECF74BFCBDF80800A18AA4
:106CF0000844ADF80800BDF80A00E18A0844ADF880
:106D00000A00BDF80C00A18A0844ADF80C00BDF8DB
:106D10000E00E18A0844ADF80E0002A9204604F0F6
:106D200090FBBDE8FF872DE9FF5F04460F469046C4
:106D3000B4F93200B84203D1B4F9340040456AD006
:106D40000021204604F050F8E18E41430E1200214C
:106D5000204604F026F8218E08440FFA80F92046D8
:106D600005F08EFD204604F070F88346204602F0C0
:106D7000ACFF824604F13205B6B2CDE900654B4660
:106D80005246594602A8ECF7FBFBBDF80810A08A52
:106D90000844ADF80800BDF80A10E08A0844ADF8D0
:106DA0000A00BDF80C10A08A0844ADF80C00BDF82C
:106DB0000E10E08A0844ADF80E0002A9204604F047
:106DC00040FB6786A4F83480204604F096FFCDE9A6
:106DD00000654B465246594602A8ECF7D1FBBDF878
:106DE0000800A18A0844ADF80800BDF80A00E18A4D
:106DF0000844ADF80A00BDF80C00A18A0844ADF8BB
:106E00000C00BDF80E00E18A0844ADF80E0002A99E
:106E1000204604F016FBBDE8FF9F2DE9F04385B046
:106E200004468846204604F0D7FA404600F0A5F80C
:106E300005464FF00009032D09D004A94046FFF78D
:106E4000E5FCC5B1012D24D0022D22D03FE094F8FD
:106E5000380000F00300022801D0012802D1606A46
:106E600001F074FB44F8249F207D40F0030020755E
:106E700005B0BDE8F08394F8380000F00300012865
:106E800001D0022802D1606A01F060FBC4F82480BE
:106E90001DE0606A40451AD0002694F8381001F0D1
:106EA0000301012901D0022900D106464046E9F735
:106EB00077FB401C01F0BEFA07465FB141463846F9
:106EC000E9F74AFB676216B1304601F03FFB022D3D
:106ED00001D02CE0FEE72046002141F2594203F0A8
:106EE00085FE029006462046002141F25A4203F0F8
:106EF0007DFE029007B22046002141F25B4203F082
:106F000075FE029000B241F6FF718DE803023B4628
:106F10003246414603A808F0EDFDBDF80C10049878
:106F200061F39420BDF80E1061F35F50049094F863
:106F3000380065F3010084F838000498C0F38A2112
:106F4000A185430DE38594F8382060F3860284F828
:106F500038204A086286810DA186204604F0F9FE99
:106F6000208E18B9E08EB0F5807F02D0204604F064
:106F7000C4FE204604F030FA7AE70321002806D048
:106F80000078A0F120015F2903D80120704708464E
:106F90007047802801D3022070470020704710B549
:106FA00004462021204601F020FC002020700A2009
:106FB000207660764FF4C870A0836420E08332208E
:106FC000E0760320A07610BD70B50546286900283C
:106FD00002D1FBF783FB28612869B0B10C48EDF7BB
:106FE00033F904469CB15821204601F0FEFB256090
:106FF000607940F00200607122460F21054808F0D8
:1070000045F921684861204670BD002070BDFEE74B
:10701000909F0020F17001080148806870470000CF
:107020002401002001680978022901D0002070475E
:10703000C0687047002803D001460348EDF7EDB85B
:107040000148EDF7D3B80000909F00200148406848
:10705000704700002401002000280AD0026812783E
:10706000012A0AD0032A08D04FF0FF300880488058
:107070007047002008804880704702890A80408954
:1070800048807047002807D001680978012905D099
:10709000032903D0002070470020704790F840007B
:1070A00000F00F007047002807D001680978012917
:1070B00005D0032903D00020704700207047C06A24
:1070C0007047002802D000680078704700207047A1
:1070D00000220A804A80002809D002681278012A1A
:1070E00001D0032A03D1828A0A80C08A488070476F
:1070F0007FB52C4CC068A0600168096900294FD099
:10710000F7F7A0FFA0684079400749D400266946F8
:10711000A068ECF73FFE9DF80F50A068F7F792FFCC
:107120006660A1689DF80E000871012804D0086807
:107130000078042808D011E008F0A5F8A1680968D3
:107140000969C1F8540109E0BDF80C0030B108F03C
:107150009AF8A16809680969C1F85401A068016832
:107160000978012906D0022908D004290AD0032968
:107170000CD00EE06946F7F7B5FD0AE06946F7F76F
:1071800093FC06E06946F7F74DFA02E06946F7F727
:1071900099F9A068F7F756FF002DB8D1A660666090
:1071A0007FBD00002401002070B50C46224E002552
:1071B00000281DD0417941F002014171B16881423E
:1071C00000D1756001680978012901D002290ED12A
:1071D00014B1016BA14200D1056314B1416AA1420F
:1071E00000D1456214B1816AA14200D1856270BDAF
:1071F0000020FFF71FFF1AE0417941F002014171C1
:1072000001680978012901D002290ED114B1016B5E
:10721000A14200D1056314B1416AA14200D1456287
:1072200014B1816AA14200D18562FFF703FF0028F3
:10723000E2D1756070BD00002401002010B5044645
:10724000607920F00100607108F01DF8A06408F07A
:107250001AF8606410BD10B5002805D0032908D0C5
:107260000C2903D0002010BD002010BDB0F9221061
:1072700001E0B0F920100068427E0020C2F16404F1
:10728000642306E0084400B204FB01F292FBF3F130
:1072900009B20029F6D110BD2DE9F04105460F468F
:1072A0000121284603F0FDFD10B10020BDE8F0816A
:1072B0003946284603F006FE06460022394605F107
:1072C0001400EBF7E1FF28B94FF40021284603F042
:1072D000E8FD88B1284602F02BFC441E002C0BDB95
:1072E000A868006850F824003946FFF7D5FF002849
:1072F000DCD1641E002CF3DA0EB12846D6E700205C
:10730000D4E702681278022A01D0042A00D101656C
:107310007047000038B5174C2078002829D101F0BB
:1073200023F9EDF735FAECF71FF9EBF797FEECF7D9
:1073300021F9FBF7B8FCEDF7CBF84FF4AC710E4830
:10734000ECF77AFF58210D48ECF776FFEDF718FAC5
:10735000ECF7FAFC0A4800909DF80000112802D0D2
:10736000002010B1FEE70120FBE7FEF786F80120C0
:10737000207038BD30010020849F0020909F0020A5
:107380004433221110B50C46002244F8242F207EED
:1073900020F0080020F010002076501EA060207E13
:1073A00020F007002076A282E2824FF6FF70E060B4
:1073B00020616260207E20F040002076243C022183
:1073C000204601F0F4FE0021204600F047FE204652
:1073D000BDE8104001A100F07FBE00005465787444
:1073E0000000000010B50146044801F03FFE0446CD
:1073F000204601F09FFE204610BD0000207D0208BF
:1074000010B50846044600F00AF894F83C0000075E
:1074100002D4606A01F09AF80020606210BD10B5D5
:10742000044694F83C00400603D5A06A08B101F078
:107430008DF82834207D20F0400020750020206049
:1074400010BD00002DE9FF470F463946454802F0C0
:1074500039FB01287DD13846FDF79CFF04463846AC
:10746000FDF7D6FF05462A2C0DD0132C14D0292C5D
:1074700022D02C2C29D0152C72D104B03846BDE86E
:10748000F047F2F7FABE284600F090FD04B0284617
:10749000BDE8F04700F062BB0021284603F032FC53
:1074A000B0F9080004B0C11700EB917081103846A4
:1074B000BDE8F047FDF7D4BF284600F077FD04B0E3
:1074C0002846BDE8F04700F049BB0021284603F0FC
:1074D00019FC80460021284603F02BFC8146002140
:1074E000284603F042FC0646002495F83C00C106FD
:1074F00000D50124800601D544F00204284602F09C
:1075000087FB0021284603F08BFCA0F51C51D139E4
:1075100005D1688C400502D441F6FF7002E0284690
:1075200002F076FBCDE9006002944B46424603A888
:10753000696A08F0DFFA3846FDF768FFB0F9001015
:10754000BDF90C20914200DC11460180B0F9021017
:1075500000E005E0BDF90E20914200DC11464180BB
:10756000BDE8FF87207D020890F83C10490601D550
:10757000806A7047283070472DE9F04F8BB0824603
:107580000C46002C59D05046002141F6120203F05F
:107590002DFB01902188081AADF8240050460021E7
:1075A00041F6100203F022FB01906188081AADF841
:1075B000260007A9504602F0E1FA504600F0BCF957
:1075C00007460025002407A8F9F722FB06900021B2
:1075D000504603F097FB05900021504603F0C5FB91
:1075E00004900021504603F0A4FB81460598B0F9B1
:1075F00008B0A04600269AF83C00C10600D5012636
:10760000800601D546F002060021504603F008FC32
:10761000A0F51C51D13905D1BAF82200400501D49A
:1076200046F0040600215046DAF8242001F0F4FC6C
:107630008246049858440A9021E0FEE70020CDE9F4
:107640000006DDE9051378194A46EDF7EDF8044424
:10765000BDF9260008EB0B0188420BDC0194424A7D
:1076600001A93846126890470A280BD0385D48B9FE
:10767000641C07E00A9840440FFA80F82546785DBC
:107680000028DBD107EB050B4FF00008BAF1020F21
:1076900003D0BAF1030F15D023E00096611B4B46CF
:1076A0005846059A08F087FA804607A8F9F7B0FA15
:1076B00000EBD070411008EBD870A1EB60000FFA1E
:1076C00080F80EE00096611B4B465846059A08F07C
:1076D00072FA804607A8F9F79BFAA0EB08000FFAA8
:1076E00080F84FF0000ACDF80CA0CDF808A034BB0C
:1076F00029E002AB6A4601A95846EDF77BF8F0078E
:1077000006D002981BF8001003A8EDF741F9B0B9B4
:10771000DDE900210598FDF767FF00B2BDF92410EF
:10772000404481421DDB02994A19A24219D00AEB5A
:107730000502BA5CAAB148440FFA80F88A4602985A
:107740002844A042D5D3094C584602992268904754
:10775000064622682946384690470BB03044BDE8BB
:10776000F08FCDF808A0EEE70C02002010020020F8
:107770002DE9F74F8CB080469246BAF1000F4ED0FB
:10778000404600F0D9F807463A460021404601F04D
:1077900043FC83463878E8B309A9404602F0EEF985
:1077A0000025002409A8F9F733FA08900021404683
:1077B00003F0A8FA07900021404603F0D6FA06909D
:1077C0000021404603F0B5FA05900798B0F908008B
:1077D0000490A146002698F83C00C10600D5012679
:1077E000800601D546F002060021404603F018FB52
:1077F000A0F51C51D13905D1B8F82200400501D4BB
:1078000046F004064B4A38460D9912689047804668
:10781000049900E004E0069808440B9033E0FEE78A
:107820000020AAF80200BBF1010F0DD0BBF1020F3E
:107830000DD0BBF1030F04D1404602F0E9F9AAF8DC
:1078400000000FB0BDE8F08FAAF80000F9E740464D
:1078500002F0DEF900EBD0704010AAF80000F0E76B
:107860000020CDE90006DDE907137819059AECF749
:10787000DBFF0444A04509D3385D38B10B98484478
:107880000FFA80F92546385D0028E9D1B8F1000FDC
:107890000FD007EB080010F8010C0A2801D00D28C2
:1078A00007D117F8080020B90B9848440FFA80F95F
:1078B000454678190390A8EB05010096059B079AA9
:1078C000039808F078F907460D98A84202D0059869
:1078D000384407B2BBF1020F03D0BBF1030F15D040
:1078E00022E00096611B059B079A039808F063F954
:1078F000044609A8F9F78CF900EBD070411004EBAD
:10790000D470A1EB6000384407B20DE00096611B13
:10791000059B079A039808F04EF9044609A8F9F761
:1079200077F9001B384407B2AAF80070AAF8029051
:1079300087E7000004020020406A7047406B7047F0
:10794000006B70472DE9F04104460D461646002EA7
:1079500027D094F83C00000725D4204603F03CFDD6
:10796000606AE8F71DFE07463046E8F719FEC119C0
:10797000491C606A00F032FE606298B1A5F57F4153
:10798000FF3903D109490968884705463246294627
:10799000606AECF7CFFF2046BDE8F041002100F01F
:1079A0009BBBFEE7FEE7BDE8F0810000140200206B
:1079B0002DE9F34F8FB08946B9F1000F46D00CA9DD
:1079C0000F9802F0DBF80F98FFF7B6FF80460F988C
:1079D0000B90002400260CA8F9F71AF90A90002150
:1079E0000F9803F08FF9099000210F9803F0BDF96B
:1079F000089000210F9803F09CF982460998B0F98D
:107A000008B00B980021426A0F9801F005FB07901F
:107A1000002700250B9890F83C00C10600D50125F1
:107A2000800601D545F0020500210F9803F0F8F912
:107A3000A0F51C51D13905D10F98408C400501D4D7
:107A400045F00405089858440E9015E0FEE7002024
:107A5000CDE90005DDE9091308EB04005246ECF717
:107A6000E3FE0644B9F9020007EB0B01884207DD8B
:107A70000E98384407B2344618F804000028E6D1BE
:107A80000027BB460798022803D00798032815D083
:107A900022E0311B08EB040053460095099A08F0D8
:107AA0008AF807460CA8F9F7B3F800EBD07041103C
:107AB00007EBD770A1EB600007B20DE0311B08EBBC
:107AC000040053460095099A08F075F807460CA87B
:107AD000F9F79EF8C01B07B20020069005940490A9
:107AE000039026B3761E1FE005AB03AA04A9404607
:107AF000ECF780FEE80706D0059818F8001006A8F5
:107B0000ECF746FF80B9BB46DDE903210998FDF794
:107B10006BFD384400B2B9F90010814201DA0594D6
:107B200005E0504407B2059C0598B042DCD9DDE978
:107B300003210998FDF758FD00EB0A01491CB9F92A
:107B40000000ABEB0A02904206DB5944884203DC9A
:107B5000012011B0BDE8F08F0020FAE72DE9F04FC9
:107B600093B00446606A00287ED011A9204602F036
:107B700005F811A8F9F74CF881460021204603F0DA
:107B8000C1F806460021204603F0EFF80746002121
:107B9000204603F0CEF88046002594F83C00C1064C
:107BA00000D50125800601D545F0020500212046BB
:107BB00003F036F9A0F51C51D13904D1608C400591
:107BC00001D445F00405CDE90079029543463246DB
:107BD00010A8616A07F08EFF204604F0BAF894F806
:107BE0003C004FF0030900F007004FF6FF754FF01F
:107BF000000A022804D0032871D0012870D0C0E107
:107C00000021204602F0B6FD87B23FB9204602F0BF
:107C100023F8FAF769FD90FBF9F087B26846F8F7A8
:107C200097FA20460090ADF83C504FF496700C90B7
:107C30000E90002511A8F8F7EBFFBDF9401088421F
:107C400038DA11A8F8F7E4FFBDF94010401A07959B
:107C500008950990CE48019001462046F8F760FA51
:107C60000021002230B100E08EE1C16A90F83E00B0
:107C7000C0F340020A9888420FDD0B919DF83E0048
:107C800020F001008DF83E003AB140F002008DF87E
:107C90003E0007980999079109903846099A079973
:107CA000F8F7A6FA0A900A980D906846F8F7AEFA27
:107CB000012505E0B6492046F8F706FAA4F838A0F1
:107CC00011A8F8F75AFFBDF94210884200DA45B111
:107CD000B0492046F8F7F8F9A4F83AA051E13AE0A3
:107CE000BEE0002511A8F8F748FFBDF94210411A7F
:107CF000B6F90800081A079508950990A54801905B
:107D000001462046F8F70CFA0021002220B1C16A92
:107D100090F83E00C0F340020A9888420FDD0B91B4
:107D20009DF83E0020F001008DF83E003AB140F091
:107D300002008DF83E00079809990791099038468E
:107D4000099A0799F8F754FA0A900A980D9068462C
:107D5000F8F75CFA15E10021204602F00BFD87B22E
:107D60003FB9204601F078FFFAF7BEFC90FBF9F02E
:107D700087B26846F8F7ECF920460090ADF83C5021
:107D8000002511A8F8F744FFBDF9401088422CDA0D
:107D9000202211463046FDF727FCBDF9401000EBCC
:107DA00040000844404207950895099078480190A2
:107DB0003846099A0799F8F71BFA0A907449204641
:107DC000F8F7AEF908B1C06A00E000200A998142D4
:107DD00006DD0B909DF83E0020F001008DF83E007E
:107DE0006846F8F713FA012505E069492046F8F7D7
:107DF0006BF9A4F838A011A8F8F7BFFEBDF942103E
:107E0000884200DA35B163492046F8F75DF9A4F8F5
:107E10003AA0B6E00020B6F9082011444942079084
:107E2000089009915B4801903846099A0799F8F73C
:107E3000DFF90A9057492046F8F772F908B1C06A8D
:107E400000E000200A99814206DD0B909DF83E007B
:107E500020F001008DF83E006846F8F7D7F990E071
:107E600011A8F8F78AFE0146BDF942004FF0FF3530
:107E7000814201DBE56284E0B6F90810814201DB52
:107E8000E5627EE04449606A09688847032801D8B2
:107E9000E56276E011A8F8F7BBFE05462E221146F2
:107EA0003046FDF7A1FB4044A0EB80002844ADF82C
:107EB0003C0011A8F8F761FE0146ADF83E00B6F9A6
:107EC0000820D01991FBF0F300FB1310824207DC6D
:107ED000081AADF83E0031890844ADF83E0003E0D1
:107EE000081AC01BADF83E000FA92046FFF744FB5F
:107EF0000746606AE8F754FB8146284A3946606ABB
:107F0000126890470E90264D04E02A680EA9606A18
:107F100090477F1E0E98C01C4845F6D8DDF8388083
:107F200000250026DFF87CB0606A0E990844DBF873
:107F3000001088472844C5B21B4A0EA9606A12681F
:107F40009047032D05D80E98484502D8761C032E7D
:107F5000EAD9606A2A4600EB0801204600F054F88E
:107F600078B100202E21626A08EB0003D154401C36
:107F70000328F8D3606A08F1030800F808A0FF1C82
:107F8000E762204603F028FA13B0BDE8F08F000046
:107F9000392802083F2802081402002004020020A9
:107FA0000C020020FC0100200002002070B50546F4
:107FB00095F83C0000F00700012821D1E96A481C2F
:107FC0001ED0C91E0F4A686A1268904706460024F0
:107FD0002846FFF7C9FA024603E0135D0B54641C00
:107FE000E4B2696A30190B5C002BF6D1115D686A46
:107FF000321981542846FFF712FA4FF0FF30E86239
:1080000070BD00000402002070B50E4615460446FF
:10801000FFF705FA042D13D9681C00F00BFAA062D3
:1080200060B12A46314600F006FB54F8281F0020B4
:108030004855207D40F0400020750DE0002070BDC7
:1080400094F83C0020F0400084F83C002A46314679
:1080500004F1280000F0EFFA012070BD70B504466D
:108060000D461B492046F8F72FF81A492046F8F725
:108070002BF8002121876187022D10D0032D0ED00F
:10808000042D0CD094F83C0020F0200184F83C1022
:1080900094F83C0000F00700012807D00CE094F8A9
:1080A0003C0040F0200184F83C10F1E7E16A491CF3
:1080B00002D02046FFF77AFF94F83C1065F30201E6
:1080C00084F83C102046BDE87040FFF747BD000033
:1080D000392802083F28020870B504460D4620469C
:1080E00003F07AF905B9656A606AA8420CD194F880
:1080F0003C10090708D4E8F753FA411C606A00F005
:108100006DFA6062D0B9FEE738B194F83C10090707
:1081100003D400F01BFA002161622846E8F740FA18
:10812000401C00F087F9606268B12946E8F714FA4C
:1081300094F83C0020F0080184F83C102046BDE88B
:108140007040FFF70BBDFEE70FB470B5064605980B
:1081500000281FD0304603F03FF934460598D0B1CF
:10816000606A002530B194F83C10090702D400F091
:10817000EDF9656206A90598ECF727FC44F8240F91
:10818000207E20F0080020763046FFF7E7FC70BC28
:108190005DF814FBFEE73046FFF7E0FCF7E74163CC
:1081A00003F01AB9016303F017B970B506460D461E
:1081B000344694F83C00000705D4606A18B100F01A
:1081C000C5F9002060622DB12434207E40F0080003
:1081D000207625603046BDE87040FFF7BFBC000048
:1081E0002DE9F04105460C460B4E7068401C70604E
:1081F0000A4FC100386800F0F1F9386050B1726878
:108200001146521E40F8325000EBC200446008464E
:10821000BDE8F081FEE7000038010020C801002021
:108220002DE9F041FDF7EEFC6A4D686101466A48B0
:108230000068FFF766F808F023F908F075FAA96CF2
:108240006869FDF7A5FC696C6869FDF7A1FCAC6A7B
:10825000204601F07CFD01F06BFC411E204603F03E
:108260003AFA002264215D4807F010F828655D4F56
:108270000E225B4938460AF06FFD594943F2390036
:1082800000224B880126A1F11C04834215D0A28054
:10829000E2802281142161813221A181E181218248
:1082A0006682626140F634012183268060800E225E
:1082B000214638460AF062FD15E022808888A080B9
:1082C000C888E08008892081488960818889A081E8
:1082D000C889E081088A2082488A60824869606192
:1082E000088B20832680A1890022286FF8F74DFE95
:1082F00061890022686FF8F748FEE1890022A86FC3
:10830000F8F743FE208A322804D04B2807D064288F
:108310000ED109E034A1A86CFFF7DEFE08E033A11E
:10832000A86CFFF7D9FE03E031A1A86CFFF7D4FEDB
:108330002B4F608A3C3F012804D0022808D0032834
:1083400013D10CE02BA1686CFFF7C6FE3E700CE069
:108350002AA1686CFFF7C0FE0220387005E029A151
:10836000686CFFF7B9FE0320387060693861208BB4
:108370007881A088012823D00121E86F00F052FF06
:108380001448E188803001291FD00121006800F0E5
:1083900049FF22891CA1686BFFF7D6FEB4F90810CB
:1083A000286BF8F749FBB98B18488183F98BC18397
:1083B000397801707989418139690161BDE8F081BD
:1083C0000121E86F00F0D5FADAE70121006800F03A
:1083D000D0FADEE7380200201401002019F5010868
:1083E000B0F10020008007084400000053000000A6
:1083F00052000000452D42494B4500004D4F544F5F
:10840000520000004C454700256400002800002071
:1084100010B5029C904201DB204610BD884201DC71
:10842000184610BD521AE41A401A604390FBF2F04D
:10843000184410BD10B588B0002807D00146074881
:10844000406807F0D6F904461CB105E0034808B0BF
:1084500010BD01A800F096F82046F8E7DC010020E6
:1084600070B50024084E002556F8340038B100F0ED
:108470006DF846F8345006EBC40085718580641CA5
:10848000E4B2102CF0D370BD04A000202DE9F0411F
:108490000646002E0AD04FF0FF330022214D01275F
:1084A00005EBC204A079C00703D016E00020BDE8A8
:1084B000F081A488B44210D305D105EBC2008771C6
:1084C00055F83200F3E7002B01DA53B205E005EB73
:1084D000C3008088844200D253B2521CD2B2102A08
:1084E000DED3002B05DB05EBC300877155F83300A5
:1084F000DDE7002405EBC4008079C00704D0641CCC
:10850000E4B2102CF6D3FEE755F83400314600F003
:1085100065F830B105EBC4018F718E8045F83400E9
:10852000C5E7FEE704A000200021074A52F83130D9
:10853000834204D102EBC101002088717047491CBD
:10854000C9B21029F2D3704704A00020054988421F
:1085500006D0002804D001460248406807F023B93D
:1085600070470000DC01002010B54FF4A041034823
:1085700007F007F90249486010BD000074A100200F
:10858000DC01002010B504461C220021204600F02A
:10859000FFF81048406807F026F922460E4907F018
:1085A0009FF94FF4A0412160A06864224243B2FBCE
:1085B000F1F1C1F16401217648B1E16864225143CF
:1085C000B1FBF0F0C0B2C0F16400607610BD0020D5
:1085D000607610BDDC0100201586010810B5034649
:1085E0000846002806D00A498B4208D1BDE8104051
:1085F000FFF720BF1846FFF7A9FF054810BD024648
:1086000003481946406807F008F90028F6D110BD64
:10861000DC010020002A03D01869401C1861704753
:108620005868401C5860986808449860D868884228
:10863000F5D2D960704730B50346184600F0030400
:1086400001F00305A54243D14EE00C7804704C784C
:1086500044708C788470CC78C4700C7904714C7937
:1086600044718C798471CC79C4710C7A04724C7A1F
:1086700044728C7A8472CC7AC4720C7B04734C7B07
:1086800044738C7B8473CC7BC4730C7C04744C7CEF
:1086900044748C7C8474CC7CC4740C7D04754C7DD7
:1086A00044758C7D8475CC7DC4750C7E04764C7EBF
:1086B00044768C7E8476CC7EC4760C7F04774C7FA7
:1086C00044778C7F8477CC7F2031C4772030203A68
:1086D000202ABAD804E011F8014B00F8014B521ED1
:1086E000002AF8D1184630BDFCB1C4F1040405E0FD
:1086F00011F8015B00F8015B641E521EACB1002A48
:10870000F6D112E00C6804604C6844608C688460A8
:10871000CC68C4600C6904614C6944618C698461F3
:10872000CC692031C4612030203A202AEAD802E006
:1087300010C910C0121F042AFAD804E011F8014B26
:1087400000F8014B521E002AF8D1184630BD10B572
:10875000034604E011F8014B03F8014B521E002AB6
:10876000F8D110BD10B5034604E011F8014B03F831
:10877000014B521E002AF8D110BD10B5034604E08B
:1087800011F8014B03F8014B521E002AF8D110BD1D
:1087900000F00303002B09D0C3F1040303E000F849
:1087A000011B521E5B1E0BB1002AF8D101EB012305
:1087B00003EB014303EB016309E003604360836063
:1087C000C360036143618361C3612030203A202A82
:1087D000F3D801E008C0121F042AFBD802E000F819
:1087E000011B521E002AFAD1704700F00303002239
:1087F000002B14D0C3F1040303E000F8012B491E41
:108800005B1E63B10029F8D109E00260426082601A
:10881000C260026142618261C26120302039202938
:10882000F3D801E004C0091F0429FBD802E000F8D6
:10883000012B491E0029FAD1704700F00302FF23E3
:10884000002A09D0C2F1040203E000F8013B491EEE
:10885000521E0AB10029F8D14FF0FF3209E0026040
:1088600042608260C260026142618261C261203006
:1088700020392029F3D801E004C0091F0429FBD8BE
:1088800002E000F8013B491E0029FAD170472DE9AA
:10889000F0410446884617461E46204600F0B4FACA
:1088A000A068817E491CCDB28576A06805EB4501A4
:1088B0008900C068FFF792FEA168C860A16818B37C
:1088C000897E491E01EB410140F82180A068C16802
:1088D000807E401E00EB4000082202EB80000F5417
:1088E000A068C168807E401E00EB4000042202EBBD
:1088F00080000E50A068C168807E401E00EB4000E2
:1089000001EB8000BDE8F081FEE77FB505460C462F
:10891000284602F0CBFD0646E00702D0284602F0CA
:108920005BFDE8692043E861E00702D0284602F0D9
:1089300053FD284602F0BAFDB04202D114F0C07FC8
:1089400007D0284601F003FA02F0EEFD284602F0B7
:10895000EBFDE0060CD56A4602A9284601F071FB42
:1089600002A9284602F06DFD6946284602F069FD1D
:108970007FBD028C11438A4201D003F087BD70474E
:108980002DE9F0470546884617464FF6FF79002344
:108990004A46394628460CF0C1F90024698C042661
:1089A000C1F3C503EA6808E006EBC40010585FEAAB
:1089B000801C01D4C00102D5641CA342F4D84FF03E
:1089C000806000EB71204FEAF0506884C0F3C5006E
:1089D000C1001046FFF702FEE860688CC0F3C503D3
:1089E0005B1E08E0E8685A1E00EBC30100EBC20002
:1089F00005C805C15B1EA342F4D8E868082100EB56
:108A0000C400FFF7F2FEE86840F83480E86806EB3F
:108A1000C401425867F3170242504A463946284675
:108A2000BDE8F04703F0AEB970B5064614461D46E2
:108A30000022304603F02FFE2A4621463046BDE88C
:108A4000704003F0EABC2DE9FF4F81B088469146A3
:108A5000019803F015FFB8F1000F03D1019801F060
:108A600076F9804600240025019801F070F98246CD
:108A70000021504601F0D2FE06460021504601F08A
:108A8000C0FF30440FFA80FB0021504602F061F82D
:108A9000304400B200900021404601F0BFFE07467E
:108AA0000021404601F0ADFF384406B200214046A7
:108AB00002F04FF8384407B2B9F1000F07D1002196
:108AC000404601F061FE012811D04FF00109B9F1D3
:108AD000160F2DD2DFE809F02C2D30414D59738847
:108AE000990EB3B9CDDCE1FBF9F8F7F6F5F44FF0E8
:108AF0000309ECE7404601F08BF800EBD07044101E
:108B0000019802F0A2F900EBD070A4EB60003044B1
:108B100004B2404601F061F800EBD07042100198B9
:108B200001F0D3F800EBD070A2EB6000384405B23E
:108B300029E134463D4626E1404601F069F800EB64
:108B4000D0704410019802F080F900EBD070A4EBD3
:108B50006000304404B23D4615E1404601F058F84B
:108B60000446019802F071F9201A304404B23D46DF
:108B700009E13446404601F030F80246019801F020
:108B8000A4F8101A384405B2FDE0404601F040F860
:108B900000EBD0704410019802F057F900EBD07050
:108BA000A4EB6000304404B2404601F016F80246DF
:108BB000019801F08AF8101A384405B2E3E0404603
:108BC00001F026F80446019802F03FF9201A3044DB
:108BD00004B2404601F001F80246019801F075F830
:108BE000101A384405B2CEE03446404600F0F5FF96
:108BF00000EBD0704210019801F067F800EBD070E4
:108C0000A2EB6000384405B2BDE0404601F000F838
:108C10000446019802F019F9201A304404B2404683
:108C200000F0DBFF00EBD0704210019801F04DF82E
:108C300000EBD070A2EB6000384405B2A3E00198CD
:108C400001F043F8404205B29DE0404602F0FDF8D5
:108C500000EBD0704410019802F0F7F800EBD070F0
:108C6000A4EB600004B2019801F02FF8404205B275
:108C700089E0404602F0E9F80446019802F0E5F880
:108C8000201A04B2019801F020F8404205B27AE0BF
:108C9000404601F01AF8054675E0404602F0D5F866
:108CA00000EBD0704410019802F0CFF800EBD070C8
:108CB000A4EB600004B2404601F007F8054662E00C
:108CC00054E040E03AE02AE015E00EE0FFE74046DD
:108CD00002F0BBF80446019802F0B7F8201A04B27B
:108CE000404600F0F2FF05464DE0019802F0ADF875
:108CF000404204B247E0019802F0A7F8404204B2B3
:108D0000404600F0E2FF00EBD0704210019800F006
:108D1000DCFF00EBD070A2EB600005B233E00198FD
:108D200002F093F8404204B2404600F0CEFF024603
:108D3000019800F0CAFF101A05B224E0404602F084
:108D400084F804461FE0404602F07FF8044640469F
:108D500000F0BBFF00EBD0704210019800F0B5FFAF
:108D600000EBD070A2EB600005B20CE0404602F0D0
:108D70006CF80446404600F0A8FF0246019800F057
:108D8000A4FF101A05B20021504601F0FDFC012895
:108D90002AD0504601F066F8B8F81420049911441E
:108DA000BAF81420891A0844A0EB0B00204404B23E
:108DB000504601F02BF9B8F816200E991144BAF874
:108DC0001620891A01440098081A284405B2002286
:108DD0000121019803F05FFC019805B02A46214665
:108DE000BDE8F04F03F019BB504601F09DF8B8F80C
:108DF000142004991144BAF81420891A0844A0EBED
:108E00000B00204404B2D3E710B50446A068002844
:108E100013D10B484168491C41601C20FFF70AFB35
:108E2000A06058B11C21FFF7E0FCA1680F20487634
:108E3000A068017E41F00301017610BDFEE700004D
:108E4000300100202DE9FC4106460D460121304647
:108E500002F027F810B10020BDE8FC81304600F098
:108E60007CFF0446204600F0F7FE07463846F9F737
:108E700081FCA04210D03846F9F786FCA0420BD006
:108E80003846F9F761FCA04206D03846F9F752FCA3
:108E9000A04201D00020DFE74FF4002739463046DA
:108EA00001F0FFFF10BB3046EBF769FA044606F10C
:108EB00014016846F7F7DDFDBDF80000001BADF8B2
:108EC0000000BDF80200001BADF80200BDF8040070
:108ED0002044ADF80400BDF806002044ADF80600BB
:108EE0006A4629462846EAF7D1F828B1304600F00C
:108EF0002EFF04463E4618E00020ADE70121204643
:108F000001F0CFFF08B10020A6E73146204601F06E
:108F1000C8FF30B904F1140229462846EAF7B6F82A
:108F200038B1204600F013FF0446002CE6D10120A2
:108F300092E7002090E72DE9F84306460F4600240B
:108F40003946304601F0C7FE0546ADB339463046D6
:108F500001F0B3FE02282FD905EBD570012101EBFA
:108F600060053946304601F0AFFE28440FFA80F81C
:108F70003946304601F093FE05463946304601F049
:108F800095FE002D01DD294600E06942002801DD43
:108F9000024600E04242914205DD002D01DD2846F7
:108FA00004E0684202E0002800DC4042404400B295
:108FB000002800DA204604463946304601F0B1FC6C
:108FC000054628000ED03946304601F09CFC0228A8
:108FD00008D93946304601F09DFC2844A04200DB08
:108FE000044624B23046394640F60A0201F0FEFD3E
:108FF000009005B23046394640F60B0201F0F6FD0E
:10900000009000B2854200DD2846002801DD2044A2
:1090100004B22046BDE8F883FEB505460E46284654
:10902000314641F25D4201F0E1FD0090C4B202948C
:109030002846314641F26A4201F0D8FD0090019085
:109040000CB9012002909DF80800FEBD00231A46CD
:109050000921FFF7E9BC002804D00068884203D149
:109060000120704700207047002070472DE9F04133
:1090700006460D463046F4F7B5FC07463846FFF77E
:10908000D9F90446200009D03946FFF7AEFB266027
:10909000656001262DB1A86860B32EE00020BDE810
:1090A000F081F9F71BFB054628001AD0EA68D2B117
:1090B000686A401C686281001046FFF78FFAE8601A
:1090C000696A491E40F821400020A082E082F9F739
:1090D0001BFB401E20830020F9F767FB401E6083C6
:1090E0001DE00020DBE70420FFF7A4F9E86004603E
:1090F0006E62E9E72846FFF787FEA868016881B13C
:109100004168491C4160A86889000068FFF766FA59
:10911000A9680860A9684968491E40F821402046AE
:10912000BDE70420FFF786F9A96808600460A86815
:109130004660F4E770B50546284602F0F5F90020D0
:1091400000F0C2FA284606F00BF8284600F072F844
:10915000012000F0B9FA4FF6FF724FF47021284653
:1091600002F010FE284602F0F4FDFCF7C7FD0346AE
:109170003BB1284602F088F918B129461846FCF799
:1091800007FD284600F0E3FD0446002C0ED02A46D9
:1091900022212046FCF740F92A4623212046FCF7ED
:1091A0003BF92846BDE8704002F016B970BD7FB5A6
:1091B00005460C46284602F079F90646E0060CD52D
:1091C0006A4602A9284600F03CFF02A9284602F0A0
:1091D00038F96946284602F034F9E869A043E861A5
:1091E000E0070ED0284602F0F7F8284602F05EF9B4
:1091F00038B1284600F0ABFD02F096F9284602F09F
:1092000093F9284602F052F9B04202D114F0C07F1F
:1092100007D0284600F09BFD04B0BDE8704002F086
:1092200083B97FBD028C22EA01018A4201D003F09A
:109230002DB9704770B5044625682868002803D00A
:1092400020602046FFF7F6FF284625604268002A86
:1092500003D02146BDE87040104770BDF8B50C46FC
:109260006568002D21D0284600F0FCFD0646284602
:1092700000F0CCFE07462846002141F6100201F01E
:10928000B5FC0090E98A0844C01BE082401E608360
:109290002846002141F6120201F0A8FC0090A98A9C
:1092A0000844801BA082401E208341F20200E0613E
:1092B000002D02D043F20200E06103D0E06940F4E7
:1092C0004070E061E06940F0040040F0100040F0C0
:1092D000200040F0400040F40060E06102D040F423
:1092E0000040E061F8BD000010B501460448FFF7FA
:1092F000BDFE04462046FFF71DFF204610BD0000BE
:10930000747802082DE9F0410746384602F064F807
:10931000384600F01CFD054615B1284602F098FFBE
:10932000002400264DB9384600F096FC0446002C77
:109330001CD02069B84200D10126384607F0F5FC60
:1093400085B10021284602F00AFA284602F080FF83
:10935000002222212846FCF75FF80022242128461B
:10936000FCF75AF8002E01D000202061BDE8F08102
:1093700070B50C462046EAF7E1F8002000F0A4F9A9
:109380002046144A002102F061FD012000F09CF902
:1093900000212046F6F798FE204600F08FFC10B121
:1093A0002046FCF703FDA068002811D000680025C6
:1093B00018B1FFF7CBF8A0680560A068C06818B1C5
:1093C000FFF7C4F8A068C560A068FFF7BFF8A56004
:1093D00070BD0000FFFF0F002DE9F047A2B08146ED
:1093E0004846FBF7D7FF04464846FCF711F8054608
:1093F00001270026122C78D0DFF8B482152C73D008
:10940000182C6DD14846FBF7CBFF814649462846CC
:10941000F2F7FEF80021284601F023FA58B105F5CD
:109420009070FAF7A7FC04462CB12046FAF748F9E9
:109430002046FFF779F80021284601F0E6F90028D8
:109440004ED014A8FAF7D2FC8DF853608DF86A60FC
:109450008DF87A608DF8866014AA0021284601F004
:109460004EFE0021284601F0B1FC044600212846AA
:1094700001F09EFC824605F1140112A8F7F7F0FAFC
:10948000BDF84800001BADF84800BDF84C00204472
:10949000ADF84C00BDF84A00A0EB0A00ADF84A0058
:1094A000BDF84E005044ADF84E004946684600F005
:1094B00001F9CDF80480029714A8049012A8039033
:1094C0000D966A461A212846FBF7A6FF12AA14A990
:1094D0004846FAF777FC6A461B212846FBF79CFFB3
:1094E00022B0BDE8F08700E05CE04846FBF78EFF65
:1094F000044620780228F3D00021284601F0B1F973
:1095000010B102202070EBE70021284601F0C1FBDA
:1095100082460021284601F059FC80460021284659
:1095200001F046FC814605F1140120A8F7F798FAEE
:10953000BDF88000A0EB0800ADF88000BDF8840005
:109540004044ADF88400BDF88200A0EB0900ADF8FE
:109550008200BDF886004844ADF88600524620A936
:109560006068E9F7BBFD38B10021284601F041F9F8
:10957000FD2803D22770B3E72770B1E72846002102
:10958000682201F033FB1F90C0B208B12770A7E733
:109590000021284601F0A9F9FD2801D227709FE794
:1095A00026709DE74846FBF7FBFE814614A8FAF7B4
:1095B0001DFC0021284601F028F928B19DF8730010
:1095C00040F001008DF8730014AA0021284601F034
:1095D00096FD0021284601F0F9FB044600212846AB
:1095E00001F0E6FB074605F114018A4612A8F7F7D9
:1095F00037FABDF84800001BADF84800BDF84C0034
:109600002044ADF84C00BDF84A00C01BADF84A003C
:10961000BDF84E003844ADF84E004946684600F0AB
:1096200049F8CDF80480029614A8049012A803907B
:109630000D966A461A212846FBF7EEFE00212846C1
:1096400001F00FF920B1BDF8500008B1012400E08D
:109650000024189F04B1189612AA14A94846FAF7D4
:10966000B1FBF4B11820FEF711FF0446BDF95020FC
:10967000002351462046FAF7E7FA05F59071204697
:10968000F9F716FE6FB18DF853608DF872608DF8A2
:109690007A608DF88660189712AA14A94846FAF7DE
:1096A00091FB6A461B212846FBF7B6FE18E700002F
:1096B0007478020870B505460C4648212846FFF725
:1096C00094F82C6070BD00000149087070470000DC
:1096D000400100202DE9FF4188464046FBF75AFE35
:1096E00004464046FBF75AFE0546012C21D0082CC3
:1096F00026D0032C4BD02A2C50D00D2C5FD00E2C12
:109700006FD0092C6ED00A2C6DD00F2C6CD0292C68
:109710006BD0222C6AD0132C69D0152C03D0182CB6
:1097200001D0122C49D104B04046BDE8F041FFF70A
:1097300053BE04B02846BDE8F0412021FFF719B917
:1097400020212846FFF76EFD4046FBF75FFEFDF740
:10975000AAFC002831D10821284601F0A2FB0028EC
:109760002BD0284600F0F6FFC0070BD00121284679
:10977000FFF758FD04B02846BDE8F04100221C2147
:10978000FBF74ABE01212846FFF7F3F8F2E704B0E1
:109790002846BDE8F0412021FFF744BD284600F0EF
:1097A000C7F90646002406E0A868006850F82400BF
:1097B00001F0BAFE641CB442F6D3BDE8FF81082173
:1097C000284601F06EFB30B34046FBF71FFE0478DD
:1097D000132C0DD0112C0BD0142C0ED0122C0CD01D
:1097E0000FE0C3E0F4E0FAE011E117E134E15AE1FF
:1097F00001212846FFF7BDF803E001212846FFF7C5
:1098000011FD0A2CD9D004B02846BDE8F041002251
:109810001C21FBF701BE4FF40161284601F041FB1A
:109820000028CAD0284601F01EFE0028C5D1002419
:10983000284600F017FB0646284600F075FB074651
:109840004046FBF7E3FD0078122822D0112834D0DF
:10985000132846D01428B0D1284600F0D9FA800742
:1098600003D0002E6EDC002F6CDC284600F0E0FBFD
:109870000646284600F029FAC11700EB9170A6EBC6
:10988000A00001B204B022462846BDE8F04102F033
:10989000C9BC284600F0CCFB0646284600F015FA65
:1098A000C11700EB917006EBA00001B204B0224694
:1098B0002846BDE8F04102F0B5BC284600F0B8FBF0
:1098C0000646284600F001FAC11700EB9170A6EB9E
:1098D000A00001B204B022462846BDE8F04102F0E3
:1098E000A1BC284600F094FA800703D0002E15DCB6
:1098F000002F13DC284600F09BFB0646284600F0AC
:10990000E4F9C11700EB917006EBA00001B204B0BE
:1099100022462846BDE8F04102F084BC284600F00B
:109920007EFB0646284601F090FAC11700EB9170C5
:1099300006EBA00001B204B022462846BDE8F04183
:1099400002F05ABC284600F06AFB0646284601F0A1
:109950007CFAC11700EB9170A6EBA00001B204B035
:1099600022462846BDE8F04102F046BC4FF4806133
:10997000284601F096FA18B10121284602F01FFC92
:10998000284600F09BF9FCF7BFF906460224FDF7D4
:1099900043FB10B94046FBF714FDFDF792FB02288C
:1099A00001D0042800D106243EB144F0080104B0DF
:1099B0002846BDE8F041FEF7DCBF21462846FEF709
:1099C000D8FF04B02846BDE8F0410821FFF72ABCC3
:1099D00004B02846BDE8F0414021FEF7CABF40214F
:1099E0002846FFF71FFC284600F08FFE02287FF470
:1099F000E4AE6A4602A9284600F023FB02A92846E5
:109A000001F01FFD6946284601F01BFDD5E604B0B4
:109A10002846BDE8F0410E21FFF704BC002128468E
:109A200000F09AFE04460021284600F042FF204341
:109A300002D0284601F078FD284600F079F8064665
:109A4000002406E0A868006850F8240001F06CFDCE
:109A5000641CB442F6D3B0E62846002141F201026C
:109A600001F0C4F8039004B22846002141F2040238
:109A700001F0BCF8039006B20021284600F06CFE0D
:109A800007460021284600F014FF384305D142F272
:109A9000D170844201D08642B8D104B02846BDE8D6
:109AA000F04101F041BD4046FBF7B0FC0446002107
:109AB0002846FFF740FAB4F90010814200DD08465D
:109AC00020807AE610B50C46002801D0006803E03B
:109AD0006068006800E0006810B10269002AFAD0EE
:109AE00060B1016961B10021E160026921469047DE
:109AF0000120217EC90700D0002010BD012010BD2B
:109B0000012010BD8068002807D0002907DA4268CC
:109B10001144002903DA0020704700207047436891
:109B20008B4201D800207047006850F82100704730
:109B30008068002801D0406870470020704770B5E9
:109B400005460C4605F114012046F6F792FFA86879
:109B5000002812D02188808A081A2080A968A0884D
:109B6000898A0844A080A9686088898A401A608030
:109B7000A968E088898A0844E08070BD70B506460F
:109B80000C460021304600F049FE0546214630468D
:109B900000F05BF8684202B211462046F7F73EF843
:109BA0000021304600F02DFF21880844208000214C
:109BB000304600F073FFA188081AA08000213046CB
:109BC00000F0C7FF6188084460800021304600F043
:109BD000B6FEE188081AE08070BD70B50646002127
:109BE000304600F0B6FF04460021304600F0A7FEE4
:109BF00005460021304600F011FE0246304600F0D6
:109C000064F8001B401B514200EB410000B270BDE4
:109C10002DE9F04107460021384600F0F2FE0446E7
:109C20000021384600F03AFF05460021384600F092
:109C3000F5FD0646384601F008F9001B401B71424D
:109C400000EB410000B2BDE8F0810246084602F197
:109C50001401F6F70EBF000010B54168002906D0C8
:109C600000F07BF804460C48EAF7C0FA10E004461E
:109C7000F9E70022416A05E0C36853F82230A342A5
:109C800008D0521C9142F7D801460348EAF7C5FABA
:109C90000028EED110BD0000849F002080680028BD
:109CA00004D0827E8A4203D800207047002070478B
:109CB000C06801EB410100EB81007047806800281B
:109CC00001D08068704700207047418BC08A081A15
:109CD000401C00B2704770B50546284600F037F8C2
:109CE0000646300001D000240AE0002070BD214665
:109CF0003046FFF707FFA84201D1204670BD641C23
:109D00003046FFF715FFA042F1D84FF0FF3070BD8D
:109D1000F0B40024458C0426C5F3C50712E0C568DD
:109D200006EBC40C55F80C505FEAC51C09D525F0AC
:109D30007F459D4205D1C06850F83400F0BC03F067
:109D40002EBE641CA742EAD8F0BC00207047002851
:109D500001D0406870470020704700B501460846B2
:109D6000FFF7F5FF0028F9D1084600BD2DE9F047BF
:109D70000646DFF8948044463046FFF7D9FE074692
:109D80000025DFF888900EE0B068006850F825A044
:109D90004946504601F08CF820B9BAF91A00A042A1
:109DA00000DB04466D1CBD42EED30021304600F0BE
:109DB000D7FE81460021304600F0C8FD074600214D
:109DC000304600F032FD0546444504D0708BC01B80
:109DD000401B201A04B2304600F0A0FC80463046FA
:109DE000FFF773FFA0EB0900C01B694200EB4100C5
:109DF000A8EB0001304600F01BF9081A00B28442BB
:109E000000DD2046BDE8F08701E0FFFF010004000F
:109E10008068002803D0407E00F00F0070470F20BC
:109E20007047000070B505460C460C492846F6F709
:109E300077F910B1406A404202E0284600F0EFF89E
:109E4000208007492846F6F76BF910B1406A404276
:109E500002E0284600F0ECF8608070BDF7250208AB
:109E6000112602082DE9F84F06460021304600F081
:109E700092FC012808D0B06820B1008A404200B2AC
:109E8000BDE8F88F0020FBE70021304600F00DFE12
:109E900000900021304600F0BBFD80460021304696
:109EA00000F0C3FC814641F6FF7A54463046FFF786
:109EB0003FFE074600250EE0B068006850F825B068
:109EC0001749584600F0F4FF20B9BBF91400A0422E
:109ED00000DC04466D1CBD42EED3544506D0B08A6A
:109EE00008EB09010844001B04B200E00D4C3046A9
:109EF00000F022FC0546304600F0A7FF0099401A0A
:109F0000A0EB0800C9F1000100EB4100291A30461E
:109F100000F085F8084400B28442B1DD2046AFE786
:109F20000100040001E0FFFF2DE9F0470646002193
:109F3000304600F030FC01280AD0DFF8A480444607
:109F40003046FFF7F5FD07460025DFF8989016E04C
:109F5000B06818B1B0F91000BDE8F0870020FBE749
:109F6000B068006850F825A04946504600F0A0FFB0
:109F700020B9BAF91800A04200DB04466D1CBD42AE
:109F8000EED30021304600F090FD07460021304618
:109F900000F03EFD81460021304600F046FC0546BB
:109FA000444504D0308BC01B401B201A04B23046FD
:109FB00000F0C2FB8046304600F047FFC01BA0EB1C
:109FC0000900694200EB4100A8EB0001304600F0B7
:109FD00026F8081A00B28442BEDD2046BCE7000025
:109FE00001E0FFFF010004008068002803D0007E2C
:109FF000C0F381007047002070478068002803D0BC
:10A00000007EC0F301107047002070478068002870
:10A0100003D0408A404200B27047002070478068F9
:10A02000002803D0008A404200B2704700207047E9
:10A030008068002803D0408A404200B27047002068
:10A0400070472DE9F04F91B005460C4616464FF08B
:10A05000FF3700223B46114620460097F6F7F8FDF1
:10A0600000223B46114630460097F6F7F1FD1021DD
:10A07000284600F016FF00287DD0284600F045FB5A
:10A0800080465FEA080076D00020FCF7D3FF8146C7
:10A09000B8F1020F09D00EE04846FDF704F8A842D7
:10A0A00006D04846FCF7C6FF8146B9F1000FF3D150
:10A0B000B9F1000F5FD02846FFF7A8FF0E902846A1
:10A0C000FFF754FE0D902846FFF7CCFE0C90284673
:10A0D000FFF72AFF0B902846FFF79AFE82460027DB
:10A0E0001AF00C0F14D0B8F1010F10D0B8F1030F13
:10A0F00005D10E9800280ADC0D98002807DCB8F17D
:10A10000020F05D14846FCF7BDFF0C2800D10127FE
:10A1100000200A905FEA8A7015D0B8F1010F10D0C4
:10A12000B8F1030F05D10C9800280ADC0B98002821
:10A1300007DCB8F1020F06D14846FCF7A3FF03285D
:10A1400001D101200A900A98384314D04FF480318D
:10A15000284600F020FB012800D0002009904FF491
:10A16000803A5146284600F0FBFC089051462846AC
:10A1700000F0ECFB00E0B6E007905146284600F006
:10A1800047FC80465146284600F08FFC8146284611
:10A1900041F20102514600F029FD01900FFA80FBC7
:10A1A0002846FFF792FD0690284600F04EFE0590E7
:10A1B0000FB1DA4601E04FF0000A0A9808B158469C
:10A1C00000E00020049028464FF48031212200F066
:10A1D0000DFD0190C0B2022809D228464FF480310B
:10A1E000312200F003FD0190C0B202287BD30E990A
:10A1F000069801440D98084400B2039038004FF0CF
:10A20000A0076FD003980028FBD0E88A7080688B85
:10A21000F080099838B1A88A40443080ABF1010140
:10A220000844B08007E0288BA0EB0900B080A0EBC9
:10A230000B00401C308008990698411A0798091AAB
:10A240000498081A109006994843039990FBF1F07E
:10A2500000B201900020F8F747FA00EB800150208F
:10A2600000EB4100B0F5A07F0ADB0020F8F73CFAD4
:10A2700000EB8001502000EB410090FBF7F000E084
:10A2800001200199884201DA019816E00020F8F7D0
:10A290002BFA00EB8001502000EB4100B0F5A07FCD
:10A2A0000ADB0020F8F720FA00EB8001502000EBD9
:10A2B000410090FBF7F000E0012000B21099091A6C
:10A2C00009B2069B039AD21A12B2002A0CDCE98A60
:10A2D000089808447080698B0798091A0498081A2E
:10A2E000401EF08090E0FDE00D9B4B4393FBF2F2AB
:10A2F000891A089AEB8A1144194409B27180401EE8
:10A300000844F080B5F9162008981044814238DAE4
:10A3100070800020F8F7E8F900EB8001502000EB96
:10A320004100B0F5A07F0ADB0020F8F7DDF900EB73
:10A330008001502000EB410090FBF7F000E001208D
:10A34000B6F902100844B6F90610884219DD00205B
:10A35000F8F7CAF900EB8001502000EB4100B0F59E
:10A36000A07F0ADB0020F8F7BFF900EB8001502046
:10A3700000EB410090FBF7F000E0012071880844F9
:10A38000F080B5F91A200498B6F90610121A079849
:10A39000101A814238DDF0800020F8F7A5F900EBB3
:10A3A0008001502000EB4100B0F5A07F0ADB0020C7
:10A3B000F8F79AF900EB8001502000EB410090FB88
:10A3C000F7F000E00120B6F90610081AB6F90210FD
:10A3D000884219DA0020F8F787F900EB8001502055
:10A3E00000EB4100B0F5A07F0ADB0020F8F77CF914
:10A3F00000EB8001502000EB410090FBF7F000E003
:10A400000120F188081A708005990C9801440B9876
:10A41000084400B202900A98002863D002980028ED
:10A4200060D0698B0798081AE080A0EB0B00401CF5
:10A430006080A88A2080288BA0800598A0EB080067
:10A44000A0EB0900A0EB0A000F9005994843029980
:10A4500090FBF1F000B201900020F8F745F900EB15
:10A460008000502606EB40004FF4A07B584509DBE6
:10A470000020F8F739F900EB800006EB400090FB74
:10A48000F7F000E001200199884201DA019813E019
:10A490000020F8F729F900EB800006EB4000584552
:10A4A00009DB0020F8F720F900EB800006EB400004
:10A4B00090FBF7F000E0012000B20F99091A09B2F1
:10A4C000059B029AD21A12B2002A19DC099860B1CF
:10A4D000A88AAAF1010A404450442080288BA0EBAE
:10A4E0000900A08011B0BDE8F08FA88A4044208008
:10A4F000288BA0EB0900A0EB0A00401EA080F1E72A
:10A500000B9B4B4393FBF2F2891A09B2099AEAB307
:10A51000AA8A114408EB0A02114409B22180401EA4
:10A520000844A080B5F914001044884233DD20802F
:10A530000020F8F7D9F800EB800006EB4000584502
:10A5400009DB0020F8F7D0F800EB800006EB4000B4
:10A5500090FBF7F000E00120B4F900100844B4F9D2
:10A560000410884217DD0020F8F7BEF800EB8000E9
:10A5700006EB400058450ADB0020F8F7B5F800EB81
:10A58000800006EB400090FBF7F001E03FE0012087
:10A5900021880844A080B5F91800B4F90410A0EB94
:10A5A000090081429EDDA0800020F8F79DF800EBB5
:10A5B000800006EB4000584509DB0020F8F794F8CE
:10A5C00000EB800006EB400090FBF7F000E001207C
:10A5D000B4F90410081AB4F90010884282DA002095
:10A5E000F8F782F800EB800006EB4000584509DBE5
:10A5F0000020F8F779F800EB800006EB400090FBB4
:10A60000F7F000E00120A188081A20806AE7AA8AF2
:10A610004144114409B22180401E0844A080B5F98C
:10A6200014004044814232DA20800020F8F75CF8C0
:10A6300000EB800006EB4000584509DB0020F8F7EE
:10A6400053F800EB800006EB400090FBF7F000E0D1
:10A650000120B4F900100844B4F90410884216DD52
:10A660000020F8F741F800EB800006EB4000584569
:10A6700009DB0020F8F738F800EB800006EB40001B
:10A6800090FBF7F000E0012021880844A080B5F994
:10A690001800B4F90410A0EB0A00A0EB09008142F5
:10A6A000B4DDA0800020F8F71FF800EB800006EB77
:10A6B0004000584509DB0020F8F716F800EB800051
:10A6C00006EB400090FBF7F000E00120B4F9041025
:10A6D000081AB4F90010884298DA0020F8F704F854
:10A6E00000EB800006EB4000584509DB0020F7F73F
:10A6F000FBFF00EB800006EB400090FBF7F000E072
:10A700000120A188081A2080ECE68068002803D088
:10A71000007E00F0030070470320704708B505492C
:10A72000496800916A462C21FAF776FEBDF90200CD
:10A7300008BD00009078020808B505490968009135
:10A740006A462C21FAF768FEBDF9000008BD00003A
:10A7500090780208008C704710B541F2090200F0B1
:10A7600045FAC0B210BD10B541F2090200F03EFA40
:10A77000C0B210BD662200F039BA10B54FF40562C0
:10A7800000F034FA00B210BD10B541F26A4200F098
:10A790002DFAC0B210BD10B541F26A4200F026FA9F
:10A7A000C0B210BD10B541F26A4200F01FFAC0B24B
:10A7B00010BD10B541F26A4200F018FAC0B210BDE7
:10A7C00010B541F26A4200F011FAC0B210BD10B5E6
:10A7D00041F26A4200F00AFAC0B210BD10B541F26F
:10A7E0006A4200F003FAC0B210BD44F2200200F049
:10A7F000FDB910B5212200F0F9F9C0B210BD10B5B5
:10A80000682200F0F3F9C0B210BD08B5342200F0A0
:10A81000EDF90090002800D0012008BD10B541F2EC
:10A82000320200F0E3F900B210BD10B541F232027D
:10A8300000F0DCF900B210BD10B541F2320200F0B8
:10A84000D5F900B210BD10B541F2320200F0CEF9D8
:10A8500000B210BD10B541F2320200F0C7F900B2EB
:10A8600010BD08B5612200F0C1F90090002800D0A9
:10A87000012008BD10B5034A128900F0B7F9C0B233
:10A8800010BD00006001002010B541F2040200F08C
:10A89000ADF900B210BD10B541F2040200F0A6F906
:10A8A00000B210BD10B541F2040200F09FF900B2F1
:10A8B00010BD10B541F2690200F098F980B210BDE8
:10A8C00010B541F2690200F091F980B210BD10B5E7
:10A8D00041F2060200F08AF900B210BD10B541F253
:10A8E000050200F083F900B210BD10B540F26242DB
:10A8F00000F07CF9C0B210BD10B540F2624200F029
:10A9000075F9C0B210BD10B540F63C0200F06EF90A
:10A91000C0B210BD10B540F63D0200F067F900B2BC
:10A9200010BD10B540F63A0200F060F900B210BD5B
:10A9300010B541F6110200F059F900B210BD10B582
:10A9400041F6110200F052F900B210BD10B541F607
:10A95000110200F04BF900B210BD10B541F6110222
:10A9600000F044F900B210BD10B541F6110200F03C
:10A970003DF900B210BD10B541F6110200F036F9F4
:10A9800000B210BD10B541F6110200F02FF900B26F
:10A9900010BD10B541F6110200F028F900B210BD4B
:10A9A00010B541F6110200F021F900B210BD10B54A
:10A9B00041F6110200F01AF900B210BD10B541F6CF
:10A9C000150200F013F900B210BD10B541F61502E2
:10A9D00000F00CF900B210BD10B541F6150200F000
:10A9E00005F900B210BD10B541F6150200F0FEF8F1
:10A9F00000B210BD10B541F6120200F0F7F800B237
:10AA000010BD10B541F6120200F0F0F800B210BD12
:10AA100010B541F6120200F0E9F800B210BD10B511
:10AA200041F6120200F0E2F800B210BD10B541F696
:10AA3000120200F0DBF800B210BD10B541F61202B0
:10AA400000F0D4F800B210BD10B541F6120200F0CB
:10AA5000CDF800B210BD10B541F6120200F0C6F8F4
:10AA600000B210BD10B541F6120200F0BFF800B2FE
:10AA700010BD10B541F6120200F0B8F800B210BDDA
:10AA800010B541F6120200F0B1F800B210BD10B5D9
:10AA900041F6130200F0AAF800B210BD10B541F65D
:10AAA000130200F0A3F800B210BD10B541F6130276
:10AAB00000F09CF800B210BD10B541F6130200F092
:10AAC00095F800B210BD10B541F6130200F08EF8F3
:10AAD00000B210BD10B541F6130200F087F800B2C5
:10AAE00010BD10B541F6130200F080F800B210BDA1
:10AAF00010B541F6130200F079F800B210BD10B5A0
:10AB000041F6130200F072F800B210BD10B541F624
:10AB1000130200F06BF800B210BD10B541F614023C
:10AB200000F064F800B210BD10B541F6140200F058
:10AB30005DF800B210BD10B541F6140200F056F8F1
:10AB400000B210BD10B541F6100200F04FF800B28F
:10AB500010BD10B541F6100200F048F800B210BD6B
:10AB600010B541F6100200F041F800B210BD10B56A
:10AB700041F6100200F03AF800B210BD10B541F6EF
:10AB8000100200F033F800B210BD10B541F610020B
:10AB900000F02CF800B210BD10B541F6100200F024
:10ABA00025F800B210BD10B541F6100200F01EF8F5
:10ABB00000B210BD10B541F6100200F017F800B257
:10ABC00010BD10B541F6100200F010F800B210BD33
:10ABD00010B541F6100200F009F800B210BD10B532
:10ABE00041F6100200F002F800B210BD2DE9F84362
:10ABF00007460E461446C4F38029C4F38038B8F1E2
:10AC0000000F01D024F48044002511E06B46224659
:10AC100031463846F3F7F7F805465DB9B9F1000F4C
:10AC200008D00EB1002603E03846FFF790F807463B
:10AC3000002FEBD165B93EB941F20100844213D037
:10AC4000A4F5805104390FD0204602F0E7FE0090B1
:10AC5000B8F1000F05D031463846009AEAF726FDD4
:10AC600000900098BDE8F8833B6807E0844202D179
:10AC7000998A29B901E0D98A11B91B68002BF5D14D
:10AC8000844202D1B3F9140001E0B3F91600009038
:10AC9000DEE710B56022FFF7A9FF00B210BD10B5C6
:10ACA00040F64102FFF7A2FF00B210BD10B540F61A
:10ACB0004202FFF79BFF00B210BD10B540F64502FF
:10ACC000FFF794FFC0B210BD10B540F64302FFF786
:10ACD0008DFF00B210BD10B54FF40462FFF786FF80
:10ACE00000B210BD44F25742FFF780BF41F2594213
:10ACF000FFF77CBF41F25942FFF778BF41F259425A
:10AD0000FFF774BF41F25942FFF770BF41F2594259
:10AD1000FFF76CBF41F25942FFF768BF41F2594259
:10AD2000FFF764BF10B541F25A42FFF75FFF00B270
:10AD300010BD10B541F25A42FFF758FF00B210BDE6
:10AD400010B541F25A42FFF751FF00B210BD10B5E5
:10AD500041F25B42FFF74AFF00B210BD10B541F26D
:10AD60005B42FFF743FF00B210BD10B541F25B42FA
:10AD7000FFF73CFF00B210BD10B541F25B42FFF798
:10AD800035FF00B210BD10B541F25B42FFF72EFF58
:10AD900000B210BD10B541F25B42FFF727FF00B2D1
:10ADA00010BD10B543F60F02FFF720FF00B210BD33
:10ADB00010B540F60B02FFF719FF00B210BD10B539
:10ADC00040F60B02FFF712FF00B210BD10B540F6BF
:10ADD0000A02FFF70BFF00B210BD10B540F60A02E1
:10ADE000FFF704FF00B210BD10B543F60E02FFF7E7
:10ADF000FDFE00B210BD10B541F20102FFF7F6FEF4
:10AE000000B210BD10B541F20102FFF7EFFE00B233
:10AE100010BD10B541F20102FFF7E8FE00B210BD0F
:10AE200010B541F20102FFF7E1FE00B210BD10B50E
:10AE300041F20702FFF7DAFE00B210BD10B541F291
:10AE40000802FFF7D3FE00B210BD1430F5F7B0BE14
:10AE500070B505462846FEF77AFF044694B1E88AA5
:10AE6000E18A451A2046FFF7E3F805440021204611
:10AE7000FFF76FFE2D1A00212046FFF7CFFC281A9E
:10AE800000B270BDB5F9160070BD10B5044620467D
:10AE9000FFF7DEFF02462046FEF717FF104400B220
:10AEA00010BDC069814301D0002070470120704768
:10AEB000C069084000D001207047008C084000D0D5
:10AEC000012070477FB506460D4602213046FFF748
:10AED000E8FF38B180213046FFF7EFFF20B10020B6
:10AEE00004B070BD0020FBE702A93046FEF727FE44
:10AEF0000022294602A8E8F7C7F904468CB14FF4AE
:10AF000080313046FFF7CDFF68B1009501208DF804
:10AF100004006A4611213046FAF77EFA9DF80400D3
:10AF2000DEE70020DCE72046DAE77CB505460E4682
:10AF30001446284631464FF40562FFF757FE01904C
:10AF400000B2608000283CD0284631465322FFF7EB
:10AF50004DFE0190C0B22073022832D931462846F6
:10AF6000FFF7CAFCFD2803D2217B4143080A207366
:10AF7000207B022825D92846314644F25202FFF7A9
:10AF800035FE00900190BDF804002080284631462F
:10AF90005422FFF72BFE0190A06028463146512233
:10AFA000FFF724FE019000B10120617B60F3820174
:10AFB000617331462846FFF722FC617B60F3010193
:10AFC00061737CBD7CB505460E4614462846314665
:10AFD0004622FFF70BFE0190C0B2E07202283CD976
:10AFE00031462846FFF788FCFD2803D2E17A414329
:10AFF000080AE072E07A02282FD9002020804FF45E
:10B0000080706080288BA98A401A401C00B200EB37
:10B01000D0704010A080688BE98A401A401C00B2B2
:10B0200000EBD0704010E080284631464822FFF700
:10B03000DDFD0190C0B2A07250B12846314644F205
:10B040004702FFF7D3FD00900190BDF80400208176
:10B0500031462846FFF7D3FB20737CBDF8B5054683
:10B060000E461446284631464FF48B62FFF7BEFD6C
:10B070000090C0B2A076022840D931462846FFF79A
:10B080003BFCFD2803D2A17E4143080AA076A07EA6
:10B09000022833D931462846FFF724FE0090BDF838
:10B0A0000000A0812846314641F25A42FFF79EFD3A
:10B0B000A0822846314641F25B42FFF797FD60824D
:10B0C0002846314640F25C42FFF790FDA17F60F3D5
:10B0D0000201A17731462846FFF791FBA17F60F37B
:10B0E000C501A17731462846FFF700FE20602846BB
:10B0F000314641F25D42FFF779FD2077F8BD2DE939
:10B10000FC4106460D461446304629466022FFF7AC
:10B110006DFD019020802DB129463046FFF7ECFBF4
:10B12000804601E04FF0FF0829463046FFF7E4FB78
:10B130000746022F02D9B8F1020F08D800201734B1
:10B1400004F8140CE072E077E074BDE8FC81294655
:10B150003046FFF754FBA070E078002858D0304606
:10B1600029462122FFF742FD0190C0B2E07002287B
:10B170004ED929463046FFF738FB0190BDF8040050
:10B18000A080304629462622FFF730FD0190014677
:10B1900039B1487A400704D00A22A01DFDF74BFAC6
:10B1A00036E0304629462322FFF720FD0190E17B5F
:10B1B00060F30201E173480720D029463046FFF7CB
:10B1C00014FB0190BDF80400E0803046294644F2AB
:10B1D0002202FFF70BFD00900190BDF80400608192
:10B1E000304629462422FFF701FD019020723046A7
:10B1F00029462522FFF7FAFC0190207330462946A4
:10B200002722FFF7F3FC0190E17B60F3C501E173B6
:10B210003046294641F23202FFF7E8FC019000B2C5
:10B22000208420B394F8220008B330462946312206
:10B23000FFF7DCFC0190C0B284F82200022816D986
:10B24000304629463322FFF7D1FC019094F82310B1
:10B2500060F3450184F823103046294644F2300259
:10B26000FFF7C4FC00900190BDF80400E08329467C
:10B270003046FFF756FBE084D0B194F82A00B8B10D
:10B2800029463046FFF73FFB84F82A0002280FD9F1
:10B2900029463046FFF73EFB20853046294644F2DA
:10B2A0003B02FFF7A3FC00900190BDF80400A084CE
:10B2B000A07E90B33046294640F62802FFF796FC60
:10B2C0000190206148B3304629462922FFF78EFCC1
:10B2D0000190C0B2A07602281FD92069FBF74DFE6D
:10B2E00002286BD03046294644F22A02FFF77EFC42
:10B2F00000900190BDF804002083304629462B229F
:10B30000FFF774FC0190E076304629462C22FFF7C7
:10B310006DFC019000B10120207794F8360058B3FD
:10B3200029463046FFF7D7FCE08528B394F836006D
:10B33000022821D929463046FFF7BFFC84F83600A1
:10B34000022819D929463046FFF7A9FC208629464C
:10B350003046FFF7ABFC608629463046FFF7B4FC69
:10B36000A0863046294644F24402FFF73FFC009095
:10B370000190BDF80400A085B8F1FD0F03D208FBD1
:10B3800007F84FEA1827FD2FBFF4DFAE173414F883
:10B39000140C7843000A04F8140CE0787843000A8F
:10B3A000E070E07A7843000AE072E07F7843000AB8
:10B3B000E077E07C7843000AE074C6E62946304630
:10B3C000FFF794FC606129463046FFF78BFC019043
:10B3D000BDF804002083A0E77CB504464FF40025A7
:10B3E00003E02046FEF7B3FC04462046FEF7AFFC20
:10B3F00028B129462046FFF754FD0028F1D1204608
:10B40000E8F7BDFF054604F114016846F5F731FB86
:10B41000BDF80000401BADF80000BDF80200401B65
:10B42000ADF80200BDF804002844ADF80400BDF8F2
:10B4300006002844ADF806006946204600F001F8F1
:10B440007CBD1CB504466846F5F713FB69462046EB
:10B45000FDF7F8FC002805D02046FEF7FDFB694605
:10B46000E8F744FE1CBD006800E0006810B1017EF2
:10B470008907FAD030B1007E00F00300012800D027
:10B480000020704700207047006800E0006818B195
:10B49000017E11F00C0FF9D030B1007EC0F38100B5
:10B4A000012800D0002070470020704710B50446E6
:10B4B0000A492046FFF7FCFC08B1002010BD2046D9
:10B4C000FEF745FC28B10021FFF7FAF918B1012079
:10B4D00010BD002010BD002010BD000001000600BE
:10B4E0007CB505462846E8F74AFF044605F11401F5
:10B4F0006846F5F7BEFABDF80000001BADF8000085
:10B50000BDF80200001BADF80200BDF804002044A5
:10B51000ADF80400BDF806002044ADF80600694609
:10B520002846FDF78FFC7CBD10B5418C41F0010130
:10B530004184FEF712FC418C41F002014184FEF788
:10B540008BFB4068002803D0BDE8104003F0D4BF57
:10B5500010BD2DE9F04781460E4617469A464846EB
:10B56000FEF7E6FA8046002520E0D9F808000068DA
:10B5700050F82540BAF1000F05D04FF48021204645
:10B58000FFF78FFC88B9A08A3044A082E08A384453
:10B59000E082208B30442083608B3844608300231A
:10B5A0003A4631462046FFF7D4FF6D1C4545DCD3B3
:10B5B000BDE8F0872DE9F04385B004460F461646F6
:10B5C0006568002D32D000212846FFF71AFA81461F
:10B5D00000212846FFF7BDFA80464FF4802120461F
:10B5E000FFF75FFC50B1A88A07EB0901084407B2D6
:10B5F000E88A06EB0801084406B20FE02846FEF789
:10B600000EFDA98A4944081A384407B22846FEF7B5
:10B610000FFDE98A4144081A304406B20021284649
:10B62000FFF7FCF839180FB2304406B2A08A381A76
:10B6300007B2ADF81070E08A301A06B2ADF81260A9
:10B640000FB9002E44D02046FFF7C6FE02A92046BF
:10B65000FEF7FBFA4FF000087DB169462846FEF779
:10B660008DFA0022694602A8E7F738FD8046B8F156
:10B67000000F02D1284600F0EBFDA08A3844A082DA
:10B68000E08A3044E082208B38442083608B304451
:10B6900060833246394600232046FFF75AFF25B122
:10B6A000224622212846F9F7B7FE2046FFF794FEEE
:10B6B000002D0DD00022694604F11400E7F70EFDBD
:10B6C000B8F1000F01D1002802D0284600F0C0FDDB
:10B6D00005B0BDE8F08370B506460C46002C05DACF
:10B6E0003046FEF734FBFEF723FA04443046FEF7FB
:10B6F000F2FA02463046FEF72AFB0546002C2DDB07
:10B700002846FEF715FAA04228DD944226D00ADB2F
:10B7100014E0A868A2F10101006850F8211040F877
:10B720002210A2F10102A242F3DC09E0A868511C38
:10B73000006850F8211040F82210521CA242F5DB9C
:10B74000A868006840F82460002222212846F9F702
:10B7500063FE2846BDE87040FFF73EBE70BD2DE990
:10B76000F04107460E463846FEF747FCA0B938467A
:10B77000FEF74CFC04463846FEF7F8FA00280BDAD0
:10B78000002C09DD4042844200DB044622B23346ED
:10B790000021384600F006FC3846FEF725FC00285C
:10B7A00029D13846FEF75EFB04463846FEF7BCFB5F
:10B7B000054600213846FEF7EEFF01280FD0002D88
:10B7C00019DA002C17DD6842844200DB044621B2FE
:10B7D00033463846BDE8F041002200F0E3BB002CC0
:10B7E00009DA002D07DD334621463846BDE8F04131
:10B7F000002200F0D7BBBDE8F0812DE9F14F82B007
:10B800000298FFF753FE00287CD10298FEF79FFABA
:10B81000019000210298FFF70AFB8346002102985D
:10B82000FFF70CFB0546019860B10198FEF7F0F9AF
:10B8300080460198FEF7D1F90646CBF34130012846
:10B8400008D018E0029803B02A465946BDE8F04FE8
:10B85000FFF7B0BE2BF4C040B0F5FA6F0BDCB0F5CB
:10B860007A7F01DDC0F57A7000FB08F0642190FB5F
:10B87000F1F00FFA80FBC5F3413001280ED125F419
:10B88000C040B0F5FA6F09DCB0F57A7F01DDC0F594
:10B890007A707043642190FBF1F005B202980021A8
:10B8A00043F20C02FFF7A2F9009004B202980021C3
:10B8B00043F20D02FFF79AF900900FFA80FA02980E
:10B8C000FFF7C3FA81460298FEF7FFF90746C4F373
:10B8D000413001280FD124F4C040B0F5FA6F0ADCE2
:10B8E000B0F57A7F01DDC0F57A7000FB09F06421C4
:10B8F00090FBF1F004B2CAF34130012811D12AF4CF
:10B90000C04000E08EE0B0F5FA6F0ADCB0F57A7F57
:10B9100001DDC0F57A707843642190FBF1F00FFAF5
:10B9200080FA0BEB040004B205EB0A0005B200211B
:10B930000298FEF718FF30B900210198FEF724FFA6
:10B9400001280BD0012001280AD0801E082861D2CE
:10B95000DFE800F00E18272B381D404E0320F2E7D9
:10B96000029803B02A462146BDE8F04FFFF722BEF9
:10B9700008EBD870401009EBD971A0EB61002044AE
:10B9800004B247E0A8EB0900204404B242E006EB11
:10B99000D670401007EBD771A0EB6100284405B2C8
:10B9A00038E0F01B284405B234E008EBD8704010B2
:10B9B00009EBD971A0EB6100204404B2F01B2844CC
:10B9C00005B227E0A8EB0900204404B2F01B28448C
:10B9D00005B21FE0A8EB0900204404B206EBD670C4
:10B9E000401007EBD771A0EB6100284405B211E0CD
:10B9F00008EBD870401009EBD971A0EB610020442E
:10BA000004B206EBD670401007EBD771A0EB6100D3
:10BA1000284405B2029803B02A462146BDE8F04FFB
:10BA2000FFF7C8BDBDE8FE8F2DE9F04F87B0044693
:10BA3000608C410505D5800503D5002007B0BDE821
:10BA4000F08F2046FEF783F90746380011D02046D4
:10BA5000FEF708FA06904FF00008608C4FF4FA6A7F
:10BA6000400542F2D17906D52046FFF7EEF90646A9
:10BA700068E00020E2E700212046FFF7BCF9054618
:10BA80004D4502D14FF0010801E04FF00008C5F329
:10BA90004130012806D125F4C040504502DC4FF06A
:10BAA000010B01E04FF0000B3846FEF7B1F80646F7
:10BAB000B8F1000F04D02046EAF794FB05462AE0CF
:10BAC000BBF1000F27D0788C400518D400213846F0
:10BAD000FFF791F9484512D100212046FEF79EFE5E
:10BAE000054600212046FEF78CFF00EB050B0021E8
:10BAF0002046FEF7D3FF2844584405B20BE025F456
:10BB0000C040B0F57A7F01DDC0F57A7070436421E2
:10BB100090FBF1F005B22046002141F20202FFF74E
:10BB200065F800900FFA80FB2046002141F20302E5
:10BB3000FFF75CF8009002B2334659462846F6F704
:10BB400012F906462046FEF761FA05904FF0000B09
:10BB5000608C800504D52046FEF7B7F8054659E00D
:10BB600000212046FEF790FE0546A5F51C51D1396F
:10BB700006D04FF0000BC5F34130012803D009E097
:10BB80004FF0010BF7E725F4C040504502DC4FF0C1
:10BB9000010A01E04FF0000A3846FEF71EF8814620
:10BBA000BBF1000F04D02046EAF7A0FA05461AE0E0
:10BBB000BAF1000F17D0788C800507D400213846E1
:10BBC000FEF762FEA0F51C51D13938D025F4C040F3
:10BBD000B0F57A7F01DDC0F57A7000FB09F06421D1
:10BBE00090FBF1F005B22046002141F20502FEF77C
:10BBF000FDFF00900FFA80FA2046002141F2060274
:10BC0000FEF7F4FF009002B24B4651462846F6F785
:10BC100075F8054658EA0B0805D0DDE90521002333
:10BC2000204600F0BDFA2046FFF70FF9B04219D1C7
:10BC30002046FEF74AF8A84214D10020FEE6002173
:10BC40002046FEF7EBFD054600212046FEF781FF6A
:10BC500000EB050A00212046FEF771FE28445044FF
:10BC600005B2C0E72046FFF7B7FB03A92046FDF762
:10BC7000ECFF01A93846FDF781FF002201A903A8C6
:10BC8000E7F72CFA8046B8F1000F02D1384600F0F1
:10BC9000DFFAE08A6D1E2844608300212046FEF70B
:10BCA00073FD01281ED0A08A761E3044208303AA8B
:10BCB00029212046F9F7B0FB224622213846F9F720
:10BCC000ABFB2046FFF788FB00212046FFF747FD2E
:10BCD000002201A904F11400E7F700FAB8F1000FFF
:10BCE00006D104E0208B801B401CA082DFE710B14E
:10BCF000384600F0ADFA0120A0E638B505462846E2
:10BD0000E8F73DFB0446002000906A4613212846D0
:10BD1000F9F782FBBDF90000A04202D02846FFF7E8
:10BD20005BFBA96819B1BDF80000C88209E0BDF845
:10BD3000000030B12846FDF767F8A968BDF800009B
:10BD4000C882BDF90000A04202D02846FFF744FB9C
:10BD500038BD70B5054600212846FFF74CF804466B
:10BD600000212846FEF790FD42F2D1718C4203D0AB
:10BD7000884201D0002070BD2846FFF7D5FB012086
:10BD800070BD00002DE9F84306460D4614462E48C6
:10BD90000078002856D03046FFF71EFB284600F0FA
:10BDA00069FD0546E0044FF4702720D5BD4216D04A
:10BDB000ADB13046002141F20402FEF717FF0090BA
:10BDC00000B242F2D178404509D03046002141F21C
:10BDD0000102FEF70BFF009000B2404507D10022A0
:10BDE0002A213046F9F718FB3046FFF79DFB4FF646
:10BDF000FF78BD4200D04DB9444501D0A00405D51F
:10BE00003046FDF7A4FF08B1FFF78EFB444501D093
:10BE1000200502D53046FFF770FF3046FFF7DCFA09
:10BE2000444507D060050DD504F4006004F480514A
:10BE3000084307D0B5F5803F04D03046BDE8F8434D
:10BE400006F09CB8BDE8F883400100202DE9F05FC2
:10BE500004460E46104600F010FD8046104600F0E5
:10BE600009FD07464FF6FF7AD1461EB1F07908B9B1
:10BE70004FF000090025002160E00420E26800EB9B
:10BE8000C50B52F80B0020F07F4000F0F6FC024694
:10BE9000E06850F80B0020F07F4000F0EBFCD0454C
:10BEA00001D042450AD1B7F5702F01D0B84205D173
:10BEB00036B1E06850F83500B04201D06D1C3DE06D
:10BEC000E06850F80B00800105D500235246394642
:10BED000204608F023FFE06850F80B10CA0101D497
:10BEE00089010CD550F8350001F092FEE06850F859
:10BEF0003500FCF72BFBE168002041F835002846AF
:10BF000008E0E168431C01EBC00201EBC3010AC970
:10BF10000AC2401C618CC1F3C501491E8142F0D8A0
:10BF2000608CC108491E61F3C8006084C0F3C5007D
:10BF3000C100E068FCF752FBE0600121608CC0F3B7
:10BF4000C500A84299D8002909D0B9F1000F06D040
:10BF50004A4639462046BDE8F05FFFF713BFBDE80B
:10BF6000F09F000070B506460D480078002816D0F6
:10BF70000020F6F7F3FB05460FE0002406E0E86832
:10BF800050F82410304606F0DDF8641C686AA042C0
:10BF9000F5D82846F6F7E2FB0546002DEDD170BD39
:10BFA000400100202DE9F04190B006460C461546B0
:10BFB00054EA050074D0012B19D03B493046F4F700
:10BFC00083F8074639493046F4F77EF880462A461A
:10BFD0002146304606F08AFA57EA080760D010B0CA
:10BFE0003046BDE8F04100220A21F9F715BA304683
:10BFF000FDF732FE80466846F4F7AAF800962C4812
:10C0000003904FF4C87724B34046F6F77DFB401009
:10C0100022460021F4F7ECF8C82800D2C820B84224
:10C0200000D938460A903046FDF7F9FF4142201A00
:10C030000791089109901D4801901E4806906A4694
:10C0400009213046F9F7E8F9012829D16846F4F7C3
:10C05000DDF8002D24D04046F6F7A7FB40102A4615
:10C060000021F4F7C5F8C82800D2C820B84200D98A
:10C0700038460A903046FDF7DBFF4142281A079107
:10C0800008910990084801900A4806906A460921DB
:10C090003046F9F7C1F9012802D16846F4F7B6F83D
:10C0A00010B0BDE8F081000011260208F725020853
:10C0B0001D220208850101082DE9F04706460C46BD
:10C0C00015461F4654EA050068D0304600F0D8FBFC
:10C0D0003046FDF7A4FF40420FFA80F808EB040059
:10C0E00004B200213046FEF756FB012815D0002C83
:10C0F00000DD0024002C24DA3046FDF7B3FE814633
:10C100003046FDF711FF484401B2002900DA002152
:10C110004842844215DA04B213E0002C00DA00240D
:10C12000002C0EDD3046FDF79DFE81463046FDF7C2
:10C13000FBFE484401B2002900DA00218C4200DDF8
:10C140000C463046FDF774FF40420FFA80F909EBC8
:10C15000050005B2002D00DD0025002D0FDA304668
:10C16000FDF754FF82463046FDF700FE504401B211
:10C17000002900DA00214842854200DA05B2A4EB2A
:10C18000080001B2A5EB090002B251EA020005D095
:10C190003B463046BDE8F047FFF704BFBDE8F087F7
:10C1A00070B5064614461D462A46304600F024F86F
:10C1B0002A4621463046BDE8704000F033B8F8B555
:10C1C00005460E46284600F05BFB002000902846FE
:10C1D000FDF7BDFD044605F114070AE033466A4643
:10C1E0002946384606F028F825462046FDF7AFFDDB
:10C1F0000446002CF2D1F8BD70B506460C46154633
:10C2000007493046F3F760FF3046FDF708FF001B93
:10C2100001B22B463046BDE870400022FFF74CBF0C
:10C22000F725020870B506460C4615460749304604
:10C23000F3F74AFF3046FDF7FBFE001B02B22B4628
:10C240003046BDE870400021FFF736BF11260208D6
:10C250001FB504466A4602A92046FDF7F2FE02A871
:10C26000F4F791FC20B96846F4F78DFC002810D053
:10C2700002A8F4F788FC18B102A92046FFF7E1F8FC
:10C280006846F4F780FC002803D069462046FFF793
:10C29000D8F81FBD70B505460C462846FCF7B4FD1E
:10C2A000A868848270BD000010B5044600222046B4
:10C2B00000F026FA0449204600228989BDE8104092
:10C2C00089B200F044BA00006001002010B50446B5
:10C2D0000022204600F01CFA2046FDF738FDBDE89C
:10C2E0001040FFF721B938B505460C4600236A46D1
:10C2F00041F204012846FDF70BFD012802D1009A06
:10C30000A24201D1002804D100222146284600F093
:10C3100007FA38BD7FB506460C461D46294630460D
:10C32000F1F73DFC2146029A01F036FD04B02246A9
:10C3300029463046BDE87040FFF724BD70B506467B
:10C340000D467068002867D0002D65D03046FFF795
:10C3500043F82846FCF758FD74683046FDF7BBFCEF
:10C36000034607E0A068591C006850F8211040F807
:10C3700023105B1C2046FDF7DBFB801E9842F1DAA0
:10C38000A1684868401E4860A16840B180000A6802
:10C3900001461046FCF722F9A168086005E008682C
:10C3A000FCF7D4F8A16800200860A9684868401C20
:10C3B0004860AA6881001068FCF710F9A968086055
:10C3C0002846FDF7B5FBA968401E096841F82060C2
:10C3D000756000212046FFF7C2F92046FFF738FFBD
:10C3E000324622212046F9F717F800222421204660
:10C3F000F9F712F8324622212846F9F70DF8002203
:10C4000023212846F9F708F83046FFF78DF8304623
:10C41000BDE87040FEF7E0BF70BD70B5054614463C
:10C42000284600F0F9F921462846BDE8704000F0A2
:10C430000ABA70B505460C462846FCF7E5FCA86824
:10C44000017E64F38301017670BD70B505460C462C
:10C450002846FCF7D9FCAB681A7E02F00300A04224
:10C4600007D064F301021A762846BDE87040FEF753
:10C47000B3BF70BD70B505461446284600F0B5F947
:10C4800021462846BDE87040FFF72DBF2DE9F34F48
:10C4900089B083460A99BBF82000884270D0079083
:10C4A0000A98ABF8200058460A9A0799E8F716F858
:10C4B00006900698002863D04FF420742046FBF7BE
:10C4C000E5FF804621464046FCF78FF90024A1464F
:10C4D0009DE0DBF80C0000EBC90A042101EBC90563
:10C4E000405920F07F4000F0C8F90590DBF80C00BF
:10C4F000405920F07F4000F0BDF904900A9905985A
:10C50000884374D1DAF8040080017ED4DAF80000A0
:10C51000672203AB858829040DD5006806E09142A7
:10C5200003D140681860012022E00830018800290A
:10C53000F5D100201CE0C17931B1012913D9066879
:10C5400006EB810500200BE0002011E035F81070AB
:10C55000974204D156F820001860012008E0401CE2
:10C560008142F3D803E0C5F30E01672904D000200F
:10C57000E8B3039D002742E0006803900120F7E73D
:10C5800086E000261DE006EB860008EB80000890A0
:10C5900040680290029800F070F90190029800F053
:10C5A00069F90146286830F8172008980089824206
:10C5B00006D10498814203D105990198884202D29C
:10C5C000761CA642DFD3A64218D104EB8400A989C9
:10C5D00028F8201008EB8000298A4180A968C160F2
:10C5E000296831F8171001816968016100E00CE0E9
:10C5F000DAF8041021F07F414160641C7F1C286838
:10C6000030F8170008B1202CBBD309F10109BBF8A1
:10C610002200C0F3C500484502D9202CFFF459AFD1
:10C6200000250EE005EB850008EB8006706800F041
:10C6300021F90146009658460A9B079AE7F7A8FE9B
:10C640006D1CA542EED34046FBF76EFF069801280D
:10C650000ED00698032811D00698022818D1584603
:10C66000FEF7BAFE0BB05846BDE8F04FFFF745BBEA
:10C670000BB05846BDE8F04FFEF7AEBE0BB05846C3
:10C68000BDE8F04F4FF6FF724FF47021FFF77ABB11
:10C690000BB0BDE8F08F13460A4641F20901FFF7DF
:10C6A00039BE13460A464FF40561FFF733BE07B49F
:10C6B00081B0BDF80810ADF800101346009A202193
:10C6C00004B0FFF727BE07B481B0BDF80810ADF87D
:10C6D00000101346009A222104B0FFF71BBE134638
:10C6E0000A462321FFF716BE13460A462121FFF70B
:10C6F00011BE13460A4641F23201FFF70BBE00009D
:10C7000013460A4601490988FFF704BE600100206C
:10C7100013460A4601490989FFF7FCBD6001002064
:10C7200013460A4641F20401FFF7F4BD07B481B095
:10C73000BDF80810ADF800101346009A472104B068
:10C74000FFF7E8BD13460A464821FFF7E3BD13464D
:10C750000A4641F26901FFF7DDBD13460A4640F281
:10C760006241FFF7D7BD07B481B0BDF80810ADF83E
:10C7700000101346009A3B2104B0FFF7CBBD1346CF
:10C780000A4640F63A01FFF7C5BD13460A46602146
:10C79000FFF7C0BD13460A4641F25D41FFF7BABD3F
:10C7A00007B481B0BDF80810ADF800101346009A28
:10C7B00040F2574104B0FFF7ADBD13460A4641F2BF
:10C7C0005941FFF7A7BD13460A4641F20101FFF7A1
:10C7D000A1BD13460A4641F20701FFF79BBD134670
:10C7E0000A4641F20801FFF795BD38B505460C46EB
:10C7F00000236A4641F201012846FDF789FA012823
:10C8000002D1009AA24201D1002804D1002221467F
:10C810002846FFF7D8FF38BD38B505460C4600233B
:10C820006A4641F207012846FDF772FA012802D153
:10C83000009AA24201D1002804D1002221462846B4
:10C84000FFF7C7FF38BD38B505460C4600236A46DA
:10C8500041F208012846FDF75BFA012802D1009A4F
:10C86000A24201D1002804D1002221462846FFF728
:10C87000B6FF38BD00F47F00704780B270470000FB
:10C8800070B50B4D2978002910D101212970FDF7D1
:10C8900064FA044605E021F0020060842046F3F7C4
:10C8A000A9F8618C8807F6D40020287070BD0000BC
:10C8B000380100201CB5132805D3F5F79DFA019027
:10C8C000BDF804001CBD09B1042905D9F5F794FA97
:10C8D0000090BDF800001CBD491EC9B2034A02EB1E
:10C8E000C00000EB410000881CBD0000F07A020887
:10C8F0001CB5132805D3F5F77FFA0190BDF80400A5
:10C900001CBD09B1052905D9F5F776FA0090BDF8E7
:10C9100000001CBD491EC9B2044A00EB800002EBB6
:10C92000400000EB410000881CBD0000327A020884
:10C9300008B5132805D3F5F75FFA0090BDF800009D
:10C9400008BD024901EB4000008808BD0C7A0208CE
:10C95000002804DAC0F57A7040F4005001E040F499
:10C96000005000B2704710B5B0F90420B0F90030A3
:10C97000D21A02EBD272521012B213444088104401
:10C980000C88E31A1BB24988081A00B252435B4371
:10C9900000FB0030904201D8012010BD002010BDE6
:10C9A00010B5EAF7D6FC0D494FF416530022A1F159
:10C9B0001C00F5F7B0FD0A48F5F7BEFD0848F02168
:10C9C00001804FF48C7141800649416103491C3953
:10C9D000C160BDE81040F5F7DBBD0000C05200208B
:10C9E000C09D00202D73000810B5F2F7B2FF064875
:10C9F000FAF7D5FA04480221017004494160FAF7B8
:10CA0000E3FA0349486010BD0C9E002059F9000864
:10CA1000100100202DE9F04F85B00546DFF860A138
:10CA2000DAF8040001688C6BC968896821600168C4
:10CA300009698A0701D4C9072ED0F5F7B6FE401E52
:10CA400006B2DAF80400F5F75FFE401E03B20022DA
:10CA5000114601A80096F4F7FBF801A96160DAF825
:10CA600004000068027C92070BD5C068826942F01E
:10CA700002028261A160204600F084F805B0BDE8A2
:10CA8000F08FC0688169826961F341028261A560AB
:10CA9000204600F077F8F1E7A8882988401A401C62
:10CAA00007B22846F4F745F88046DAF80400F5F7AF
:10CAB0007CFE0146B5F90600814204DCDAF8040088
:10CAC000F5F773FE401E06B242463946DAF8040016
:10CAD000F1F7C8F881460027B5F902000DF10C0BFB
:10CAE00028E02A88ADF80C20AA88ADF81020ADF80F
:10CAF0000E00ADF81210C4F804B0C4F808B0DAF8AB
:10CB000004000168C96889682160BDF91210B1424A
:10CB100001DDADF81260BDF91270BE4205D10068AA
:10CB2000C068816941F002018161204600F02AF865
:10CB30000FFA88F000EB09018846491EB142D0DDAA
:10CB4000BE429BD02988ADF80C10A988ADF8101012
:10CB5000ADF80E00ADF81260C4F804B0C4F808B027
:10CB6000DAF804000168C968896821600068C06853
:10CB7000816941F002018161204600F003F87DE700
:10CB800044010020F0B58FB004464E4F7868F5F7A9
:10CB9000B8FD0546286850B1686828B107E0786894
:10CBA0000068816A01B1884728690028F7D100250B
:10CBB0007868F5F7DFFD0146606800F0D5F80646B5
:10CBC0007868416919B1606800F0CEF8054656EA08
:10CBD00005004CD1A06AB0B101A8F7F707F9786851
:10CBE000C16A059190F829108DF81E10418DADF89D
:10CBF000081090F829008DF80700A36A01A92046C3
:10CC00006268984733E07868C16A01B3C06A0EA9C8
:10CC1000F9F7FCFD01282AD10E980022410D491E8A
:10CC2000C0F38A2300915B1E11460CA8F4F710F89C
:10CC300006A8F6F71FF8786890F829108DF82310E9
:10CC4000C36A0CAA06A92046F5F7E4FF0FE001A885
:10CC5000F7F7CCF87868418DADF8081090F8290006
:10CC60008DF8070001A920466268F7F7ABF87868ED
:10CC7000406928B105B905462946204600F074F9F7
:10CC80000EB9786806692046314600F06DF978687B
:10CC9000F5F75AFD0146204600F066F97868F5F789
:10CCA00049FD0146204600F05FF978680168097C7B
:10CCB000890704D40FB0BDE8F040EBF75FBA0FB0BE
:10CCC000F0BD0000440100202DE9F041254F002077
:10CCD00038607868B0F85051002D40D000266D1EA5
:10CCE000002D06DB411991F8301181B16D1E002D28
:10CCF000F8DA0168C9688A6922F001028A6100686D
:10CD0000C068816921F002018161002422E02E4681
:10CD1000EFE7011991F83011D9B9B44205D1016892
:10CD2000C9688A6942F001028A610168C9688A6932
:10CD300022F002028A6100EBC4003030FFF76AFE85
:10CD4000786800EBC4003030F3F71DFF3968084401
:10CD50003860641C7868B0F85011A142D9DCBDE895
:10CD6000F0810000440100202DE9FC4180460E4680
:10CD70000025002206F114014046E6F7AFF960B342
:10CD800001213046FEF78DF838BB00208DF80000F9
:10CD9000CDF804806A4612213046F8F73DFB9DF835
:10CDA0000000022805D03046FCF7C2FE07460024EA
:10CDB0000CE00020BDE8FC81B068006850F8241049
:10CDC0004046FFF7D1FF054615B9641CBC42F3D3BA
:10CDD0001DB99DF8000000B935462846EAE7000075
:10CDE0002DE9FC410025284E47E0284490F8300109
:10CDF000E8BB002439E0011991F83011A1BBA5422C
:10CE000032D000EBC40100EBC50030313030E6F722
:10CE1000C5F948B3706800EBC40200EBC5013032BD
:10CE200030316846E6F7DEFA6846F3F7ACFE0746AF
:10CE3000706800EBC5003030F3F7A5FE80467068DF
:10CE400000EBC4003030F3F79EFE404487420BD223
:10CE50007068694600EBC5003030F3F713FE716867
:10CE60000120214481F83001641C706800E003E077
:10CE7000B0F85011A142BED86D1C7068B0F85011C6
:10CE8000A942B2D8BDE8FC81440100202DE9F0435D
:10CE900087B005460E4601213046FEF702F800280D
:10CEA0005ED1AF6803A93046FCF7CFFE3046E7F706
:10CEB00066FA01460A4603A8F3F7B0FE03AA39460C
:10CEC00005A8E6F7E3F800284AD00DF11409C5F8E3
:10CED00008902A4614213046F8F79EFA2A46152172
:10CEE0003046F8F799FA2A4616213046F8F794FAB0
:10CEF0000124E1043046FDF7D4FF20B138680190E9
:10CF00007868029007E006F11402394601A8E6F7B6
:10CF1000BDF800B900248CB101A8A8603046FCF728
:10CF200007FE8046002407E0B068006850F824102F
:10CF30002846FFF7ABFF641C4445F5D3C5F80890BD
:10CF40002A4617213046F8F767FA2A461821304654
:10CF5000F8F762FA2A4619213046F8F75DFAAF6011
:10CF600007B0BDE8F08300002DE9F04781460F4689
:10CF7000002F04D11E484068F5F7FCFB0746002F40
:10CF800030D039464846FFF781FF3846FCF7DFFED0
:10CF9000054625E000262846FCF7CAFD8046002409
:10CFA00008E0A868006850F82410EEB14846FFF782
:10CFB0006DFF641C4445F4D34A4617212846F8F710
:10CFC0002BFA4A4618212846F8F726FA4A4619212C
:10CFD0002846F8F721FA2F462846FCF7B8FE054602
:10CFE000002DD7D1BDE8F087B942E2D10126E0E7B4
:10CFF0004401002010B50C4694F82A0020F00100EE
:10D0000084F82A000022A284E2842285102120468E
:10D01000FCF7CDF84FF400712046FCF7C8F8214624
:10D020000548FCF723F8FCF785F82046BDE81040DA
:10D03000002202A100F030B9587D02084F707469D7
:10D040006F6E20310A4F7074696F6E20320A4F7014
:10D0500074696F6E20330A4F7074696F6E20340AE2
:10D060004F7074696F6E203500000000F8B50E46F1
:10D0700031466848FCF726FD01282ED13046F8F7E6
:10D0800089F905463046F8F7C3F904462C2D1CD023
:10D090002A2D23D0292D32D0012D36D0022D40D07B
:10D0A000082D5AD0032D58D00E2D5BD00F2D77D0E0
:10D0B0000D2D7DD0132D7CD0152D01D0182D0CD128
:10D0C0003046BDE8F840EDF7F0B93046F8F79EF984
:10D0D00005462046F1F722F82880F8BD2046F0F7F3
:10D0E0005BFD18B100222A21F8F796F92046FEF7D9
:10D0F00030FE2046BDE8F840002104F051BE204635
:10D10000BDE8F840002104F04BBEA06A20F40031D5
:10D11000A1622046F0F740FDBDE8F8403E49F2F735
:10D12000D3BFF9F779FF6946F9F7D2FFBDF80200DE
:10D130000028D2D02046F0F72FFD05462846FDF7FF
:10D1400087FEBDF80210084401B22846FFF77BFBBA
:10D15000A06A40F40030A062F8BD2046BDE8F84067
:10D1600004F02CBF2046FCF7A9FDF8F7CDFD0546DD
:10D17000F9F752FFF9F7A5FF042802D0E08C2085CB
:10D18000F8BD15B1E08C2085F8BDE18C208D814281
:10D19000FAD0E0842046BDE8F840012104F000BE4A
:10D1A000E18C208D8142EFD0E0840121204601E016
:10D1B00004E028E0BDE8F84004F0F2BD3046F8F79E
:10D1C00025F90078132811D012280FD0142801D087
:10D1D0001128D9D1E08C0028D6D0258D401E81B2EF
:10D1E0000122204600F0C5F82585F8BDE08CA18C11
:10D1F000401C8842F9D2258D81B20122204600F0E0
:10D20000B8F82585F8BD2046F0F7C6FCBDE8F84023
:10D21000FEF773BD3C7D02084528020870B50E4636
:10D220003046F8F7B7F80446152C05D031461948B2
:10D23000FCF748FC012823D13046F8F7E9F8054609
:10D24000132C08D0292C1CD0152C19D13046BDE840
:10D250007040EBF7C9BF3046F8F7D8F804462846C7
:10D26000FCF775FDF0F75AFF06462846FDF7EDFD81
:10D270000146B4F90000711A884200DC084620809B
:10D2800070BD2846FCF763FDBDE87040002104F046
:10D2900087BD0000587D02082DE9F84F04468946F5
:10D2A0001546B9F1000F0DD02046F0F775FC00903F
:10D2B0004FF0000BA4F826B0A4F828B0A4F824B0CE
:10D2C000002006E0FEE70A2902D1A18C491CA184B6
:10D2D000401C19F800100029F5D1A08C401CA08436
:10D2E000E5B394F82A0040F0010184F82A1048467A
:10D2F000E3F756F9461CC6EBC60A5046FBF7C6F8DC
:10D3000007460025A7F1010806FB05704946E3F72B
:10D3100023F90A206D1C06FB05F101F80800EDB2A7
:10D32000072DF1D30AEB070000F801BC394600983D
:10D33000FAF7D2FE3846FBF7F7F8A08C00EB400175
:10D34000E184C0EBC000A0842046F1F7A7FEE08C8A
:10D3500020850098BDE8F84FFEF7CFBC94F82A006E
:10D3600020F0010084F82A0049460098FAF7B4FE3C
:10D37000EDE730B490F82A30DB070BD0C38C0724DC
:10D38000B3FBF4F313B1A3EBC3042144C3EBC30316
:10D39000194489B2838C8B4200D8591EC1840185FF
:10D3A00030BC114604F0FCBC10B5F5F797F9BDE8A8
:10D3B0001040F5F7DFB970B50C460020206794F8EF
:10D3C000740020F0010121F0020084F874004FF491
:10D3D00040712046FBF7EBFE10212046FBF7E7FEED
:10D3E0000020F5F781F9502505EBC000B0F5A07FCE
:10D3F00008DB0020F5F778F905EBC000A02190FBD1
:10D40000F1F100E001212046BDE8704009B2FEF7CD
:10D4100041BF000010B501460448FBF727FE044653
:10D420002046FBF787FE204610BD0000747D0208F1
:10D430002DE9F34F83B0FE480499FCF743FB012824
:10D4400040D10498F7F7A6FF05460498F7F7E0FFE8
:10D450000446204600F096FA0646112D04D0012D10
:10D4600033D0022D7ED06DE10498F7F7CFFF05464B
:10D47000A06810B1B0F9147000E0002704F1680151
:10D4800001A8F3F73EFB3A46394601A8F3F7C6FB7D
:10D49000002201A82968E5F7F7FE2871002811D1BC
:10D4A000022E0FD104F1600101A8F3F72AFB3A46DE
:10D4B000394601A8F3F7B2FB002201A82968E5F775
:10D4C000E3FE287105B0BDE8F08F2046FDF784FF2C
:10D4D00094F8740040F0010184F874109EB1012E9C
:10D4E00011D0022EEED1F9F797FD02A9F9F7B4FD9C
:10D4F0002046FDF7AAFC05462046FCF7E6FB8542E0
:10D5000005DB012504E004F124002067DAE70025AB
:10D5100000212046FDF75BF92DB3012805D0BDF9A8
:10D520000810B4F96C20914207DC012809D1BDF93B
:10D530000810B4F96820914203DA04F1240020674E
:10D54000C0E7012805D0BDF90810B4F96020914268
:10D5500007DB01280CD1BDF90800B4F9641088423A
:10D5600006DD01E074E035E004F130002067A9E752
:10D57000B4F96410B4F96000091A01EBD17100EB41
:10D580006102BDF90800111A002900DC811A0BB2F2
:10D59000B4F96C20B4F96810521A02EBD27201EBA4
:10D5A0006202111A002900DC811A08B2984208DAD6
:10D5B00004F1240044F8700F207920F0020020715B
:10D5C00080E704F1300044F8700F207940F0020049
:10D5D000207177E7BDF90A00B4F96A10884203DACE
:10D5E00004F1240020676DE7B4F96620904203DD62
:10D5F00004F13000206765E7B4F96230D21A02EB1B
:10D60000D27203EB62031A1A002A00DCC21A13B2A8
:10D61000B4F96E20521A02EBD27201EB6202111AB7
:10D62000002900DC811A08B2984208DA04F12400CB
:10D6300044F8700F207920F00200207142E704F1D5
:10D64000300044F8700F207940F00200207139E773
:10D65000206FE8B3F9F7E0FC05462846F9F731FDFD
:10D66000012884D102A92846F9F7F6FC00212046BA
:10D67000FDF7ADF881462046FDF7E7FB054620465D
:10D68000FCF723FB064600212046FDF7E4F9074698
:10D6900000212046FDF72CFA804600212046FDF7A8
:10D6A00089FA824600212046FDF773F9D4E90A126F
:10D6B000531AB5421BDBE81BA0EB080005B2B9F119
:10D6C000010F0CD0B4F91400BDF90860384400E033
:10D6D00038E0301A584390FBF5F0084416E0B4F9EE
:10D6E0001800BDF90860A0EB0800801BF2E7351AAE
:10D6F000A5EB0A052DB2B4F91A60BDF90A703044E1
:10D70000381A4042584390FBF5F00844236F04F167
:10D710003005AB4201D1626A00E0216B884201DA38
:10D72000084602E0904200DD10461968814285D02B
:10D7300018602046FDF750FE00221C212046F7F716
:10D740006BFEBFE6082D11D0032D0FD00E2D48D053
:10D75000292D54D0132D58D00D2D6BD0152DF0D16F
:10D76000049805B0BDE8F04FEBF754BC94F8740092
:10D7700020F0010184F87410002121672046FDF794
:10D780002BFE2046FCF79AFA05462846F8F7BCFA25
:10D790000646F9F741FCF9F794FC0428D1D1002E94
:10D7A000CFD0204600F0EEF8022806D005B028467B
:10D7B000BDE8F04F0021F8F755BB94F874008107DD
:10D7C00004D440F0020084F874007BE620F00200EC
:10D7D00084F8740005B02846BDE8F04F0021F8F742
:10D7E00041BBF9F719FCF9F76CFC042801D00228B9
:10D7F000A7D114F8740F20F00200207062E605B083
:10D800002046BDE8F04FFEF778BA4FF4403A514653
:10D810002046FDF720F9054651462046FDF768F9F8
:10D82000064651462046FDF7C5F90746514602E037
:10D83000747D020860E02046FDF7ABF88046204684
:10D8400043F60E025146FDF7D1F901900FFA80F927
:10D8500051462046FDF7C1FA834651462046FDF762
:10D86000AEFA02902046FDF7F0FA00EB4B0A204694
:10D87000FCF72BFA0146029801EB4000824505DADD
:10D880002046FDF7E2FA00EB4B0005E02046FCF7EE
:10D890001CFA029900EB410040F34F0000FB09F035
:10D8A00040F30F22B54201DD284600E03046B8457E
:10D8B00001DD414600E03946884205DDB54201DD23
:10D8C000284606E0304604E0B84501DD404600E069
:10D8D00038468518AD1C4FF440312046FBF72BFB32
:10D8E000284404B20498F7F791FDB0F90010A14262
:10D8F00000DD0C460480E5E50498F7F787FD007825
:10D90000132812D0112810D0142801D01228F2D1D7
:10D9100094F87400800725D42046F3F7D9FA411E05
:10D9200001222046F3F731FB24E094F874008007CD
:10D9300008D42046F3F7CCFA411C01222046F3F725
:10D9400024FB07E02046F3F7B4FA411C01222046ED
:10D95000F3F7F5FA05B02046BDE8F04F00221C2190
:10D96000F7F75ABD2046F3F7A4FA411E01222046DC
:10D97000F3F7E5FA05B02046BDE8F04F00221C2180
:10D98000F7F74ABD10B5F3F78FFA012803D0022844
:10D9900003D0002010BD012010BD022010BDF0B545
:10D9A00003464FF001009D882C040CD51B6805E050
:10D9B0008C4202D159681160F0BD08331C88002CDC
:10D9C000F6D10020F0BDDC7934B1012C12D91F68EA
:10D9D00007EB840500230AE00020F0BD35F8136052
:10D9E0008E4203D157F823101160F0BD5B1C9C429E
:10D9F000F4D807E0C5F30E00884203D11868106020
:10DA00000120F0BD0020F0BD0821FAF7EEBEC0797C
:10DA1000002801D000207047012070473EB5002249
:10DA2000FF234E2870D01EDC332872D00EDC29284C
:10DA30006AD006DC20284BD0222857D0252840D198
:10DA400065E0302852D031283BD15DE046285BD0DC
:10DA500004DC3B284AD0442833D147E0472845D04E
:10DA60004D282ED142E040F63C04A0F63C01A042F5
:10DA70004AD010DC40F25744A0F25741A04235D0C2
:10DA800004DC522832D053281BD13DE001293BD081
:10DA90000B2916D138E040F2CA74A1F2CA70A14233
:10DAA0003DD006DC09292FD0A1F5E061C73908D1A6
:10DAB00035E0A0F5806053382ED0A0F50C50B53875
:10DAC00002D0029202983EBD4FF480700290F9E7B6
:10DAD000FF2211461046F4F7A9FA0090BDF80000A5
:10DAE0000190BDF80400ADF80800EBE700221146F4
:10DAF0001046F4F79BFA0090BDF800000190BDF8C5
:10DB00000400ADF80800DDE70293DBE701E00293D3
:10DB1000D8E70F200290D5E703480290D2E741F6FC
:10DB2000FF700290CEE70000EC8B020802490888E3
:10DB3000401C80B208807047E40100202DE9F041CC
:10DB400004460F46A188080402D50020BDE8F081F4
:10DB5000E27932B1012A06D0266806EB8205002060
:10DB600052E00020F2E7C1F30E00B84206D1C80B24
:10DB7000C003A0800020E0710120E7E70020E5E776
:10DB800035F81030BB423ED1022A11D0521E02EBB2
:10DB900042004000FAF74EFC0146D1B12160E07925
:10DBA000401EC0B2E07101EB800C0020024622E072
:10DBB0000122E271002807D0288860F30E01A180BD
:10DBC00004D17068206019E06888F6E7306820604A
:10DBD00014E04FF00000B9E735F81030BB4209D02F
:10DBE00056F8208041F82280134635F81080521CE8
:10DBF0002CF81380401CE3798342EDD23046FAF7CB
:10DC0000A5FC0120A2E7401C8242B9D800209DE774
:10DC100010B50446A08800040BD4E079012802D98D
:10DC20002068FAF793FC2046BDE810400821FAF777
:10DC3000DCBD10BD0A46652100F0AEB803B482B069
:10DC4000BDF80C10ADF80410019A522104B000F098
:10DC5000A3B80A46512100F09FB80A464FF4056167
:10DC600000F09AB803B482B0BDF80C10ADF80410FF
:10DC7000019A202104B000F08FB80A4640F628012E
:10DC800000F08AB80A46212100F086B803B482B0B9
:10DC9000BDF80C10ADF80410019A302104B000F06A
:10DCA0007BB80A46342100F077B80A46332100F0E9
:10DCB00073B80A4641F2320100F06EB80A4661219B
:10DCC00000F06AB80A46632100F066B80A4664218B
:10DCD00000F062B803B482B0BDF80C10ADF80410C7
:10DCE000019A4D2104B000F057B80A4640F64901A8
:10DCF00000F052B80A4641F2060100F04DB803B4F4
:10DD000082B0BDF80C10ADF80410019A3B2104B0AC
:10DD100000F042B80A4640F63C0100F03DB80A4621
:10DD200040F63D0100F038B80A4640F63A0100F0EE
:10DD300033B870B504460D462946204600F018F861
:10DD40002946204600F019F82946204600F01FF821
:10DD500029462046BDE87040AFF300800A4641F6F0
:10DD6000110100F019B80A4641F6150100F014B887
:10DD70000A4641F6120100F00FB80A4641F61301B7
:10DD800000F00AB80A4641F6140100F005B80A4648
:10DD900041F61001AFF30080F7B582B004460D469E
:10DDA000A088010411D4E1790127049E012938D902
:10DDB000236803EB8102A1F1010000280ADB32F89D
:10DDC00010C0AC4503D143F8206005B0F0BD401E43
:10DDD0000028F4DA491C01EB410041001846FAF72B
:10DDE000FDFB02461000F0D02260E07902EB8001DA
:10DDF000401E002807DB831C31F810C021F813C037
:10DE0000401E0028F7DAE079401CC0B2E07102EB56
:10DE10008001401E21F81050E079401E42F8206039
:10DE200021E01BD1C0F30E00A84201D12660CCE74F
:10DE30000C20FAF7FFFA0028C7D022680192206070
:10DE4000E179491CC9B2E17100EB8101A388C3F3F8
:10DE50000E030B804D800260466004E0E77165F3BD
:10DE60000E00A08026602846E6F78BFCA17987404B
:10DE70003943A171A9E70A466021FFF78DBF03B4BA
:10DE800082B0BDF80C10ADF80410019A442104B022
:10DE9000FFF782BF0A4640F64201FFF77DBF0A4600
:10DEA00040F64501FFF778BF0A464FF40461FFF7DB
:10DEB00073BF0A4641F25D41FFF76EBF03B482B003
:10DEC000BDF80C10ADF80410019A40F2574104B0AF
:10DED000FFF762BF0A4641F25941FFF75DBF0A46AC
:10DEE00041F25B41FFF758BF0A466721FFF754BF75
:10DEF0000A4641F20101FFF74FBF00002DE9F0474C
:10DF00000446DDE908890E4615461F4614212046C1
:10DF1000FAF76BFC266005B9044DA560E760C4F80C
:10DF20001080C4F80490BDE8F0870000BB01010830
:10DF30004162FDF751BA00684FF0FF314162FDF7D1
:10DF40004BBA10B50C464FF0FF30606210212046EE
:10DF5000FBF72DF908212046FAF7D7FC2046BDE84B
:10DF600010404FF48061FAF7D0BC000010B50146B4
:10DF70000448FBF77BF804462046FBF7DBF8204615
:10DF800010BD0000907D020808460021F2F79CB801
:10DF90002DE9F047884641463648FBF793FD0128B6
:10DFA0005DD14046F7F7F6F904464046F7F730FAF8
:10DFB0000746132C08D01C2C53D0152C4FD14046AB
:10DFC000BDE8F047ECF739BB4FF4403949463846D5
:10DFD000FCF748FD044649463846FCF790FD0546E7
:10DFE00049463846FCF7EDFD064649463846FCF7FB
:10DFF000D7FCAC4201DD214600E02946B04201DDFC
:10E00000024600E03246914203DDAC4206DC2C467B
:10E0100004E0B04201DD044600E03446A41C494659
:10E020003846FAF788FF204405B24046F7F7EEF984
:10E030000446B4F90000A84200DD054625804FF4EF
:10E04000003529463846FAF776FF0246B4F9000053
:10E05000824203DB29463846FAF76DFF2080BDE88F
:10E06000F087384600F008F83846BDE8F047FDF77D
:10E07000B3B90000907D0208F0B591B00646304675
:10E0800000216522FCF7B2FD10900746380031D020
:10E090003046FCF75FFBC0F30000746A4FF48075F4
:10E0A000611C01D060B909E0002802D04FF00004E3
:10E0B00000E02C4604D14FF0000501E04FF00005D0
:10E0C000A4EB0500002800DC281B7843070A002188
:10E0D0003046F1F7F9FF01A8F2F73AF80196064841
:10E0E0000290089409940A95044804900B9701A89B
:10E0F000F2F78CF811B0F0BD31DF010837DF01080D
:10E1000010B50C460120A084E0840220FAF792F9B1
:10E110002063E08C4000FAF78DF9E062216B8220E9
:10E120000880E16A0880E08CA18C48438100A06AE5
:10E13000FAF754FAA0620021016010BD10B5014643
:10E140000448FAF793FF04462046FAF7F3FF204607
:10E1500010BD0000AC7D020870B50C4600250026FD
:10E160000AE0A06A50F8250020B1FAF7EFF9A06A9A
:10E1700040F825606D1CADB2A08CE18C4843A842EC
:10E18000EFDCA06A08B1FAF7E1F9E06A08B1FAF742
:10E19000DDF9206B002803D0BDE87040FAF7D6B94E
:10E1A00070BD00002DE9FC410F4639466E48FBF773
:10E1B00089FC012844D13846F7F7ECF80546384683
:10E1C000F7F726F904462A2D14D02C2D18D0012D4E
:10E1D00038D0022D36D04FF6FF76082D4BD00E2DBD
:10E1E00069D00D2D6CD0152D2AD13846BDE8FC41E3
:10E1F000ECF7D8BA2046BDE8FC41002103F062BE2E
:10E200003846F7F703F9054600210020A28C05E007
:10E21000236B33F81030194409B2401C8242F7D8FE
:10E2200000220020E38C05E0E66A36F810603244F4
:10E2300012B2401C8342F7D8491E2980521E6A80C0
:10E24000BDE8FC8101AA69462046EFF76CFD012874
:10E25000F6D1A18EBDF80400814204D1E18EBDF853
:10E2600000209142ECD0A086BDF80010E186204647
:10E27000FDF7B2F8E4E72046FDF7AEF8F8F7CCFE7C
:10E28000F8F711FFA18EB1420AD0E18EB14207D05A
:10E2900030B900221C212046F7F7BEF80128CFD163
:10E2A000F8F7BAFEF8F70DFF012801D00328C7D10F
:10E2B000A686E686C4E72046BDE8FC41FDF78CB89B
:10E2C0003846F7F7A3F80268A18E0F46E08E844621
:10E2D000B14201D0B04207D10020A086E08620469E
:10E2E000BDE8FC41FDF778B8A38C8B4200DC00212F
:10E2F000E58C854200DC0020142A0ED0132A0ED0B3
:10E30000112A0ED0122A9BD1401C8B420DDC691EB3
:10E31000814208DD0021401C0EE0491EF5E7491C42
:10E32000F3E7401EF1E7591E06E0002904DA10B1B8
:10E33000591E401E00E00021854201DC681E02E0FB
:10E34000002800DA00208F4201D1844592D0A186B6
:10E35000E0862046FDF740F802B02046BDE8F041D7
:10E3600000221C21F7F758B8AC7D02082DE9F041D6
:10E3700004460E4615469846B8F1000F36D0A08CDC
:10E38000A84204D8681C81B2204600F0D5F8E08C81
:10E39000B04204D8701C81B2204600F048F9A08C2D
:10E3A00006FB00550027A06A50F8250000B1077849
:10E3B0004046E2F7F5F8811CA06A50F82500FAF70C
:10E3C0000DF9A16A41F8250088B1401C4146E2F7E9
:10E3D000C3F8A06A50F8250007703146204603F0C4
:10E3E00071FD2046BDE8F041FCF7F6BFFEE7FEE711
:10E3F0000FB42DE9F04F89B004460D461646159826
:10E4000000287CD0A08CB0427AD9E08CA84204D8F5
:10E41000681C81B2204600F00AF9A08C05FB00665A
:10E420004FF00008A06A50F8260008B190F800806C
:10E430000DF1580ACDF820A0CDF81CA00021084607
:10E44000089B159A01F030FD07464FF00009CDF802
:10E450002090A06AB91C50F82600FAF7BFF8A16A0C
:10E4600041F82600002853D0791C00F80190A06ADA
:10E470005346159A50F82600401C01F015FDCDF8C2
:10E480001C90A06A50F8260080F800804FF4A02667
:10E4900031462046FCF7EDFA069031462046FCF75F
:10E4A00035FB074631462046FCF792FB8046314655
:10E4B0002046FCF77CFA814631462046FCF740FCBA
:10E4C000824631462046FCF75EFC834631462046B4
:10E4D000FCF720FC024606995346CDE900B1CDE990
:10E4E0000389029729462046EFF75AFD0746314631
:10E4F0002046FCF7F3F980463146204601E006E06D
:10E5000015E0FCF7E4F9874203DA394602E0FEE75A
:10E51000FEE70146414501DA404602E0874200DA63
:10E520003846E16A21F815002046FCF755FF09B08E
:10E53000BDE8F00F5DF814FB2DE9F04104460E46EE
:10E54000A78CA6847100206BFAF748F8206348B1C5
:10E55000B74210D9E08C00FB07F11FFA81F8A58CB7
:10E56000454306E0FEE7A06A50F82500F9F7EEFF04
:10E570006D1C4545F7D3E08CA18C48438000F9F72A
:10E5800059FF80465FEA08000BD0A08CE18C48431D
:10E5900081004046FAF729F9B74209D2384682216C
:10E5A00004E0FEE7226B22F81010401CB042F9D3C1
:10E5B000B74201D2394600E03146002014E000FBAA
:10E5C00007F300FB06F2A56A08EB820205EB830362
:10E5D0008D0006E093F800C082F800C0521C5B1C5E
:10E5E0006D1E002DF6D1401CE28C8242E7D8A06A55
:10E5F000F9F7ACFFC4F828802046BDE8F0410021BF
:10E6000003F060BC70B505460C461646A88CA042C7
:10E6100004D8611C89B22846FFF78EFF286B20F8CA
:10E6200014602846BDE87040002103F04BBC2DE982
:10E63000F04104460F46E68CE7847900E06AF9F77A
:10E64000CDFFE06248B1BE4210D9A58C05FB06F0B3
:10E650001FFA80F8E08C454306E0FEE7A06A50F818
:10E660002500F9F773FF6D1C4545F7D3E08CA18CAD
:10E6700048438100A06AF9F7B1FFA06290B1BE42A1
:10E680000AD2A18C0A467143E38C5A4300EB810005
:10E69000511A8900FAF7A9F82046BDE8F041002197
:10E6A00003F010BCFEE700002DE9F05F06468A4645
:10E6B000304600F095F904462046FAF715FE8346E9
:10E6C00042F264010A465846FDF7D4FE042158463A
:10E6D000FAF76DFD2046FBF72BFA0546304600F0B1
:10E6E00084F98146D6F8248096F82C0010F00C0F9F
:10E6F00019D0681C8000F9F79DFE04466F1EBA0011
:10E7000041462046FAF72EF85046E1F749FF401CF3
:10E71000F9F790FE44F827005146E1F71DFF2FA0BE
:10E7200044F825002BE0E800F9F784FE0446681E53
:10E73000C20041462046FAF715F8308D98B36FF0C5
:10E74000020101EB450126A044F821005046E1F703
:10E7500027FF401CF9F76EFE01466FF0010000EB49
:10E76000450044F820104FF0FF3202EB45021BA198
:10E7700044F8221054F820005146E1F7EDFE74628F
:10E7800021464846F3F72EF84046F9F7DFFE4FF4EE
:10E79000A8714846F3F713F8308D401C80B23085DD
:10E7A00001280ED012E0FFE75046E1F7F9FE401CC9
:10E7B000F9F740FE20605146E1F7CEFE07A0606009
:10E7C000DDE700221146304600F012F9718D8022FB
:10E7D0004846F2F7D1FF5846BDE8F09F0000000020
:10E7E0000A0000002DE9F0410C46494E307884F8CB
:10E7F0002C00012810D0022813D0042802D00828A9
:10E8000013D104E001212046FDF74EFD0DE0092162
:10E810002046FDF749FD08E000212046FDF744FDB4
:10E8200003E008212046FDF73FFD42F2640529463A
:10E830000A462046FDF71EFE2046F2F775FC074605
:10E840002046FAF751FD804601213846F3F7A8F833
:10E850000420F9F7EFFD60622EA101603846616A7D
:10E86000F2F7C0FF00231C222B493846FAF70FF8B5
:10E870004FF480413846FAF748F800231A462749F2
:10E880004046FAF704F800214046FDF7DEFD94F813
:10E890002C00012814D0022812D0042801D0082806
:10E8A0001CD1B6F9022029463846FDF7E3FD29467A
:10E8B0004046FDF79AFF01214046FDF707FD0DE0B8
:10E8C0002A46B6F902103846FDF7D4FD29464046DF
:10E8D000FDF709FD01214046FDF7F8FCF7F70EFAB8
:10E8E00010B13946F7F754F900214046FDF7DCFC3A
:10E8F00003214046FDF79DFD80214046FAF705F8CB
:10E900004046BDE8F0414FF48061FAF750BC00008A
:10E91000A801002000000000215E0008416E0008F0
:10E9200010B5064B19705A8001460548FAF79EFB50
:10E9300004462046FAF7FEFB204610BDA801002041
:10E94000F079020870B50C464FF0000694F82C00E0
:10E9500010F00C0F0DD0002508E0606A50F825007B
:10E96000F9F7F4FD606A40F825606D1C208DA8421F
:10E97000F3D894F82C0080070DD0002508E0606AD9
:10E9800050F83500F9F7E2FD606A40F835606D1C1B
:10E99000208DA842F3D8606AF9F7D8FD666270BD91
:10E9A00070B50D4629460D48FBF78CF8012813D1A8
:10E9B0002846F6F7EFFC04462846F6F729FD0346FD
:10E9C000292C09D1184600F00EF8BDE87040014628
:10E9D0000022184600F00CB870BD0000F079020863
:10E9E0000121FBF78FB8408D70470021FBF78AB8F3
:10E9F0002DE9F84305460C469146288DA04200D8E3
:10EA0000441E2846FDF73CFF2846FFF7E9FF06466F
:10EA100030002AD0002141F61502FCF7E7F80090FB
:10EA200007B23046FBF7F4F8804600212846FBF792
:10EA3000C7FE012808D007EB0800604301B24A4630
:10EA40003046FDF7D9FB08E0604207EB080141437F
:10EA500009B24A463046FDF7CFFB2846FFF7C5FF0F
:10EA6000A1B28022F2F788FE6C85BDE8F883000031
:10EA700073B592B00446139810900020119010AD19
:10EA800029462046F0F73CFC012865D194F85C004B
:10EA9000000704D513980A285ED00D285CD0324AAE
:10EAA000002113A81268904701462046E7F74EFD63
:10EAB000002851D094F85C00400702D5204602F0AF
:10EAC000F9FFA06A38B1606AF8F736FF007810B92C
:10EAD0002046FCF781FC2A46216C606AF8F732FF79
:10EAE000204600F0DFF894F85C00400728D5E06A83
:10EAF000E1F756FD06462846E1F752FD3118491C5C
:10EB0000E06AF9F76BFDE06240B32A46216CE5F755
:10EB100011FF208F18B36846F1F71AFB20460090CA
:10EB200012480190208F0A90002001210790089040
:10EB300009910F4806900F4803906846F1F766FB6D
:10EB4000204600F089FA411C204600F097FA002286
:10EB50001C212046F6F760FC14B070BDFEE720468D
:10EB600002F0A8FFECE70000000200204D1B0208A5
:10EB7000E10101084F1B0208F0B591B004460E46B2
:10EB8000002E0BD094F85C00400702D5204602F01E
:10EB900091FF204600F05EFA28B900E0FEE720462B
:10EBA00000F05CFAA0B100201090384D384F09E019
:10EBB0002A6810A9304690473968884701462046A0
:10EBC000FFF756FF1098305C0028F1D111B0F0BD6E
:10EBD00031462046F0F794FB0128F7D1A06A38B1FE
:10EBE000606AF8F7A9FE007810B92046FCF7F4FB3C
:10EBF0003246216C606AF8F7A5FE204600F052F814
:10EC000094F85C00400728D5E06AE1F7C9FC0546A6
:10EC10003046E1F7C5FC2918491CE06AF9F7DEFC2B
:10EC2000E06270B33246216CE5F784FE208F48B372
:10EC300001A8F1F78DFA2046019016480290208F26
:10EC40000B9000200121089009900A91124807902A
:10EC50001248049001A8F1F7D9FA204600F0FCF917
:10EC60000F4905463046096888472918204600F0B4
:10EC700005FA11B02046BDE8F04000221C21F6F74D
:10EC8000CBBBFEE7204602F015FFE6E700020020BE
:10EC9000080200204D1B0208E10101084F1B020879
:10ECA0001402002070B50446606AF8F749FE4FF67A
:10ECB000FF75A84204D1606AF8F740FEA84209D067
:10ECC0002946606AF9F76EFA2946606ABDE8704025
:10ECD000F9F765BA70BD000010B50C4694F85C00F9
:10ECE00020F0040084F85C000020E06240F2DC5177
:10ECF00021872063606394F8501041F0010184F88B
:10ED000050100121216494F8501041F0020184F860
:10ED10005010A08794F85C1021F0080121F0020146
:10ED200084F85C106062A0622046F8F75BFB6062CA
:10ED30006420FDF70DFE0146606AFDF756FD0CA14B
:10ED4000606AF9F7C9F900231A460A49606AF9F7B7
:10ED50009EFD4FF480612046F9F7D7FD0021204643
:10ED600000F08CF92046BDE8104003F0F9BE000029
:10ED700000000000B7F9000838B50446204600F04E
:10ED80006BF901466A46606AF8F7F2FC00212046FA
:10ED9000FCF700F8054600212046FBF7BFFF00897D
:10EDA000BDF802106D1C08442844ADF80200A08F85
:10EDB000ADF80000606AFAF788FFBDF902108842DA
:10EDC00009DD6946606AF8F7D7FB0146A58F204642
:10EDD00000F054F9A58738BD10B50246104600F082
:10EDE0003BF9002805D0411EBDE81040104600F058
:10EDF00045B910BD10B50246104600F02DF9411C72
:10EE0000BDE81040104600F039B938B50446204638
:10EE100000F022F901466A46606AF8F7A9FC002171
:10EE20002046FBF7B7FF054600212046FBF776FF9B
:10EE30000089BDF802102844081A401CADF80200F1
:10EE4000A08FADF800006946606AF8F795FB0146AF
:10EE5000A58F204600F012F9A58738BD38B50446C5
:10EE6000206C002840D021A0006800906946204610
:10EE7000F0F746FA012837D1606AF8F75DFD0546DC
:10EE8000216C0122491E2846E5F78EFC2946606A5E
:10EE9000F9F722F92046FFF705FFA06A38B1606A4A
:10EEA000F8F74AFD007810B92046FCF795FA94F877
:10EEB0005C0040070ED5216C0122491EE06AE5F78F
:10EEC00073FCE06AE1F76CFB411CE06AF9F786FB32
:10EED000E06250B1216C2046491E00F0CFF80022BC
:10EEE0001C212046F6F798FA38BDFEE77F000000A7
:10EEF00070B50546284600F0AFF80446611C284668
:10EF000000F0BCF8284600F0A7F8A04204D028463C
:10EF1000BDE87040FFF7A2BF70BD70B50C4600257C
:10EF2000E06A002802D0F9F711FBE562A06A002828
:10EF300002D0F9F70BFBA56270BD000070B50E465C
:10EF400031464348FAF7BEFD01287FD13046F6F737
:10EF500021FA04463046F6F75BFA05460E2C12D02D
:10EF60000D2C15D0012C65D0022C63D0032C61D060
:10EF7000082C5FD0152C62D0182C67D13046BDE824
:10EF80007040E9F7EFBA2846BDE8704003F0E8BDED
:10EF90003046F6F73BFA0168132910D0142913D034
:10EFA000112916D0122919D008291CD07F291FD069
:10EFB000022922D0032926D00A292BD035E0284661
:10EFC000BDE87040FFF716BF2846BDE87040FFF768
:10EFD00003BF2846BDE87040FFF717BF2846BDE8CD
:10EFE0007040FFF7C9BE2846BDE87040FFF736BF46
:10EFF0002846BDE87040FFF77BBF2846BDE870405B
:10F00000002100F03BB82846BDE8704047F6FF718C
:10F0100000F034B8284600F023F830B12846BDE8A7
:10F02000704000221F21F6F7F7B92846BDE870406E
:10F03000FFF71EBD3046BDE8704005F0E4BE304627
:10F04000BDE8704000E001E0EBF770BE70BD00006D
:10F05000C87D0208006B7047006C7047406B7047BA
:10F0600090F85C00C0F3C000704790F85C1049074E
:10F0700002D4406AF8F760BCC06A7047F8B505462C
:10F080000C46286CA04268D0686AF8F755FC3349F2
:10F0900009688847002C00DA0444844203DCA4F5A4
:10F0A000FE41FF3900D104462C642846FDF7E8FBF9
:10F0B00000212846FBF732FE06466A462146686A6A
:10F0C000F8F756FBB6F908402846FAF79FFFBDF956
:10F0D0000210884203DD01222846FDF7A3F82846E6
:10F0E000FAF77BFD06462846FAF790FF0146BDF980
:10F0F00002000219511AB14206DD801B204401B200
:10F1000001222846FDF78EF82846FAF7ABFEBDF936
:10F110000010884203DD01222846FDF76DF82846DD
:10F12000FAF776FD06462846FAF79CFE0146BDF939
:10F1300000000219511AB14206DD801B204401B2C1
:10F1400001222846FDF758F8BDF80010A987284687
:10F1500003F006FD284602F00BFDF8BD1402002066
:10F1600070B50546284600F077F80446002C0AD012
:10F170002846054A0021FCF769FE29462046BDE8DD
:10F180007040E6F7BBBA70BDFFFF0F0000B500F09E
:10F190005BF808B1014800BD002000BD549F00206D
:10F1A0002DE9FF47074698460C9E00F04DF8224D8A
:10F1B00040B9002028704FF4A870F9F73BF91F49B7
:10F1C0000860E860F3F78AFAF3F79EFA4FF0010956
:10F1D000B0F5A07F02DC032068700BE0F3F77EFA45
:10F1E000F3F792FAB0F5347F02DA0220687001E09A
:10F1F00085F80190124CE760A4F12800BDF80410D6
:10F200000187BDF8081041876661A661E6610D4877
:10F210002060C4F8208003F031FE27B13846F3F7B0
:10F22000BDFAA04202D10020FCF79CFE85F80090B8
:10F2300004B00348BDE8F08788010020D001002019
:10F24000549F0020F542020802480068002800D0C0
:10F2500001207047D001002010B5002802D0FAF735
:10F26000FBFC01E0F3F73AFABDE81040F3F796BA79
:10F2700010B5044600F007F8A04201D3001B10BDF2
:10F280006142084410BD07F0F9B900002DE9F041D2
:10F2900006460D4617460B48E4F7D6FF044684B1F0
:10F2A0002560A6604FF0FF30206100206061FFF70D
:10F2B000EAFF6060E7600449012008712046BDE86C
:10F2C000F081FEE7789F0020E801002010B5044699
:10F2D00021460548E5F701F8044B0122DA70204683
:10F2E000BDE81040F9F732B9789F0020E80100200E
:10F2F0000149087070470000E801002070B504461D
:10F30000207DC00701D0002070BD0025204600F000
:10F31000F6F868B92569002D01DD681E2061FFF748
:10F32000B2FF6060A16811B10DB120468847012588
:10F330000448C07820B9206910B92046FFF7C6FFFD
:10F34000284670BDE80100202DE9F041374DA8782E
:10F35000002802D00120BDE8F0810120A8702878A3
:10F36000002628B1FFF78FFF0746380003D008E0DA
:10F37000AE700120EFE72869401C2861642800D99D
:10F380002E612B4CEE702E712A48E4F72FFF20607F
:10F390000DE02848E4F741FF80462068FFF7AEFF04
:10F3A00018B12879E978084304D1C4F800802168AD
:10F3B0000029EED120680028E4D14FF0FF381D4825
:10F3C000E4F714FF04460DE0207DC00705D1204678
:10F3D00000F095F8404500D2804621461548E4F7F4
:10F3E0001CFF0446002CEFD13846FFF741FFE968C7
:10F3F0000844E860A868FFF73BFFB0F5FA7F11D337
:10F40000E96864225143B1FBF0F0C0B2687064282F
:10F4100001D9002001E0C0F164006870EE60FFF7E0
:10F4200032FFA860AE70404695E70000E80100207A
:10F43000CC010020789F00202DE9FC411E4C608803
:10F440004FF47A76B0FBF6F106FB11006425B0FBB1
:10F45000F5F160881B4FB0FBF6F0CDE9000117A372
:10F4600001220021F86EFEF7C3FFA088B0FBF5F182
:10F4700005FB11000A21B0FBF1F0A1880122B1FBCC
:10F48000F5F1CDE9001010A31146F86EFEF7B0FFBC
:10F49000608B00900EA301220221F86EFEF7A8FFF8
:10F4A00020690DA3B0FBF6F0009001220321F86E55
:10F4B000FEF79EFFBDE8FC8174F1002025642E2537
:10F4C000642056003802002025642E256420430065
:10F4D0002564204D410000002564204B4D000000B4
:10F4E00001214161704710B50446FFF7CCFE216849
:10F4F000401A401E606010BD00214161704710B588
:10F5000004466068FFF7B4FE2168814201D80020FC
:10F5100010BD081A10BD00002DE9F0476A4C1421F7
:10F52000002720696426B0FBF1F201FB1200674D51
:10F5300000284DD1688844F62061DFF89481DFF817
:10F54000949188420ED96888401A07F0A9FF414675
:10F5500007F0C4FE494607F0CFFF07F081FF5A309D
:10F56000608027E0688844F2682188420ED9688864
:10F57000401A07F095FF584907F0B0FE574907F0C9
:10F58000BBFF07F06DFF0A30608013E06888B0F5BC
:10F590007A5F0ED96888A0F57A5007F081FF41465E
:10F5A00007F09CFE494607F0A7FF07F059FF60806F
:10F5B00000E067806088642800D96680628848A17E
:10F5C000E069F8F7C1FD00226188A069F1F7DDFC70
:10F5D00020690521B0FBF1F201FB1200A0B92878E7
:10F5E00002281BD02889404200EB801090FBF6F0E7
:10F5F000AF30A080A88900EB4000C0000A21B0FB1A
:10F60000F1F000F59670E0802770A188E2882089EB
:10F61000884210D9A0F10100208110E0288B07F06A
:10F6200057FF314907F068FF304907F0EFFD07F059
:10F6300017FFA080DEE702D200F10100208160897F
:10F64000904203D9A0F10100608103E002D200F1F1
:10F6500001006081207800F10100C0B2207005280F
:10F66000D5D3208900EB8000400001B2606AF7F733
:10F67000DDFA2878022818D02A891DA1206CF8F715
:10F6800063FD608900EB8000400001B2206AF7F75B
:10F69000CDFAAA8916A1E06BF8F756FD2069B0FBF8
:10F6A000F6F106FB110131B109E02A8B10A1206CA3
:10F6B000F8F74AFDE5E72969044A20325161401C08
:10F6C0002061BDE8F08700003802002074F10020BE
:10F6D00000007A440000204100803B450000A04229
:10F6E00025642525000000001C2398BC00002F4342
:10F6F000256400002DE9F04106460D4600F08BF828
:10F70000101A0421E5F737FE0446A80702D00020AE
:10F71000BDE8F081A4F10C0047F6F571884201D3F1
:10F720000020F5E76FF00301284601F08FFB074644
:10F7300021463846E6F7AFFA3846E6F79DFA3846EE
:10F74000E6F7A4FA39463046E6F7B3F93846E6F765
:10F75000D1F9044600212046E6F79DFA2046E6F757
:10F76000A0FA2046E6F78DFA2846D1E710B5044600
:10F77000A00701D0002010BD2046E7F7B4FB2046CB
:10F7800010BD70B504460D462046FFF7EFFF064654
:10F7900000F0A2F82A1A00F09FF801193046FFF78E
:10F7A000A9FF304670BD70B502460846002819D042
:10F7B0001446E6F77CF905462846E6F78BF900B1D2
:10F7C000FEE72846E6F7C3F929462046E6F7F4F9AE
:10F7D00001462046E6F7D3F901462046BDE87040D1
:10F7E000E6F767B970BD00B5014600F075F808444A
:10F7F00000BD70B5044608460421E5F7ADFD054699
:10F8000029462046E6F77DF901462A462046BDE80E
:10F810007040E6F702BA082070472DE9F05F804695
:10F820000D4616460027002D00D0EEB10DB3284638
:10F83000E6F73DF982465046E6F7DBF98346504647
:10F84000E6F734FA04465846E6F730FA00EB0409C6
:10F8500009F1040904213046E5F77EFD07465046CC
:10F86000E6F738F958B1FEE729464046FFF79BFF17
:10F870002FE031464046FFF7BCFF074629E0A7428C
:10F8800018D95846E6F726F908B14F4512D931463E
:10F890004046FFF7AEFF0746DFB1B44200D334461F
:10F8A000224629463846F8F7C6FE29464046FFF765
:10F8B0007AFF0EE0A74206D951464046E6F75FF9C7
:10F8C0005046E6F750F93A4651464046E6F74EFABA
:10F8D0002F463846BDE8F09F4FF497607047000010
:10F8E0002DE9F0411646002901D00D4600E0134DE8
:10F8F0006FF0030101F0AAFA074613E03846E6F775
:10F90000E9F8C0B100243846E6F7D0F98046384619
:10F91000E6F709FA334622464146A8473846E6F755
:10F9200068F90746002F04D03846E6F7D7F80028D4
:10F93000E4D0BDE8F0810124E5E70000A5720008ED
:10F940004FF4B47190FBF1F201FB1200002802DACF
:10F9500000F5B47000B2114A5A2802DA32F91000E8
:10F960007047A0F15A015A2905D2C0F1B40000B283
:10F9700032F910007047A0F1B4015A2905D208B23B
:10F9800032F81000404200B27047C0F5B47000B2C7
:10F9900032F81000404200B270470000887B020835
:10F9A0002DE9FF4F83B08346DDF84480BBF1000FA3
:10F9B0001BD09BF80000C0B10498D0B1109880070C
:10F9C00002D541F6FF7006900026002002900190BB
:10F9D000824600248146471E434A02A9584652687F
:10F9E000904705460298019061E0002007B0BDE80D
:10F9F000F08F0020FAE73C4A01A958465268904728
:10FA0000824609F101091098C00709D029461298C9
:10FA1000E4F7BEFF20B1029E01980290554646E0F1
:10FA2000524629460498F5F7DFFD00B221180CB2C2
:10FA3000002802DD0598204404B2781C05D1059801
:10FA4000211A0698814200DD37460A2D19D00D2D66
:10FA500017D00021A5F59C4045F2A512904201D88F
:10FA600001210DE0002007E020A2135CAB4201D190
:10FA7000012105E0401CC0B21CA2125C002AF3D197
:10FA800051B136B9781C04D1B8F1000F01D0C8F8D3
:10FA90000040A9F101090EE0B8F1000F03D0781C75
:10FAA00001D1C8F80040029E0198029055461BF80B
:10FAB000060000289FD1781C03D0139860B1384607
:10FAC00094E7B9F1000F04D00D2D03D1BAF10A0F5C
:10FAD00000D1029E304689E7B8F1000F02D0002025
:10FAE000C8F80000002081E7FC010020202C2E3BFC
:10FAF0003A2D5F002DE9FF4F83B00446DDF848A0A2
:10FB0000DDF840908846002020806080B8F1000F2A
:10FB10004CD00598002849D05FEA8A7002D541F69A
:10FB2000FF701190002500260598008987B225E016
:10FB30000020CDE9000ADDE9051208EB050B584667
:10FB4000119BE4F771FE0644B4F9020007EB0901CA
:10FB50000144B1F5004F29D2384448446080CDF8C3
:10FB600000A0DDE90523711B584600F024F8B4F924
:10FB70000010814200DB08462080354618F8050059
:10FB80000028D5D165B108EB050010F8010C0A2852
:10FB900001D00D2804D1608807EB0901084460807A
:10FBA000B4F9020028B1A0EB0900608007B0BDE8FD
:10FBB000F08F6780FAE72DE9FF470746DDF83080D0
:10FBC0000D4691461E46002F0AD0B9F1000F0BD00A
:10FBD000387858B100200390002402900DBB27E034
:10FBE000002004B0BDE8F0870020FAE70020F8E725
:10FBF00003AB6A4601A93846E4F7FCFD5FEAC8702A
:10FC000004D002A80199E4F7C3FE50B9DDE9002150
:10FC10004846F5F7E9FC00B2002802DD20443044F4
:10FC200004B20398A842E3D3002C01DDA01B04B268
:10FC30002046D6E708B580283CD3002300F03F01DA
:10FC400041F08001B0F5006F0CD2C0F3841040F099
:10FC5000C0008DF800008DF801108DF802308DF88D
:10FC6000033026E0C0F3851242F08002B0F5803FF9
:10FC70000CD2C0F3033040F0E0008DF800008DF8A6
:10FC800001208DF802108DF8033012E0B0F5881FC6
:10FC90000FD2C0F3824343F0F0038DF80030C0F37D
:10FCA000053040F080008DF801008DF802208DF8BD
:10FCB0000310009808BD00002DE9F04106460F46EC
:10FCC00000240025DFF8248007E0D8F80010301960
:10FCD000884700B9012004446D1CBD4202D2305D4A
:10FCE0000028F2D12046BDE8F0810000FC01002090
:10FCF000F8B507460D46002000900024054E04E0AC
:10FD00007268694638469047641C0098A842F7D349
:10FD10002046F8BDFC010020F8B50546002400206F
:10FD20000090064E04E07268694628469047641CBD
:10FD30000098285C0028F6D12046F8BDFC01002080
:10FD400078B50246002400200090002900D16946C1
:10FD50000B68D05C050603D404465B1C0B6062E0B4
:10FD600006260225B6EB501F0FD1C006440D5B1CC2
:10FD70000B60D05CB5EB901F01D0002078BD00F087
:10FD80003F0004445B1C0B604DE00E26B6EB101FD9
:10FD90001BD10007040C5B1C0B60D05CB5EB901F03
:10FDA00001D0002078BD00F03F0004EB80145B1C04
:10FDB0000B60D05CB5EB901F01D0002078BD00F047
:10FDC0003F0004445B1C0B602DE01E26B6EBD00FF9
:10FDD00027D14007C40A5B1C0B60D05CB5EB901FB9
:10FDE00001D0002078BD00F03F0004EB00345B1C24
:10FDF0000B60D05CB5EB901F01D0002078BD00F007
:10FE00003F0004EB80145B1C0B60D05CB5EB901FD3
:10FE100001D0002078BD00F03F0004445B1C0B6063
:10FE200001E05B1C0B60204678BD0000F8B507467A
:10FE30000C4600252068401E20600D4E042D01D385
:10FE40000020F8BD206831683844884718B9216817
:10FE500061B1491E21606D1CEDB20028EED0206812
:10FE600000907268694638469047F8BD0020F8BD9A
:10FE7000FC0100200078010601D401207047062112
:10FE8000B1EB501F01D1022070470E21B1EB101FC2
:10FE900001D1032070471E21B1EBD00F01D1042006
:10FEA00070470020704700001FB582B00C460599CE
:10FEB00000911346014622460248E4F71DFF06B0B2
:10FEC00010BD00007D4C00081C220149E0F7CCBBAE
:10FED00094F10020E1F776FC4FF4E01003F0FCFD14
:10FEE0004820E7F7E1F94FF47A70E7F7FDF94FF4AE
:10FEF000E13002F053F9E5F779F9E2F7FFFEF7F7A1
:10FF000009FAFCF74DFDFCF76FFDF8F789F9EDF7FD
:10FF100027FBFEE770B505460E468022314628468F
:10FF2000F1F71CFC044680212846F1F7D8F8002C94
:10FF300006D031462846BDE870408022F1F71CBC4F
:10FF400070BD00002DE9FF4F85B00546DDF85080FB
:10FF5000169C0F461E463846F0F736FE8146384658
:10FF6000F0F7EDFD0490012C0AD0022C0AD0032CEE
:10FF70002ED12F4FB8F1000F06D04FF0000A53E0FA
:10FF80002C4FF7E72C4FF5E74FF0000A1DE0002457
:10FF900011E005EB4408139AB8F80000029006EB54
:10FFA0004400029900880190B8470390BDF80C0006
:10FFB000A8F80000641C4C45EBDB079805EB4005F6
:10FFC000129806EB40060AF1010A04988245DEDB2E
:10FFD00009B0BDE8F08F00241AE018F80400B0B1B1
:10FFE000FD2801D3139A02E013994843020A05EB56
:10FFF000440BBBF80000029006EB44000299008815
:020000040802F0
:100000000190B8470390BDF80C00ABF80000641CE9
:100010004C45E2DB079805EB4005129806EB4006DD
:10002000159880440AF1010A04988245D3DBCFE792
:10003000396D0008B56C0008B56D00082DE9FF4F5B
:1000400089B00646DDE917780C461D462046F0F7D4
:10005000BBFD81462046F0F772FD8346B8F1000FE4
:1000600007D0FD2F7DD9A9F1040004900020059050
:100070002BE1FD2F14D300244FEA49070BE03A4649
:1000800029463046F8F7D7FA0B9806EB4006169843
:1000900005EB4005641C5C45F1DB0DB0BDE8F08F5D
:1000A0004FF0000A1EE0002412E006EB44083A4636
:1000B000B8F80000039005EB440003990088029013
:1000C000F2F764F80490BDF81000A8F80000641C72
:1000D0004C45EADB0B9806EB4006169805EB40050D
:1000E0000AF1010ADA45DEDBD7E74746002416E0CD
:1000F0003A7892B1FF2A17D006EB440ABAF800000A
:10010000029005EB4400029900880190F2F73EF856
:100110000390BDF80C00AAF800007F1C641C4C453D
:100120006FDAB807E4D16CE005EB440106EB44005C
:1001300009880180F1E73868F0B3401C65D03A784F
:10014000A2B1FF2A7ED006EB440ABAF80000029062
:1001500005EB4400029900880190F2F717F803902C
:1001600000E0BEE0BDF80C00AAF80000BA461AF89C
:10017000012FA2B1FF2A6CD0601C014606EB4000A3
:1001800008900088029005EB4100029900880190D8
:10019000F1F7FCFF03900898BDF80C1001801AF8E5
:1001A000012FB2B1FF2A5CD0A01C014606EB400033
:1001B00007900088029000E021E005EB41000299E1
:1001C00000880190F1F7E2FF03900798BDF80C104A
:1001D00001809AF8012092B1FF2A4AD0E01C06EB78
:1001E000400A05EB4000BAF8001002910088019027
:1001F000F1F7CCFF0390BDF80C00AAF800003F1DFA
:10020000241D0498844296DB52E005EB440106EB82
:10021000440009880180601C06EB400105EB4000AA
:1002200000880880A01C06EB400105EB4000008818
:100230000880E01C06EB400105EB400000880880C8
:10024000DDE7FFE705EB440106EB44000988018088
:100250008CE7601C06EB400105EB4000008808803D
:100260009DE7A01C06EB400105EB400000880880DC
:10027000AFE7E01C06EB400105EB4000008808807A
:10028000BDE73A7892B1FF2A24D006EB440ABAF8C7
:100290000000029005EB4400029900880190F1F7FC
:1002A00075FF0390BDF80C00AAF800007F1C641CC9
:1002B0004C45E6DB0B9806EB4006169805EB40052F
:1002C000199880440598401C059005985845FFF6FC
:1002D0000CAFE2E605EB440106EB4400098801801F
:1002E000E4E74FF0000A28E000241AE018F80400C0
:1002F000B0B1FD2801D33A4601E07843020A06EB8B
:10030000440006900088039005EB440003990088A0
:100310000290F1F73BFF04900698BDF810100180A1
:10032000641C4C45E2DB0B9806EB4006169805EB87
:100330004005199880440AF1010ADA45D4DBACE69D
:100340002DE9FF4F85B00E46DDE913AB1D46E4F7FE
:1003500011FA80463046F0F737FC81463046F0F718
:10036000EEFB0490BBF1000F01D000274AE000270C
:100370001DE0002415E005EB4400CDF808A000883E
:10038000ADF804007088079A384400B200903088B5
:100390000599204403B2D8F80000D0F81CC0E0470B
:1003A000641C4C45E7DB129805EB40057F1C049864
:1003B0008742DEDB09B0BDE8F08F00241AE01BF8AD
:1003C0000400B0B100FB0AF0000A029005EB440003
:1003D000079A0088ADF804007088384400B2009095
:1003E00030880599204403B2D8F80000D0F81CC02A
:1003F000E047641C4C45E2DB15988344129805EBFA
:1004000040057F1C04988742D7DBD3E770B50446CC
:100410000D461646802C05D20020E11704EB9171A1
:100420008B1007E0204604F050FB411FCC4084F0C5
:100430002003801F2860336070BD70B504460D46F0
:100440001646802C07D3204604F03FFB431F0120B3
:100450009840401E0444324629462046BDE870407C
:10046000FFF7D4BFFD2902D2022901D8002070472E
:10047000484300EBC01101EBC030C0F3C7507047D8
:10048000F8B5FCF791FFF8F72FFF984CA062102108
:10049000F8F78DFE4FF48C72F021A06AFBF7EAFFAB
:1004A000A06AF5F769FE064691493046F6F7B5FCB5
:1004B00000231A4609213046F8F7B6FAA06AF5F784
:1004C0005BFE20628B49F6F7A8FC4FF47F073846A5
:1004D000F1F7F1FC014600900022206AFCF726F9B2
:1004E00000229621206AFCF72DF906220521206AB8
:1004F000F6F719FC00206FF0540500902B460922F6
:100500003146206AF8F79FFA40F6B831206AF6F7CC
:100510008DFB3046F6F766FFE06377A1F7F714FE30
:1005200023232A460921E06BF8F77EFA3046F6F7D6
:1005300059FFE06300227249FCF73FF9002271A1E4
:10054000E06BF7F701FE00232A460921E06BF8F77C
:100550006BFAA06AF5F710FE60626649F6F75DFC7B
:100560003846F1F7A8FC014600900022606AFCF7CB
:10057000DDF800229621606AFCF7E4F806220521E6
:10058000606AF6F7D0FB6FF08E000090E12309223D
:100590003146606AF8F757FA40F2D661606AF6F7BA
:1005A00045FB3046F6F71EFF206457A1F7F7CCFD58
:1005B0006B1D5A220921206CF8F736FA3046F6F7FF
:1005C00011FF206400225149FCF7F7F86FF068032F
:1005D0005A220921206CF8F727FA002249A1206C41
:1005E000F7F7B2FDA06AF6F7FDFEE0612B466FF06B
:1005F00009020621F8F718FA632245A1E069F7F726
:10060000A3FDA06AF0F7C8FBA06164220021F0F707
:100610006DFC00226321A069F0F7B7FC3C22232186
:10062000A069FBF727FF00220521A069FCF7ADF8C0
:100630004FF400352A460521A069FCF7A6F83220C0
:100640000090D4E9060100230922F8F7FCF96FF0C5
:100650007F463046F1F72FFC014600902A46A069FC
:10066000FCF725F800220421A069FCF788F8304641
:10067000F1F721FC014600900022A069FCF773F815
:10068000A06AF6F7AFFE606400231A460521F8F76A
:10069000CBF921A1606CF7F71FFD00230E22204942
:1006A000606CF8F7F4F8A06AF6F79CFEA0640022EC
:1006B0001649FCF782F86FF0220300220521A06C96
:1006C000F8F7B2F917A1A06CF7F706FD00230D2289
:1006D0001349A06CF8F7DBF8A06C01B00023BDE86B
:1006E000F04007220E49F8F7D2B800003802002087
:1006F000E49D040890B204084B4D2F480000000010
:10070000C89002082564000052504D004CB5040802
:100710002564252500000000452D42494B45000079
:1007200021570008530000002DE9FE4FFCF73CFE66
:10073000F8F7DAFDFE4CE0624FF48C752A46F021A2
:10074000FBF798FE4FF480320021E06AFBF77EFB56
:100750003C220121E06AFEF7E3F8A0632A46F0217B
:10076000FBF788FEA06BF8F771FCF248F1F7A3FBEA
:1007700002900020F1F79FFB0190FF200090DDE93F
:1007800001120123A06B04F01FFB0022EA49A06BB9
:10079000FCF713F8E9A1A06BFDF786FFA065E9A1BE
:1007A000A06BFDF781FFE065E8A1A06BFDF77CFF82
:1007B0002066E8A1A06BFDF777FF6066A06BFEF7EF
:1007C0000FF9A066A06BFEF710F9E06400230D227C
:1007D000E249F8F75CF800230722E049E06CF8F7FB
:1007E00056F800221421E06CFBF7CFFF00224B21CA
:1007F000E06CFBF779FFDA4E00213246E06CFBF744
:10080000BEFFD84D2846F1F756FB0146029032460E
:10081000E06CFBF74CFF32466421E06CFBF764FFB1
:10082000A06DF6F7DFFD0746CFA13846F7F754FC79
:100830006FF027060023324602213846F8F7F4F815
:10084000A06DF6F7CFFD0746C9A13846F7F744FC7F
:1008500000231A4602213846F8F7E6F8A06DF6F7AD
:10086000C1FD0746C4A13846F7F736FC002328220D
:1008700002213846F8F7D8F8A06DFCF7CBFD2067C9
:10088000A06DFCF7C7FD6067A06DFCF7C3FDA06716
:1008900000231C22BA49206FF7F7F9FF00231C221E
:1008A000B749606FF7F7F3FF00231C22B449A06F2C
:1008B000F7F7EDFF28216422206FF0F717FB0021E6
:1008C0001922606FF0F712FB28216422A06FF0F765
:1008D0000DFB96220A21206FFBF7CCFD96220A2100
:1008E000606FFBF7C7FD96220A21A06FFBF7C2FDE0
:1008F000002332460921206FF8F796F800231A46A4
:100900000921606FF8F790F8002328220921A06FD1
:10091000F8F78AF89B4F3846F1F7CDFA0146029076
:100920004FF40032206FFBF7C2FE2846F1F7C3FAFE
:10093000014602904FF40032206FFBF7C4FE4FF4E3
:1009400000320121206FFBF7CAFE6FF07F4840465E
:10095000F1F7B1FADFF83092014602904A46206F73
:10096000FBF7A5FE3846F1F7A6FA014602904FF4D0
:100970000032606FFBF79BFE2846F1F79CFA0146B8
:1009800002904FF40032606FFBF79DFE4FF400328F
:100990000121606FFBF7A3FE4046F1F78CFA014698
:1009A00002904A46606FFBF782FE3846F1F783FA01
:1009B000014602904FF40032A06FFBF778FE284604
:1009C000F1F779FA014602904FF40032A06FFBF77D
:1009D0007AFE4FF400320121A06FFBF780FE404603
:1009E000F1F769FA014602904A46A06FFBF75FFEF5
:1009F000E06DFDF7A3FBE0660421F8F7D8FB4FF4A8
:100A0000A0252A460021E06EFBF76EFE002264213D
:100A1000E06EFBF769FE2A460021E06EFBF769FEF7
:100A200000220121E06EFBF764FE5848F1F743FA1B
:100A3000014602900022E06EFBF739FE50220021B1
:100A4000E06EFDF7DFFD78220121E06EFDF7DAFDB3
:100A5000E06EF8F7FBFA00224DA31146E06EFDF7B9
:100A600085FC4DA300220121E06EFDF77FFC4CA325
:100A700000220221E06EFDF779FC4BA30022032146
:100A8000E06EFDF773FC002500954AA3012229467C
:100A9000E06EFDF7ADFC0122009546A31146E06E25
:100AA000FDF7A6FC009543A301220221E06EFDF7AD
:100AB0009FFC00953FA301220321E06EFDF798FC07
:100AC000206EF6F78FFC06463BA13046F7F704FB95
:100AD0000523002201213046F7F7A6FF206EFDF71F
:100AE00045FAE06714222821FBF7C4FC6FF0090ADD
:100AF000052352460321E06FF7F796FF3846F1F7DA
:100B0000DAF94FF4403B014602905A46E06FFBF79A
:100B1000CEFD4046F1F7CFF9014602904A46E06F1C
:100B2000FBF7C5FD00231C221549E06F54E00000CF
:100B30003802002078032800EC8B0208E58AA8E53B
:100B40008A9B0000E4BFA1E681AF0000E781AFE52A
:100B500085890000E8BF94E59B9E000021570008AE
:100B600004000500F3962100E58AA9E58A9B0000B0
:100B7000E887AAE58AA80000E7BAAFE794B50000C5
:100B80009D270208F0072000040003007E511A0090
:100B9000E794B5E58E8B0000E6B8A9E5BAA600009B
:100BA000E794B5E6B5810000E680BBE9878CE7A84D
:100BB0008B00000025640000E9809FE5BAA6E68E60
:100BC000A7E588B6200D0AE887AAE58AA8E781AFDD
:100BD000E58589200D0A0000F7F759FE206EFDF724
:100BE000C5F904F18006306014222821FBF742FC8D
:100BF0002323524603213068F7F716FF3846F1F7F2
:100C00005AF9014602905A463068FBF750FD4046BB
:100C1000F1F751F9014602904A463068FBF747FD6B
:100C200000231C2226493068F7F731FE206EEFF7CB
:100C300061FB206300220821FBF733FD4FF40032F3
:100C40000821206BFBF72DFD14220021206BEFF70C
:100C5000A0FE1E2300220921206BF7F7E5FE404687
:100C6000F1F729F9014602904A46206BFBF71FFD78
:100C700000231C221249206BF7F709FE206EF6F7BD
:100C8000B1FB6063009500230922216BF7F7DBFEBF
:100C900000220C49606BFBF790FD206EF6F7A2FB7B
:100CA000054609A12846F7F717FA1E2100910023EF
:100CB00009222846216BF7F7C6FEBDE8FE8F00002B
:100CC0009D2702084CB50408E781B5E6958FE5BA83
:100CD000A600000070B50446094D6868002809D0D8
:100CE00054B12046ECF72EFDA9682044884200D379
:100CF000002070BD002070BD0248006870BD00007B
:100D00004C010020D801002007B5002904D000685C
:100D1000091D0844029901600EBD07B5002903D0E2
:100D200000680844029901600EBD2DE9F0410446B7
:100D3000002221212046F4F76FFB00287DD00021FE
:100D40002046F8F7DFFE05E0FFF7EFFF0021204621
:100D5000F8F7D8FE0028F7D12046F8F7AFFF07468E
:100D60000020F6F767F9054600261CE0686AA042F5
:100D700002D0A86AA04203D121462846F6F714FA09
:100D8000286BA04200D12E63286DB84207D1F6F738
:100D90005DF9A04203D121462846F6F705FA284618
:100DA000F6F748F90546002DE0D12046E3F7D9FAD9
:100DB000606818B12046F8F78EFF2AE02046F8F761
:100DC0004BFF05460022696AE86804E050F82230CB
:100DD000A3420AD0521C9142F8D806E0E868511CA0
:100DE00050F8211040F82210521C686A401E9042B0
:100DF000F4D8686A401E68628100E868F7F7EEFB85
:100E0000E8601CE00968421C51F8222041F82020CB
:100E1000401C616889684A68521E8242F2D8606844
:100E200080684068401E486061688A688100106878
:100E3000F7F7D4FB6168896800E005E008602046A8
:100E4000BDE8F041F7F782BBBDE8F0810844704788
:100E5000F0B5DDE90545012B06DC032803D00428A5
:100E600001D0052800D10220891A00260AB20628DE
:100E70002DD2DFE800F02C0B032316102E8001EB9F
:100E8000D170218801EB60002080F0BD2E80208889
:100E900008442080F0BD5B1E18B292FBF0F0288061
:100EA000F0BD92FBF3F02988084400B22880218825
:100EB00000EBD07001EB60002080F0BD5B1C18B22D
:100EC00092FBF0F02880218808442080F0BD2E801D
:100ED000F0BD2DE9F05F05460C46501E002B0AD0F0
:100EE0002188A1EB620121800844A080E88A60800B
:100EF000688BE08009E06188A1EB620161800844B1
:100F0000E080A88A2080288BA0804FF4403B59467F
:100F10002846F9F7A0FD074659462846F9F7E8FDA7
:100F2000804659462846F9F745FE814659462846E7
:100F3000F9F72FFD824659462846F9F74EFF064637
:100F400059462846F9F73BFF2188BA19891A2180AA
:100F5000A18808EB06021144A180618809EB000218
:100F6000891A6180E18850440844E080BDE8F09F20
:100F700070B504462046ECF707FE0546002D1ED04E
:100F80002846F8F7A2FE06462046F8F726FE8642D7
:100F900015DD00212846F9F7B1FE06890021284613
:100FA000F9F7DCFE3044E18E414309B20022606A69
:100FB000FBF738F9606ABDE87040FAF70DBA70BD0A
:100FC0002DE9F04104460F46204DEE6829680020C7
:100FD00081F859002868001D04F010F838B9286815
:100FE00090F82C1001208840296981432961601CF8
:100FF00015D1A7B1164948682A68906082682B68A5
:10100000DA602A688368121D5A602A68121D82609D
:10101000286841610868401C0860BDE8F0813444DC
:1010200028684460B44206D22968E86B091DBDE80F
:10103000F04104F011B82968A86B091D04F00CF800
:10104000A86A8442E9D2AC62E7E700009000002081
:10105000681A002070B5044604F022F8254DA868EF
:10106000401CA860286810B1686938B10CE02C6099
:10107000A868012808D100F0C9F905E02868E16AEC
:10108000C06A884200D82C60686A401C686260644C
:10109000E06A01212A69814011432961164A00EB67
:1010A000800002EB80004068A0608168E160836896
:1010B000211D59608160E06A00EB800002EB800135
:1010C000616152F82010491C42F8201004F02AF8FF
:1010D000686900280CD02868E16AC06A884207D293
:1010E00006494FF080500860BFF34F8FBFF36F8FFA
:1010F00070BD0000900000209817002004ED00E073
:1011000010B503F0CDFF0E4C2068A0B90D4803F0D8
:1011100095FF0C48143003F091FF0A48E06014304A
:10112000206100221021052004F092FE206010B101
:1011300005A104F09BF8BDE8104003F0F3BF0000E8
:10114000D00000207C1A0020546D72510000000075
:1011500070B50C4D0C4E11E003F0A2FFF068C468AE
:10116000201D03F04BFFA868401EA8606868401E61
:10117000686003F0D7FF204600F053F86868002845
:10118000EAD170BD90000020541A002030B40B4604
:10119000026C002A0CD0C1681144C1608468A1426D
:1011A00001D30168C160C16830BC1846DFF717BAC7
:1011B00030BC70472DE9F041044617460026A56B68
:1011C000226C002A10D0C7B1E068DFF708FAE168A6
:1011D000206C091AE1602268914202D2A168081AC3
:1011E000E060022F16D017E02068A8B9A06805F0CB
:1011F000FBFA06460020A0600EE06068DFF7EFF91A
:10120000216C606808446060A168884204D320684B
:10121000606001E005B16D1E6D1CA5633046BDE840
:10122000F08110B50446206B03F0B6FF2046BDE800
:10123000104003F0B1BF416A002904D0006B006880
:10124000C0F1200070470020704700000749CA68BD
:101250001168002904D00021016019B100207047F5
:101260000121F9E7D068006870470000D000002035
:101270004FF460510F48420706D0C01D20F0070010
:101280000C49411AC1F560510B4A106000235360AC
:101290000144083921F00701183A11604B600B60D6
:1012A0000B1A436001604068906050604FF000404E
:1012B00050617047A41A0020FC000020074E4FF038
:1012C0008054074DFFF744FF30680128FAD92C609D
:1012D000BFF34F8FBFF36F8FF4E700009817002024
:1012E00004ED00E0002808D0002181600160C160A9
:1012F00000231A46194604F061BE704770B51D46BA
:10130000049C00290BD02260E06321640121204667
:1013100004F0E0FD84F850500020A06470BD24600B
:10132000F2E700002DE9F05FDDE90A590C9C8246E6
:101330000E4617469B46B900A522206BDFF7C6F97B
:10134000206B7F1E00EB870020F007085FEA4870E3
:1013500005D04FF4587220A128A0DFF757F80027D6
:1013600066B100202218315C82F83410315C11B172
:10137000401C1028F6D384F8437001E084F83470E0
:10138000202D05D340F2973213A11CA0DFF73EF8C1
:10139000202D00D31F25E562E5642765201D03F09D
:1013A00058FE04F1180003F054FE2461C5F120003A
:1013B000A0616462676584F8587084F859705A4671
:1013C0005146404600F0C6FB2060B9F1000F01D045
:1013D000C9F80040BDE8F09F2E2E5C2E2E5C4D69B2
:1013E00064646C6577617265735C467265655254BE
:1013F0004F535C7461736B732E6300004572726FA0
:10140000723A2025732C2025640D0A0070B5002443
:10141000114D04EB840005EB800003F00FFE641C0B
:10142000202CF6D30D4803F009FE0C48143003F0CD
:1014300005FE0A48283003F001FE08483C3003F05E
:10144000FDFD0648503003F0F9FD0548034981636E
:101450001431C16370BD000098170020181A0020D5
:101460009000002030B5134900E011460A6882421E
:10147000FBD34B685C18844203D140681844486031
:1014800008460D6844682318AB420DD1094B183B40
:101490001B689A4206D05268224442600A68126869
:1014A000026002E0036000E00260814200D0086058
:1014B00030BD0000FC00002070B5002441600061D8
:1014C0000C4D91420AD8D11A8269914201D301246C
:1014D0000EE0011D286903F0BFFD09E09A4203D226
:1014E000994201D3012403E0011DE86803F0B4FD33
:1014F000204670BDD000002010B5044603F0D0FD9A
:10150000A06B20B1002403F00DFE204610BD012485
:10151000F9E710B5044603F0C3FDA06BE16B884208
:1015200001D1012400E0002403F0FCFD204610BDA1
:10153000F1B50098846C0026002C05D140F6D53218
:1015400019A122A0DEF762FFA06BE16B884205D3F0
:1015500040F6D63214A11DA0DEF758FFA06BE16B58
:1015600088421ED294F94550002269462046FFF772
:1015700021FE0646681C02D07F2D09D00EE0606A6D
:1015800078B104F1240005F0FBF950B1012608E020
:1015900040F6F63204A10DA0DEF738FF6D1C84F88A
:1015A00045503046F8BD00002E2E5C2E2E5C4D6955
:1015B00064646C6577617265735C467265655254EC
:1015C0004F535C71756575652E6300004572726FCF
:1015D000723A2025732C2025640D0A0070B505464B
:1015E0000E460D48C068C068C468201D03F006FDA3
:1015F00094F82800410705D532462946204600F0D8
:10160000D7F803E000F0FE0084F828002046216AA5
:10161000BDE8704008470000D000002070B586B0DB
:101620003A4E6AE00298002803DADDE903200599C2
:1016300090470298002860DB049C606910B1201D6F
:1016400003F0DCFC01A800F0D7F8054602980A2850
:1016500053D2DFE800F0520505292F460505292F52
:1016600094F8280040F0010084F828000398A1694C
:10167000034601442A462046FFF71EFF00283CD0BF
:1016800094F82800410707D50398A1692A46014428
:10169000204600F08DF803E000F0FE0084F82800FA
:1016A000216A2046884728E014F8280F00F0FE0041
:1016B000207022E094F8280040F0010084F828000F
:1016C0000398A06128B940F2593211A119A0DEF7A0
:1016D0009DFEA0692B4641192A462046FFF7ECFEE5
:1016E0000BE094F82800810703D4204603F054FD52
:1016F00003E000F0FE0084F82800002202A9306810
:1017000004F032FD00288DD106B070BDD00000205D
:101710002E2E5C2E2E5C4D6964646C65776172655B
:10172000735C4672656552544F535C74696D6572A3
:10173000732E63004572726F723A2025732C202538
:10174000640D0A00F8B506460D4604F0C3F8684675
:1017500000F052F80446009810B105F099F9F8BD70
:1017600045B9A64206D805F093F921463046FFF761
:1017700035FFF8BD0C481DB10169096891B100251C
:10178000311B2A46006803F0B1FD05F081F90028FD
:10179000EFD106494FF080500860BFF34F8FBFF381
:1017A0006F8FF8BD0125EBE7D000002004ED00E0CD
:1017B00070B505460C46164604E0A8690444296A3B
:1017C00028468847A8692346011932462846FFF76C
:1017D00073FE0028F1D170BD0648816B09680029AD
:1017E00004D0816BC9680968816270474FF0FF318E
:1017F000816270479000002070B5054604F03EFFFE
:101800000446074EB068844204D200F00BF8012071
:10181000286001E000202860B460204670BD000010
:10182000D000002070B5094C4FF0FF3504E0C068CF
:1018300000682946FFF7D2FEE0680268002AF6D168
:10184000E0682169E160206170BD0000D0000020E7
:1018500008484068401C04D0CE2207A114A0DEF73F
:10186000D5FD502080F31188BFF34F8FBFF36F8FEA
:10187000FEE70000040100202E2E5C2E2E5C4D6938
:1018800064646C6577617265735C46726565525419
:101890004F535C706F727461626C655C5256445356
:1018A0005C41524D5F434D335C706F72742E630028
:1018B0004572726F723A2025732C2025640D0A0040
:1018C00003460020002A03D0994300D1012070472D
:1018D0000B42FCD00120704708B56846FFF7B6FC04
:1018E0000099FFF72FFFFFF799FEF6E72DE9F0418A
:1018F000044603F0D5FB94F9455004F1240612E0A8
:10190000A06C30B12046FFF713FE50B103F0CCFDC0
:1019100007E0606A48B1304605F032F808B103F0DC
:10192000C3FD6D1E6DB2002DEADC4FF0FF3684F86A
:10193000456003F0F7FB03F0B3FB94F9445004F166
:10194000100709E0206948B1384605F019F808B1D8
:1019500003F0AAFD6D1E6DB2002DF3DC84F8446027
:10196000BDE8F04103F0DEBB2DE9F041044600265E
:1019700003F0B0FF364F386808B9FFF779FC786993
:10198000044258D1BCB104F10805A54213D9680737
:1019900012D005F00700C0F108002844A84208D979
:1019A0000546680708D09C222AA138A0DEF72EFD44
:1019B00002E0002500E00025002D3CD0786885423B
:1019C00039D8234918310846046801E02146044605
:1019D0006068A84202D220680028F7D138688442A3
:1019E00029D00E680836206808606068401B1028FF
:1019F00011D904EB05085FEA487004D0CF2215A185
:101A000022A0DEF703FD6068401BC8F80400656093
:101A10004046FFF727FD61687868401A7860BA6829
:101A2000904200D2B8607869014361600020206074
:101A3000F868401CF86005F02BF8700705D04FF4EB
:101A4000887204A111A0DEF7E1FC3046BDE8F08108
:101A5000E40000202E2E5C2E2E5C4D6964646C65C3
:101A600077617265735C4672656552544F535C7062
:101A70006F727461626C655C4D656D4D616E675C23
:101A8000686561705F342E63000000004572726FFC
:101A9000723A2025732C2025640D0A000449086839
:101AA000002803D00868026D521C02650868704760
:101AB000900000202DE9FF47064696F85C0040079D
:101AC0003BD5706AF5F738FF1D4909688847054618
:101AD000280032D000213046F9F720F9002342F2E5
:101AE00022026946F3F70BFD10B10FF2580901E02D
:101AF0000FF254094846DEF753FD074605FB07F091
:101B0000401CF6F7C3FC8046002406E004FB078077
:101B10003A464946F6F78FFD641CAC42F6DB0020DE
:101B20007C4308F804004146706AF6F7D5FA40464F
:101B3000F6F7FAFC304600F01BF8BDE8FF8700001E
:101B400014020020E280A2002A0000007047006812
:101B5000FFF7B0BF20384FF08073C36121F001015F
:101B600081610249416140F82029704751180208FB
:101B70002DE9F04F89B0044600212046F9F7CEF850
:101B8000089000212046F9F705F907902046FDF757
:101B900063FA0690606AF5F7CFFE82467D4A5046AA
:101BA0000699126890470746DFF8ECB10AEB07097F
:101BB0000021DBF800204846904705460898B0F918
:101BC0000880002D7ED00A2DFCD00D2DFAD00022E9
:101BD00029460898F3F708FD06B205AA606A069937
:101BE000F5F7C6FD606AF5F7A7FE02460021606AB8
:101BF000F7F712FA0146606ABDF91420B0F9143003
:101C0000B0F918001A443244824228DD94F85C008E
:101C1000000724D4032922D00020ADF8140007982F
:101C2000BDF8161040440844ADF816005DB15B499C
:101C30004846096888470744DBF800200AEB07009C
:101C4000002190470546002D7DD00A2D7BD00D2D1B
:101C500079D0002229460898F3F7C6FC06B2E7645B
:101C60004FF4E02B59462046F8F7F4FD0546594657
:101C70002046F8F7B4FF4719204641F611025946AD
:101C8000F8F7B4FF00EB050959462046F8F7F8FECF
:101C900000EB050A204641F613025946F8F7A6FF65
:101CA0004219BDF81400A0EB0A01ADF80C10BDF804
:101CB0001610CB1BADF80E301044761E3044ADF834
:101CC000100000E057E001EB0900A8F101084044D2
:101CD000ADF8120004F144010D4601A8EEF71AFF19
:101CE000606ABDF80410828A0A44ADF80420BDF889
:101CF0000610C08A0844ADF80600606ABDF80810F6
:101D0000808A0844ADF80800606ABDF80A10C08AED
:101D10000844ADF80A0001A92046F9F792FB03A98F
:101D20002846EEF7F7FE294601A8EEF7F3FE606AB3
:101D3000BDF80410828A1144ADF80410BDF80610F5
:101D4000C08A084400E01DE0ADF80600606ABDF8F6
:101D50000810808A0844ADF80800606ABDF80A10CF
:101D6000C08A0844ADF80A0001A92046F9F769FBCA
:101D700009B0BDE8F08F002220210898F3F734FC69
:101D800006B22AE7002220210898F3F72DFC06B2BC
:101D900065E700000402002000020020FC01002092
:101DA0002DE9F04790B0814688464846EBF7F4FEAF
:101DB0000546280072D0F5F7BFFD024600212846EF
:101DC000F7F72AF9012821D0022802D0032821D1CF
:101DD0000FE04846F7F71CFF04462846F9F735F8A8
:101DE000201A00EBD070401001B22846FAF714FD1B
:101DF00010E04846F7F70CFF04462846F9F725F8A7
:101E0000201A01B22846FAF707FD03E00021284610
:101E1000FAF702FD00214846F8F778FF0446002152
:101E20004846F8F7A9FF8246B4F908604846F7F734
:101E3000D4FE0746484600216522F8F7D7FE0F90EA
:101E400084B2B8F1000F00D014B94846EDF726F976
:101E5000B9F8261006EB0A00484307EBD771491082
:101E600006EBD672A1EB6201081A06B2B8F1000FB8
:101E700017D0B4B16846EEF76BF900950E480190A3
:101E80002846F8F7E5FF0790089009960A940B4852
:101E900003900B4806906846EEF7B8F910B0BDE81D
:101EA000F08705492846EEF70FF910B0314628466D
:101EB000BDE8F047FAF7C7BC452802082722020808
:101EC000850101082DE9F04F89B006460C464FF414
:101ED000A02529463046F8F7CCFD804629463046F5
:101EE000F8F714FE814629463046F8F771FE82461F
:101EF00029463046F8F75BFD834629463046F8F719
:101F00001FFF089029463046F8F73DFF0790294605
:101F10003046F8F7FFFE069029463046F8F7DEFC1B
:101F2000074629463046F8F7D2FC05461DE001A8D1
:101F3000A1B2A0E8000F079800903046089B069ACF
:101F4000ECF72EF8F16A21F81400F26AA84201DADF
:101F5000014600E02946B94201DA384602E0A842CB
:101F600000DB284622F81400641CF08CA042DED866
:101F700009B03046BDE8F04FF9F7EBBE2DE9F0416E
:101F800007463846F7F7D4FD0646002412E0B86845
:101F9000006850F824502846F9F71EFA00222A213A
:101FA0002846F3F739FA2846F9F716FA2846FFF7D4
:101FB000E5FF641CB442EAD3BDE8F0812DE9FE4F91
:101FC00006463046EBF7E8FD054628000AD0F5F74F
:101FD00023F807463846F5F774F8042805D0022898
:101FE00003D012E00120BDE8FE8FF28C3285042878
:101FF0000BD13046F7F762FE04462046F3F784FE25
:1020000018B100212046F3F72DFF3846F5F759F8AF
:10201000012804D03846F5F754F8032864D1B06A93
:10202000800330D4002401A93846F5F715F8BDF82F
:102030000600E98A401AADF80600BDF80400A98A36
:10204000401AADF8040001A92846F5F795FA804634
:102050002846F5F771FC82460020009000270025F5
:10206000DFF894900CE0D9F800206946504690477C
:102070000A2803D1474501D0641C24B2009F6D1C7F
:102080004545F0D329E000213046F8F73FFE0446ED
:1020900000213046F8F770FE2189084404B2B6F9F1
:1020A0001A10B6F91600091A01EBD17100EB6100A4
:1020B0000FFA80F80C213846F5F7CDF8E98A084484
:1020C00000B2A8EB000090FBF4F0002800DA00203A
:1020D000B18C814200DC481E04B2002C04DBA1B2AA
:1020E00001223046FBF745F9F08C029002AA1C2130
:1020F0003046F3F791F976E70002002070B5CD681D
:102100008C68002D1CD0E4B1E560AC6000EBC2151A
:1021100005EB8305AE6B8E4211D1AC6384420ED1C8
:1021200000EB82040126616906FA03F5A9436161A7
:10213000002904D1016906FA02F5A943016170BDC5
:10214000FEE7FEE72DE9F04106460D460022688CC9
:10215000C0F3C5000EE026B1E96851F83210B14273
:1021600007D14FF6FF724FF470212846F9F70AFEA7
:1021700002E0521C9042EED82846F7F7D9FC0746F9
:10218000002407E0A868006850F824103046FFF7E4
:10219000D9FF641CBC42F5D3BDE8F08130B585B0F1
:1021A00004460F49886940F008028A61886900F096
:1021B000080000902020019001210291039103204A
:1021C0000490084D01A92846DFF7D6F90022202106
:1021D0002846DFF7E2FA204602F0E2FE05B030BD05
:1021E00000100240000C014070B505460E4602F09A
:1021F00057FF094C012220212046DFF7CEFA314655
:10220000284602F0E9FE002220212046DFF7C5FA29
:10221000BDE8704002F086BF000C0140002200685B
:102220000A21F3F7F9B810B50068F7F790FDBDE89B
:102230001040ECF733BF00002DE9FF4F87B00D468B
:1022400090462846F7F783FD064610213046F8F7FA
:1022500028FE002870D03046F7F7DAFD81460024CA
:102260003046F7F7CAFE059014350598069508B173
:10227000069D00E0079D00213046F8F7D6FA824619
:1022800000213046F8F76CFC504407B2002130467C
:10229000F8F75CFB504401B20491F08A6988384435
:1022A000411AB8F80200091A0FFA81FB728B0499DF
:1022B000511AEA88891A401A00B203903046F7F79B
:1022C00004FD0499C01B401A00B20290BBF1000F3C
:1022D00002DB0398002816DABBF1000F07DD5C462D
:1022E0003046F7F793FE001B0DD500240BE0039852
:1022F000002808DD0398404204B23046F7F736FD67
:10230000E04200D500240598012804D002280AD014
:10231000032826D111E0F08A384469882144401A04
:10232000204404B21DE0718B0498081AE988214406
:10233000401A204404B214E0D1E00298F18A00EB84
:10234000D07007EB60004218E8886988401A401C8A
:1023500000B200EBD07004EB60000844101A204477
:1023600004B200253046F7F73FFE0190019808B10E
:10237000069F00E0079F00213046F8F749FB5044D4
:102380000FFA80FB00213046F8F78FFB50440FFA1C
:1023900080FAB08A39885844401AB8F80010401AB8
:1023A00000B2328BBB88A2EB0A02D21A891A09B298
:1023B000002801DB002915DA002809DD0546304632
:1023C000F7F750FD0146481900280BDD002509E00C
:1023D000002907DD484205B23046F7F7A5FDE8427F
:1023E00000D500253046F8F730FDA0EB0B00A0EB40
:1023F0000A0001B20198012804D002280AD003285B
:1024000024D110E0B08A584439882944401A28441D
:1024100005B21BE0308BA0EB0A00B9882944401AB2
:10242000284405B212E001EBD170B18A0BEB6000D9
:102430004218B8883988401A401C00B200EBD070AE
:1024400005EB60000844101A284405B225493046BF
:10245000EDF73AFE074624493046EDF735FE0743CF
:1024600006D000220A213046F2F7D6FF012836D1E5
:102470005FEAC97002D1002D00DA00255FEA897099
:1024800002D4002D00DD00255FEA497002D4002C43
:1024900000DA00245FEA097002D4002C00DD002479
:1024A0000A98B8F90010002809D028460844A8F86E
:1024B0000000B8F9021005D14FF0000003E04FF022
:1024C0000000F3E720460844A8F802000A9B0BB07E
:1024D000224629463046BDE8F04FF9F763BD0BB000
:1024E000BDE8F08F11260208F725020870B50646F0
:1024F0000C46154654EA05001CD03046F6F784FC1D
:10250000B168088A20440882B168488A2844488211
:1025100001232A4621463046F9F71BF800220B21F9
:102520003046F2F779FF012804D13046BDE870400B
:10253000F8F752BF70BD30B5002A15D0B0F916308B
:10254000B2F900401D19B0F93240A54201DAE31A90
:102550001380B0F91630B2F900401D19B0F93640B9
:10256000A54201DDE31A1380002915D0B0F914202B
:10257000B1F90030D418B0F930309C4201DA9A1A1F
:102580000A80B0F91420B1F90030B0F934001344D6
:10259000834201DD801A088030BD70B5B0F9184063
:1025A0000025F4F739FD0068407E6421C0F1640223
:1025B00006E0281905B202FB04F090FBF1F004B22A
:1025C000002CF6D1284670BD70B5B0F91A40002530
:1025D000F4F722FD0068407E6421C0F1640206E049
:1025E000281905B202FB04F090FBF1F004B2002CB4
:1025F000F6D1284670BD10B503461846F7F70FFD13
:10260000084401B2BDE8104000221846FFF76EBF33
:1026100010B503461846F7F70BFD084402B2BDE8B3
:10262000104000211846FFF761BF2DE9FC41054627
:102630000C462046F1F7DAFB4FF480363146284647
:10264000F8F7D7F8E070022809D928463146202249
:10265000F8F7CCFA00900190BDF80400A08028465D
:1026600031463122F8F7C2FA0190C0B284F8220054
:102670000027022817D92846314641F23202F8F7DE
:10268000B5FA019000B2208400280ADD28463146C0
:102690003022F8F7ABFA00900190BDF80400E08317
:1026A00001E084F822702846314640F64502F8F7EA
:1026B0009DFA0190C0B284F8360002281FD928463E
:1026C00031464FF40462F8F791FA019000B2E085C8
:1026D000002812DD284640F643023146F8F786FA14
:1026E0000190A086284644223146F8F77FFA0090F0
:1026F0000190BDF80400A08501E084F836703146F1
:102700002846F8F7F2F8FD2809D2E1784143090A92
:10271000E1704143080A84F8220084F83600E0782A
:1027200028B994F8220010B994F8360038B131462F
:102730002846F8F7AEFA20800120BDE8FC81002091
:10274000FBE72DE9F04105460F4616463C68317817
:1027500005EB84004FF0FF33406903FA01F21040AB
:1027600000280CD1641C286903FA04F2104088B1D7
:1027700002F0A2F904463C6005EB8400406958B1C0
:1027800002F09AF9306005EBC41101EB8000806B18
:10279000BDE8F0810020FBE7FEE700002DE9F041F5
:1027A000224C00262680F2F733FE214D0127296BAB
:1027B000884209D1EEF7A1F8064632461DA1686BA2
:1027C000F5F7C2FC26812EE0296F884204D1084625
:1027D000EEF77EFBA08126E0696F884204D10846AF
:1027E000EEF776FB60811EE0A96F884204D10846AF
:1027F000EEF76EFBE08116E00D49803109688842F2
:1028000007D10121F8F759FB08B1E7800BE0E6801A
:1028100009E0E96F884206D10121F8F74EFB08B1C3
:10282000A78000E0A6802780BDE8F08194F1002019
:1028300038020020256400000187F8F7CDBD4187EC
:10284000F8F7CABD09B2F9F7FEBF2DE9FC5F0446EF
:102850000F4615464FEA67094FEA670BF80701D1A3
:10286000A9F1010960000190F5F710FE80462E469F
:102870004FF0000A601E009026E0009836F8101015
:102880007943601E002816DB28F81010002200EBA8
:102890000B03A34201DA36F813208A1AA0EB0901D0
:1028A000012901D5318802E0491E36F81110114482
:1028B000401E0028E8DA41463046019AF5F7BBFE93
:1028C00006EB44060AF1010AA245D6DB4FF47F531A
:1028D000B3FBF7F100208EB204FB04F20CE035F8F4
:1028E000101041B1994202D125F8106003E091FB2C
:1028F000F7F125F81010401C8242F0D800213DE08D
:1029000005EB41031E461A887A43002029E0002A7D
:1029100002DA4FF0000C01E04FEAA21C28F810C0C8
:10292000A0EB0B0CBCF1000F02DCB3F800C003E01D
:102930000CFB041C35F81CC0A2EB0C0C00EB0902CC
:10294000521CA24204DA02FB041235F8122004E001
:10295000009A02FB041235F812206244401C03EB7B
:102960004403A042D3DB002005E038F81020328079
:10297000401C06EB4406A042F7DB491CA142BFDB2A
:102980004046BDE8FC5FF5F7CFBD2DE9F0478AB0C2
:1029900080460E4617461D46BA4657460AEB0504C2
:1029A000414608A8EEF789F807EBD77005EB600100
:1029B00047F30002891A891EADF82410012101EBAA
:1029C0006000ADF822004046EEF704F9BDF824108F
:1029D000081AADF820004046EEF7B7F8BDF822100F
:1029E0000844ADF8260000232A4608A902A8F1F7FA
:1029F0002BF9BAF1010F01D04AF34F072046F5F742
:102A000045FD814635464FF0000835E021464846F1
:102A1000F5F713FF02A80090DDF808C023B20FFA03
:102A200088F200214846E04738B199F8000080015B
:102A300090FBF7F02880012018E061002846F5F7A8
:102A4000D4FE15E009EB000219F8001012F8012C71
:102A5000914205D1411E35F8111025F8101004E0FF
:102A6000890191FBF7F125F81010401CA042E9DB29
:102A700005EB440508F10108A045C7DB4846F5F71A
:102A800053FD02A8F0F71CFE012F14D020B23246ED
:102A900039460546FFF7D9FE0AF00100384401B275
:102AA000012927DD4FF47F5090FBF1F2002097B20F
:102AB00004FB04F318E031460020644304E036F8D8
:102AC000102092090A54401C8442F8DC0AB0BDE888
:102AD000F08736F8102032B1FF2A0FD0920192FB16
:102AE000F1F226F81020401C8342F2D832462846E4
:102AF000FFF7ABFE31460020644306E026F8107075
:102B0000F1E716F810200A54401C8442F9DCDDE796
:102B1000F0B599B006460F4615460BA8F1F766F9D1
:102B2000FF2211461046EFF7D9F90190BDF80400D5
:102B300000240290BDF80800ADF830003A460BA919
:102B40003046F1F73FF903A8F0F750FB2B463A4621
:102B500003A930460094F0F7A7F819B0F0BD0000C3
:102B600030B591B0054628464FF4E0216522F8F7CC
:102B70003DF810900446BCB101A8EDF7E9FA0195C3
:102B80000E4802900B940E940120002108900990A9
:102B90000A910B4807904FF6FF70ADF8400001A86E
:102BA000EDF734FB11B030BD04492846EDF78CFA3F
:102BB00015F8500F40F001002870F3E7296F000866
:102BC000E10101087CB502F06BFA02F073FF3D4DA4
:102BD00068600C2003F037F9A86000220821032068
:102BE00003F036F9384C206000220421032003F062
:102BF0002FF9364E3060012003F019F9E86001200A
:102C000003F015F92861A968206803F0FDF8A968A8
:102C1000306803F0F9F805F120000521CDE9001036
:102C200000234FF480722AA12B4803F087FC08246C
:102C300005F11800CDE900400023E20127A12A4850
:102C400003F07CFC05F11C000921CDE900100023F4
:102C5000802226A1294803F071FC29480023CDE9F0
:102C60000040802227A12A4803F068FC2948072158
:102C7000CDE900100023802227A12A4803F05EFC42
:102C800029480A21CDE900100023802227A12B48E2
:102C900003F054FC2A480121CDE900100023402212
:102CA00028A12C4803F04AFC40F2995403F012F892
:102CB000A042FBD3686902F07DFBBDE87C4002F0D6
:102CC00031BA0000040000206800002050000020FD
:102CD0007461736B33000000313B02087461736BE5
:102CE0005F6C6364000000001D4002087461736B38
:102CF0005F646174615F646973700000053D020880
:102D0000640000207461736B5F6164630000000005
:102D1000D53C0208540000207461736B5F667265D5
:102D200071000000E93E02085C0000207461736BD2
:102D30005F6F75745F72733438350000E9400208C4
:102D4000600000207461736B5F6F75745F6C6967FE
:102D5000687400009140020810B50446002307E0A3
:102D6000204600F008F821F81300A41C5B1C9BB25D
:102D70009342F5D310BD0088704700002DE9F04F55
:102D800085B082460F461546AAF10064B4F1005F93
:102D90003ED2DEF7DDFB4FEAD428C4F34906C6F580
:102DA0008064A54200D82C46DFF8A0B041E032187C
:102DB0003BF812208A4203D1401C80B2A042F6D3D5
:102DC000A0421CD200200190012002900490CDF876
:102DD0000C90694601A8DEF717FB002006E0821977
:102DE00037F810102BF81210401C80B2A042F6D316
:102DF00048464FF48062154900F02AF804E0224664
:102E00003946504600F024F8A54204D1DEF750FBC5
:102E100005B0BDE8F08F08F10108002607EB440774
:102E20000AEB440A281B85B24FF48064A54200D8FF
:102E30002C464FF0006000EBC82942140349484675
:102E4000FFF78AFF00204FF6FF71B7E7580F002009
:102E50002DE9F04105460E461746002409E036F8F4
:102E60001420002329460120DEF72CFBAD1C641C36
:102E7000A4B2BC42F3D3BDE8F08100002DE9FC47C9
:102E8000F94DFA4C95F82000C00707D0F848EEF746
:102E9000FFFF0090BDF80000608007E004211220D1
:102EA000F9F726FD0190BDF80400608095F8200038
:102EB000C00708D005211220F9F71AFD0090BDF8CF
:102EC0000000A08007E004211220F9F7F3FC019034
:102ED000BDF80400A08095F82000C00707D0E548A1
:102EE000EEF7D6FF0090BDF80000E08005E0EFF7B8
:102EF000DAFA0190BDF80400E08095F82000C007E0
:102F000007D0DD48EEF7C4FF0090BDF80000208137
:102F100007E002211220F9F7EBFC0190BDF8040054
:102F2000208100264620CDE90006CF485023D34A11
:102F3000D3492838FAF7E2FFCB4800965023CF4A0E
:102F4000CF4914380196FAF7D9FFE068C83000F08D
:102F5000B9FDC549E0682839C830FAF7C5FFE0680F
:102F6000D03000F0AFFDC049E0681439D030FAF736
:102F7000BBFFE068083000F0A5FD95F82000C00711
:102F800005D002211220F9F795FC019003E01220F0
:102F9000F9F7CEFC0190E06801990830FAF762FE7B
:102FA000E06847F6FF7739460830FAF764FF0721F3
:102FB000E868EFF795FA0146E0680830FAF7B9FEDD
:102FC0000521E868EFF78CFA0146E0680830FAF767
:102FD0008FFFE06866210830FAF754FEA249E068E6
:102FE00014390830FAF780FFE068103000F06AFD0D
:102FF000E068FF211030FAF745FEE06800F062FD5E
:10300000FF21E068FAF73EFE608801900146E06823
:10301000FAF728FEA08801900146E068FAF74EFF13
:10302000607801287ED002287DD00A21E868EFF779
:1030300057FA0146E068FAF7A5FE6078012873D0D8
:10304000022872D00A21E868EFF74AFA0146E068E0
:10305000FAF789FEE068183000F034FD6078012846
:103060007ED00821E868EFF73BFA0146E0681830A7
:10307000FAF701FFE068FF211830FAF703FEE08855
:1030800001900146E0681830FAF7ECFD20890190C4
:103090000146E0681830FAF7F9FD0221E868EFF719
:1030A0001FFA0146E0681830FAF703FEE0680121D4
:1030B0001830FAF7F6FDA08801900146E068183054
:1030C000FAF7FCFE607801287DD002287CD0102120
:1030D000E868EFF705FA0146E0681830FAF729FECC
:1030E0006078012871D0022870D00A21E868EFF7D3
:1030F000F7F90146E0681830FAF744FE60780128D5
:1031000065D002287ED00A21E868EFF7E9F9014688
:10311000E0681830FAF727FE1220F9F709FC01469B
:10312000019003E077E07BE07FE083E0E068183027
:10313000FAF7D0FD0121E868EFF7D2F90146E0681F
:103140001830FAF7D2FDE068A03000F0BBFC464E24
:10315000E068283EA030B16BFAF7D1FD032100E012
:103160006DE0E868EFF7BCF90146E068A030FAF7D7
:10317000DBFD0321E868EFF7B3F90146E068A03012
:10318000FAF7CDFDE0687F21A030FAF7C3FDE068D3
:10319000A83000F097FC708F01900146E068A830DD
:1031A000FAF7ADFD0321E868EFF79AF90146E06808
:1031B000A830FAF7B9FDE0687F21A830FAF7AAFD38
:1031C000E068203004E03FE043E047E05AE05EE0A2
:1031D00000F078FC6078012863D0022866D00821CE
:1031E000E868EFF77DF90146E0682030FAF743FE22
:1031F000E068FF212030FAF745FD20890190014663
:10320000E06800E048E02030FAF72CFD95F8200057
:10321000C00750D093E00E21E868EFF761F908E7A6
:103220000C21E868EFF75CF903E70E21E868EFF797
:1032300057F90BE70C21E868EFF752F906E70C2184
:10324000E868EFF74DF910E71821E868EFF748F95B
:1032500041E71421E868EFF743F93CE70E21E868FD
:10326000EFF73EF945E70000549F00208801002059
:103270001A171500302B280037322F00BB01010828
:10328000D87902080C21E868EFF72AF931E70E2116
:10329000E868EFF725F93AE70C21E868EFF720F93D
:1032A00035E71021E868EFF71BF99CE70C21E86887
:1032B000EFF716F997E71220F9F73AFB014601906C
:1032C000E0682030FAF7DBFD0020EFF70DFA00EBA5
:1032D000400050304FF4A0794FF0A008484508DB7B
:1032E0000020EFF701FA00EB4000503090FBF8F0BF
:1032F00000E0012001B2E0682030FAF7D5FDE06877
:103300007F212030FAF7CBFD0020EFF7EDF94FF0E9
:10331000500A0AEB8000484507DB0020EFF7E4F98C
:103320000AEB800090FBF8F000E0012001B2E868B1
:10333000EFF7D6F80146E0682030FAF7ABFDA08839
:1033400001900146E0682030FAF7B8FDD4F80C800F
:10335000607808F1200801287ED002287DD0102155
:10336000E868EFF7BDF8814649464046FAF700FDA8
:1033700049464046FAF701FDD4F80C90607809F10F
:10338000200901286AD0022869D00A21E868EFF7ED
:10339000A7F8804641464846FAF7F9FC41464846B8
:1033A000FAF7DCFC0521E868EFF79AF80146E068D7
:1033B0002030FAF7D8FC0521E868EFF791F80146CC
:1033C000E0682030FAF7DEFCFD48FE490860FE4860
:1033D00008310860E068583000F074FBE068F94993
:1033E0005830FAF76FFCE06823215830FAF76EFC8A
:1033F000E068603000F066FBF249E0680831603058
:10340000FAF760FCE0687F216030FAF75FFCE06863
:10341000C03000F057FBE0680121C030FAF74EFCE5
:10342000E0680121C030FAF73CFCE068803000F031
:1034300049FB607801287DD002287CD01021E86803
:10344000EFF74EF80146E0688030FAF772FC6078DA
:10345000012871D0022803E08EE292E296E29AE21D
:103460006BD01021E868EFF73BF80146E068803048
:10347000FAF788FC607801287ED002287DD01021E0
:10348000E868EFF72DF80146E0688030FAF76BFC4A
:10349000E068783000F016FB607801286ED00228D2
:1034A0006DD00A21E868EFF71BF80146E068783034
:1034B000FAF73FFCD4F80C80607808F1780801280E
:1034C0007ED002287DD00A21E868EFF709F881460E
:1034D00049464046FAF756FC49464046FAF743FC4F
:1034E000E068883000F0EEFA0A21E868EEF7F8FFAD
:1034F0000146E0688830FAF745FC0A21E868EEF7F3
:10350000EFFF0146E0688830FAF72DFCE068903064
:1035100000F0D8FA1421E868EEF7E2FF0146E0680F
:103520009030FAF7DCFCE068983000F0CBFA02212A
:10353000E06803E034E238E23CE240E29830FAF737
:10354000B8FCE068683000F0BDFAE068002168303F
:10355000FAF7EFFBE06800216830FAF713FCE06847
:1035600000216830FAF7FFFBE068703000F0AAFA3B
:10357000607801287ED003E026E22AE22EE232E2E1
:10358000022878D00221E868EEF7AAFF0146E06839
:103590007030FAF7CEFB607801286DD002286CD02D
:1035A0000221E868EEF79CFF0146E0687030FAF708
:1035B000E9FB607801287DD002287CD0022101E05F
:1035C00016E21AE2E868EEF78BFF0146E068703019
:1035D000FAF7C9FBE068283000F074FAE068B16BD4
:1035E0002830FAF73FFBEEF75EFF01460190E068F6
:1035F0002830FAF763FCE068FF212830FAF742FB35
:10360000E068303000F05EFAE068B16B3030FAF715
:1036100029FBE068B16B3030FAF750FCE0683321E9
:103620003030FAF72FFBE068383000F04BFA708F3B
:1036300001900146E0683830FAF714FBEEF733FFEB
:1036400001460190E0683830FAF738FCE068FF2165
:103650003830FAF717FBE068403000F033FA708F2B
:1036600001900146E0684030FAF7FCFA708F019053
:10367000014603E0C6E1CAE1CEE1D2E1E0684030B4
:10368000FAF71CFCE06833214030FAF7FBFAE068F7
:10369000483000F017FA208901900146E068483070
:1036A000FAF7E0FAE068FF214830FAF7EBFAA08871
:1036B000014601E0BAE1BEE10190E0684830FAF766
:1036C000FDFBE068503000F0FDF9E0880190014614
:1036D000E0685030FAF7C6FAE068FF215030FAF798
:1036E000D1FAA08801900146E0685030FAF7E6FB75
:1036F000E068B03000F0E6F9E0683946B030FAF73B
:10370000BAFBE068B83000F0DDF9E0680021B830BD
:10371000FAF7B1FBE068E83000F0D4F9E068B16B8B
:10372000E830FAF79FFAE068FF21E830FAF7AAFAE2
:103730000621E868EEF7D4FE0146E068E830FAF7C3
:10374000F8FAE0683946E830FAF795FBE068D830D7
:1037500000F0B8F9E068C821D830FAF76BFAE068F1
:10376000E03000F0AFF9E0687821E030FAF762FA73
:10377000E068F83000F0A6F9208901900146E06881
:10378000F830FAF75BFA0F21E868EEF7A9FE014678
:10379000E068F830FAF761FAE0680121F830FAF7EA
:1037A00058FAE06800F5807000F08CF9E068B16BC1
:1037B00000F58070FAF742FAE06800F5847005E0E1
:1037C0009B6F00089801002019E2000800F07AF9C8
:1037D000E0684FF4827100F58470FAF78BFAE068C4
:1037E00000F5887000F06EF90321E868EEF778FEC6
:1037F0000146E06800F58870FAF79BFA0221E86854
:10380000EEF76EFE0146E06800F58870FAF751FAAF
:10381000E068B16B00F58870FAF738FAE08801903B
:103820000146E06800F58870FAF71CFAE068FF21AD
:1038300000F58870FAF726FA607801287DD0082113
:10384000E868EEF74DFE00EBD070401001B2E06882
:1038500000F58870FAF70FFBE06800F58C7000F057
:1038600031F9E06896A100F58C70FAF706FAEEF7E8
:103870001AFE01460190E06800F58C70FAF71EFB15
:10388000E068696900F58C70FAF724FBE06800F5E0
:10389000907000F017F90421E868EEF721FE40422D
:1038A00001B2E06800F59070FAF743FAEEF7FBFD1D
:1038B00001460190E06800F59070FAF7D3F9E068EE
:1038C00000F5947000F0FEF80121E868EEF708FEBC
:1038D0000146E06800F59470FAF7EBF92089019051
:1038E0000146E06800F59470FAF7D0F9E06803212A
:1038F00000F59470FAF7D9F9E06800F5987000F0D7
:10390000E1F8A08801900146E06800F59870FAF7A8
:10391000BDF90221E868EEF7E3FD0146E06800F535
:103920009870FAF7C6F90121E868EEF7D9FD404230
:1039300001B2E06800F5987000E081E0FAF718FA4B
:10394000E068042100F59870FAF7AFF9E0684FF4E9
:10395000C87100F59870FAF76DF9E06800F59C7091
:1039600000F0B0F895F82000C0076FD002211220B7
:10397000F8F7A0FF01906EE01821E868EEF7B0FDBF
:10398000F1E41421E868EEF7ABFDECE40E21E86801
:10399000EEF7A6FDFDE40C21E868EEF7A1FDF8E4E2
:1039A0001821E868EEF79CFD4CE51421E868EEF775
:1039B00097FD47E51821E868EEF792FD55E51421DB
:1039C000E868EEF78DFD50E51821E868EEF788FD10
:1039D00059E51421E868EEF783FD54E50E21E86807
:1039E000EEF77EFD61E50C21E868EEF779FD5CE518
:1039F0000E21E868EEF774FD69E50C21E868EEF742
:103A00006FFD64E50821E868EEF76AFDBEE5062172
:103A1000E868EEF765FDB9E50821E868EEF760FDB6
:103A2000C2E50621E868EEF75BFDBDE50821E86820
:103A3000EEF756FDC9E50621E868EEF751FDC4E54D
:103A40000C21E868EEF74CFDFDE6FFE701211220AE
:103A5000F8F74EFF0190E068019900F59C70FAF7C5
:103A60002DFAE06800F5A47000F02CF8E068B16B66
:103A700000F5A470FAF70AF90221E868EEF730FDC4
:103A8000400001B2E06800F5A470FAF712F9E068AE
:103A9000012100F5A470FAF708F9E06800F5A070BC
:103AA00000F010F80221E868EEF71AFD404201B27A
:103AB000E068BDE8FC4700F5A070FAF730B90000F7
:103AC000EF808C0003490978002901D0FAF7A0B8EB
:103AD000F9F79ABF8801002070B590B006462821FA
:103AE00006A8DCF71DFE142101A8DCF719FE012150
:103AF0000691090407910024089402250D950E9162
:103B00000F9606A8DEF7EAF800B1FEE70F20019055
:103B1000029503944FF4806004900594022101A85B
:103B2000DDF7D2FF002800D0FEE710B070BD000026
:103B30008EB0202106A8DCF7F3FD44F63820ADF85E
:103B40001A0040F6C410ADF81C00142101A8DCF7DF
:103B5000E7FDEEF7C3FDEEF70DFEF3F743FC8046FD
:103B600000231A4609214046F4F75EFF6FF07F40BC
:103B7000EEF77BF90146009000224046F8F797FDEA
:103B80000022FF214046F8F7AFFD4FF47F00EEF72B
:103B90006CF90146009000224046F8F701FE002231
:103BA0000F214046F8F7F1FD002202214046F8F7C8
:103BB000F1FD01214046F4F7A8FE304D44F27406B1
:103BC00042F21C574FF0FF3905F124043DE0BDF8E7
:103BD0001A00B04203D3BDF81C00B8421ED9BDF88C
:103BE0001E00322804D926A14046F4F775FA10E0E9
:103BF000BDF81A00B04204D228A14046F4F76CFA8E
:103C000007E0BDF81C00B84203D92BA14046F4F7E9
:103C100063FA01214046F5F7CAFA13E0BDF81E0029
:103C20000A280FD2BDF81A0044F26821884209D947
:103C3000BDF81C0042F22831884203D201214046DF
:103C4000F4F763FE642001F075FB4946286902F031
:103C500045FB6088ADF81A00A088ADF81C00E0882C
:103C6000ADF81E0000231A461946286902F0A6F98D
:103C7000BDF81E003228B2D8A9E7000004000020D9
:103C80000A2020202020205253343835204552521B
:103C90004F52212020202020200A00000A2020202E
:103CA000202020566F6C74616765204C6F7721204F
:103CB00020202020200A00000A202020202020543C
:103CC000656D7065726174757265212020202020F9
:103CD000200A00000EB502F0D1FC0290084C4FF013
:103CE000FF356846E1F708FB00232A46694620684D
:103CF00002F064F9142102A802F050FCF1E7000080
:103D00006800002092B002F0B9FC11906F4DDFF80E
:103D1000B8B140F6980A4FF0000805F124044FF0BE
:103D2000FF373946A86802F0CFFADBF80030984236
:103D30007AD1002208A9184602F016FA002872D09B
:103D4000089840F24C41884202D2C5F800800CE04D
:103D5000089840F27E41884207D90898A0F2B63010
:103D60002860504501D9C5F800A03946286902F0FD
:103D7000B5FA286803F0ACFB8146554903F0AEFA6A
:103D8000544903F0B9FB0646A08A03F0A1FB314673
:103D900003F03CFA394603F022FD03F061FBA082F8
:103DA00048464D4903F0A8FB0646E08A03F090FB25
:103DB000314603F02BFA394603F011FD03F050FBB6
:103DC000E08200231A461946286902F0F7F801211B
:103DD000686801F07DFE01A8FCF776F8BDF80400E4
:103DE000012804D11C2201A90AA8DCF73DFCBDF87A
:103DF00030000A3800EBC00101EB00104FF47A717B
:103E000001EB800000B2099A00F164018A420CD8EB
:103E1000BDF82E1049B10999643881424FD208216A
:103E2000686801F055FE4AE004E01021686801F07E
:103E30004FFE44E029490B68984240D1CDF82480D8
:103E4000002209A9184602F08FF9C0B33946286943
:103E500002F044FABDF8240003F03AFB204F394643
:103E600003F04AFB0646A08903F032FBDFF87490AA
:103E7000494603F041FB314603F0C8F903F0F0FA7C
:103E8000A081BDF8260003F023FB394603F034FB84
:103E90000646208903F01CFB494603F02DFB314602
:103EA00003F0B4F903F0DCFA208100231A46194626
:103EB000286902F083F80221686801F009FE1421E4
:103EC00011A802F06BFB2AE7680000200400002024
:103ED0000080094500C0DA46E9A2CB3F500000202F
:103EE000CDCC4C3ECDCC4C3F88B002F0C7FB079008
:103EF00000240694DFF810814FF0FF3A5146D8F8BD
:103F0000000002F0EBF9DFF80491B9F80A00404E26
:103F10007081D9F81000306100231A461946D8F88C
:103F2000000002F04BF83B4DA6F10C07384818385A
:103F300001788DF80C1041788DF80D1041680491CE
:103F4000816805919DF80C1081B19DF80D1051B15B
:103F5000059941F28832B2FBF1F1ADF81A10047004
:103F6000049828600AE0ADF81A40F8E7DDF71CFC79
:103F70002968401AFA2801D9ADF81A4038788DF826
:103F8000000078788DF8010078680190B868029098
:103F90009DF80000A0B1029803F09AFA8346708958
:103FA00003F096FA594603F099F91B4903F0A4FA75
:103FB00003F056FAADF818003C707868686009E0C4
:103FC000DDF7F2FB6968401A40F2DC51884201D902
:103FD000ADF818400023524606A9A86801F0EEFF8C
:103FE0005146D8F8000002F079F93069C9F810009C
:103FF00000231A461946D8F8000001F0DFFF14210B
:1040000007A802F0CBFA91E7140000202800002056
:10401000EC02002048000020666666401A4E1B4DE8
:104020004FF0FF3706F124043946306902F056F9A3
:1040300020892881A089A881A088A88060886880BC
:1040400020692861608B6883208B288300231A46AF
:104050001946306901F0B2FFFBF776F9394630694D
:1040600002F03CF928782070A88BA083E88BE083CD
:104070006889608100231A461946306901F09EFF65
:104080000A2001F057F9CFE70400002074F1002066
:1040900008B5EBF7C9FD124C124E4FF0FF35002367
:1040A00000951A461821206801F07CFD0021206847
:1040B00001F0C4FC000709D5012208213046DDF7D4
:1040C0006CFB0821206801F0B9FCE8E70022082118
:1040D0003046DDF762FB1021206801F0AFFCDEE71F
:1040E000080000200010014008B5002602F0C6FAC2
:1040F000DFF8D881DFF8D8A1DFF8D8B1764FB14624
:10410000764C4FF0FF352946206802F0E7F89BF81F
:1041100000003870BBF802007880BBF80400B8805B
:10412000BBF80600F880BBF808003881BBF80A002D
:104130007881BBF80C00B881DBF810003861BBF85F
:104140001400B882BBF81600F882BBF81800388358
:10415000BBF81A007883BBF81C00B883BBF81E00BC
:10416000F88300231A461946206801F027FF5C48AF
:10417000012300951A461946006801F013FDE2F785
:1041800017FF554814212030DCF7A8FA524C7B2049
:1041900020342070F1206070F320A0707D20E07446
:1041A00014212046DEF7B6FC208214212046FEF7BB
:1041B0001BF89AF80000C0B3B8F81040A8F81090A7
:1041C00014214248DEF7A6FCA8F8100098F8010078
:1041D000F12827D1B8F81000A04223D1B8F8080080
:1041E0003883B8F80A007883B8F80C0002F013FEA0
:1041F0003C4A3D4B02F022FE04460D46788802F010
:104200000AFE4FF06632394B02F018FE22462B466A
:1042100002F02CFD02F0D2FD7880B8F80E00B880D4
:10422000A7F806908AF8009011E0FFE7012001F05E
:1042300081F8761CB6B20A2EBBD30026F888401C43
:1042400080B2F8804FF47A71884200D9F9800A2050
:1042500001F070F8204814212030DCF73FFA1E4CA2
:104260007B2020342070F1206070F620A070204860
:104270000188A1804088E0807D20E07414212046E0
:10428000DEF748FC208214212046FDF7ADFF134CD9
:104290004FF0FF31206802F021F8388BABF818009E
:1042A000788BABF81A007888ABF80200B888ABF8C6
:1042B0000400F888ABF8060000231A461946206867
:1042C00001F07CFE0A2001F035F819E75C030020BC
:1042D0006E000020280000200C03002014000020A5
:1042E000080000209A9999999999A93F6666EE3F2E
:1042F000580000202DE9F35F0198F5F728FDFE4CEA
:10430000DFF8F8A34FF4803958B3FD490198F4F76A
:10431000A2FE00284ED00198F5F719FD0546F9498F
:104320002846F4F798FE00287ED12846F5F70FFDC1
:10433000F449F4F790FE40B3E1680022803101981F
:10434000F4F71EFBE1684A4608310198F4F718FBC0
:10435000E168019802B05246BDE8F05F1031F4F711
:104360000FBB0022E1680198F4F70AFBE1684A46B6
:1043700008310198F4F704FBE168019802B0524655
:10438000BDE8F05F1031F4F7FBBAE16800221831A4
:104390000198F4F7F5FAE1684A4608310198F4F714
:1043A000EFFAE168019802B05246BDE8F05F1031C3
:1043B000F4F7E6BAD4490198F4F74DFE90B3E168FA
:1043C000002220310198F4F7DBFAE168002228315D
:1043D0000198F4F7D5FAE1680022C8310198F4F7A2
:1043E000CFFAE168202258310198F4F7C9FAE16860
:1043F0002022D0310198F4F7C3FAE1680422A031F9
:104400000198F4F7BDFAE168012238310198F4F718
:10441000B7FAE168019802B08022BDE8F05F603130
:10442000F4F7AEBAB94900E02EE30198F4F713FEB1
:10443000B74FDFF8DCB21C3F4FF4A02800287DD036
:104440000198F5F784FCAF49F4F705FEFD1ED8B3DB
:10445000E168002250310198F4F792FAE1680422F1
:10446000A0310198F4F78CFAE168042201F5A071FB
:104470000198F4F785FAE1685A4658310198F4F743
:104480007FFAE1682A4630310198F4F779FAE16859
:104490002A4601F5A4710198F4F772FAE1683A46E8
:1044A000A0310198F4F76CFAE168EA1DA83101988F
:1044B000F4F766FAE168019802B03A46BDE8F05FA9
:1044C00001F5A071F4F75CBAE16800221831019897
:1044D000F4F756FAE1680422A0310198F4F750FA93
:1044E000E1680822A8310198F4F74AFAE1684246E7
:1044F00020310198F4F744FA854AE168603260316E
:104500000198F4F73DFAE1685A4658310198F4F7FA
:1045100037FAE1682A4628310198F4F731FAE16860
:104520003A46A0310198F4F72BFAE168019802B0FD
:10453000774ABDE8F05F183AA83100E001E0F4F7EF
:104540001FBA74490198F4F786FD4FF4003530B373
:10455000E168002230310198F4F712FAE168002294
:10456000B0310198F4F70CFAE1680422A031019807
:10457000F4F706FAE1680822A8310198F4F700FA86
:10458000E1682A4628310198F4F7FAF9E1680198C0
:1045900002B02A46BDE8F05FB031F4F7F1B95E49E8
:1045A0000198F4F758FD4FF44036C0B3E16800229B
:1045B00030310198F4F7E4F9E1680022B031019854
:1045C000F4F7DEF9E1680422A0310198F4F7D8F994
:1045D000E1680822A8310198F4F7D2F9E1682A4687
:1045E00028310198F4F7CCF9E1682A46B0310198F6
:1045F000F4F7C6F9E1683246E8310198F4F7C0F9FA
:10460000E1683246C8310198F4F7BAF9E1680198D7
:1046100002B0424ABDE8F05FD031F4F7B1B9404989
:104620000198F4F718FD002852D0E16800221831F3
:104630000198F4F7A5F9E168002268310198F4F7D0
:104640009FF9E1680022B8310198F4F799F9E1681F
:104650000422A0310198F4F793F9E1680822A83107
:104660000198F4F78DF9E1684A4608310198F4F7AA
:1046700087F9E168524610310198F4F781F9E16851
:10468000424650310198F4F77BF9E168424601F562
:1046900094710198F4F774F9E16842468031019809
:1046A000F4F76EF9E1685A4658310198F4F768F961
:1046B000E1683A4628310198F4F762F9E168019817
:1046C00002B0134ABDE8F05F183A3831F4F758B930
:1046D00014490198F4F7BFFC134FDFF84C807F3F7B
:1046E000F0B3E168002288310198F4F749F9E168F4
:1046F0000422A031019819E0880100204000010047
:1047000074780208F0790208787C0208947C020828
:10471000200005005C7C0208747D02082000030074
:10472000AC7D0208B07C020880000200F4F728F992
:10473000E168424660310198F4F722F9E1682A46BF
:1047400001F588710198F4F71BF9E1683A462831C0
:104750000198F4F715F9E1683A4601F58C7100E02B
:1047600018E00198F4F70CF9C84EE1683246583168
:104770000198F4F705F9E1683246D0310198F4F771
:10478000FFF8E168019802B02A46BDE8F05FC83141
:10479000F4F7F6B8BE490198F4F75DFC002857D04D
:1047A000E168002248310198F4F7EAF8E168002254
:1047B000B0310198F4F7E4F8E1680022E0310198A3
:1047C000F4F7DEF8E168802260310198F4F7D8F858
:1047D000E1680422A0310198F4F7D2F8E1683A4682
:1047E00028310198F4F7CCF8E1682A46B0310198F5
:1047F000F4F7C6F8E168424660310198F4F7C0F872
:10480000E1683246E8310198F4F7BAF8E1683246D7
:1048100050310198F4F7B4F8E168324601F590712F
:104820000198F4F7ADF8E1689A4A60310198F4F71D
:10483000A7F8E1683A46D0310198F4F7A1F8E168A9
:10484000019802B02A46BDE8F05FD031F4F798B87D
:1048500091490198F4F7FFFB4FF4802760B3E168BA
:10486000002218310198F4F78BF8E1680022D83162
:104870000198F4F785F8E168002290310198F4F787
:104880007FF8E168002298310198F4F779F8E1683F
:104890000422A0310198F4F773F8E1680822A831E6
:1048A0000198F4F76DF8E168019802B03A46BDE866
:1048B000F05F2831F4F764B878490198F4F7CBFB3E
:1048C00090B3E168002218310198F4F759F8E168D3
:1048D000002278310198F4F753F8E1680022C831DA
:1048E0000198F4F74DF8E1682022D0310198F4F7EF
:1048F00047F8E168202258310198F4F741F8E1685F
:104900000422A0310198F4F73BF8E1680822A831AD
:104910000198F4F735F8E168019802B02A46BDE83D
:10492000F05FD031F4F72CB85D490198F4F793FBB0
:10493000D0B3E168002218310198F4F721F8E1685A
:104940000022C0310198F4F71BF8E1680022903191
:104950000198F4F715F8E168002201F584710198D7
:10496000F4F70EF8E1684A4608310198F4F708F8C0
:10497000E168524610310198F4F702F8E1683A46CE
:1049800050310198F3F7FCFFE168464A283101985D
:10499000F3F7F6FFE168019802B0424ABDE8F05F24
:1049A0001F325831F3F7ECBF3F490198F4F753FB3E
:1049B000D8B1E1680022F8310198F3F7E1FFE1682E
:1049C0002A46F8310198F3F7DBFFE1682A4601F542
:1049D00080710198F3F7D4FFE168019802B0324684
:1049E000BDE8F05FE831F3F7CBBF30490198F4F749
:1049F00032FBA8B3E168002218310198F3F7C0FF39
:104A0000E168002278310198F3F7BAFFE1680422E7
:104A1000A0310198F3F7B4FFE1680822A8310198AA
:104A2000F3F7AEFFE1684A4608310198F3F7A8FFB3
:104A3000E168524610310198F3F7A2FFE1681C4A81
:104A400001F598710198F3F79BFFE168019802B0B6
:104A50004FF40022BDE8F05F01F59C71F3F790BFC1
:104A600014490198F4F7F7FA00280DD00022E16804
:104A70000198F3F785FFE168019802B00022BDE8D4
:104A8000F05F6831F3F77CBFBDE8FC9F20000200B7
:104A9000907D0208800003003C7D0208CC7C020867
:104AA000E87C020801000400407C0208C87D02087E
:104AB00002000700F0790208C143491C0840B0FA1F
:104AC00080F0C0F12000401E7047002804D0B0FAEA
:104AD00080F0C0F1200000E00020401E7047FEB5CD
:104AE00004462668002504220BE0F06802EBC503AB
:104AF000C058830104D5A36820F07F40984206D0B7
:104B00006D1C708CC0F3C500A842EED8FEBDA08815
:104B100047286CD00EDC342849D006DC202866D02B
:104B2000302864D0332815D141E03B285FD0442899
:104B300010D15CE068283AD004DC632848D06728AC
:104B400008D13DE0A0F58060573850D0A0F58050E6
:104B5000023835D081B3FF2963D0D4E90302121A99
:104B60004A4300EB222002900127F068A18801AAA5
:104B700050F83500F8F713FF50B1DDE90110884215
:104B800006D1BDF80800BDF80410884200D1002706
:104B9000F068A188029A50F83500F9F7FDF8002F67
:104BA000B4D0A288A1682068F7F7ECF8FEBDFF2911
:104BB00003DAE0680290D7E730E020690290D3E79B
:104BC000FF2902DAE0680290CEE720690290CBE785
:104BD000E06828B1226932B1802906DA0290C3E781
:104BE00020690290C0E70290BEE70292BCE700296C
:104BF00003DCA089ADF80800B6E7FF2903DB208AB3
:104C0000ADF80800B0E7CAB2D4E90310EDF72AFA0C
:104C10000090BDF80000ADF80800A5E7E06802903C
:104C2000A2E7206902909FE72DE9F0410468266819
:104C3000A78800252748DFF7D9FA014613E0A142EB
:104C40000DD008682268904209D18868A268904215
:104C500005D18888A288904201D1012505E01D4830
:104C6000DFF7DBFA01460029E9D1002D30D1708C45
:104C70000421C0F3C50229E0F06801EBC503C05868
:104C8000830122D5A36820F07F4098421DD12146A0
:104C90001048DFF722FB2046F3F758FCF06800EBE2
:104CA000C50439462068F8F749FFF06850F8350028
:104CB000F8F7ADFE00280BD06068216820F07F4235
:104CC0003046BDE8F041F7F7C1B86D1CAA42D3D811
:104CD000BDE8F081CC9F002070B50468A068F7F7AC
:104CE000C9FD0646A28831462068F5F77FFFE060DF
:104CF000A5880020A08023462A463146206800F07F
:104D00000DF8A580A1682068E9F734FAA188006849
:104D1000E268BDE87040F9F73FB800002DE9FF5F99
:104D200007460E4691464FF0000A2648DFF77EFA06
:104D300005464FF4702B3EE0039885423DD029464E
:104D40002048DFF76FFA80462868B84232D1A86859
:104D5000B04201D05E452DD1A888484503D0A9F5C1
:104D60007F40FF3826D100241FE00420F96800EBC3
:104D7000C4000858820117D55E4503D020F07F405B
:104D8000B04211D151F83400A988F8F7D7FE0021BC
:104D90002846EBF799F929460A48DFF79EFA284694
:104DA000F3F7D4FB4FF0010A641C788CC0F3C50004
:104DB000A042DAD84546002DBED104B05046BDE829
:104DC000F09F0000CC9F00207FB50546089E1C4642
:104DD000002228460199F7F76AFC0022284602992A
:104DE000F7F771FC002221462846F7F778FC04B05B
:104DF00031462846BDE870400022F7F775BC0088B0
:104E00000988401A70472DE9F04186B00446F2F750
:104E100003F90546002D76D02046F0F7BBFA06468A
:104E20002046F0F7F5FA044694F8500080076AD55A
:104E30002846F2F746F9022865D02846F2F741F9EC
:104E4000042860D004A9606AF4F7FFFE03A928468D
:104E5000F2F702F902A92846F2F73AF9BDF90C0077
:104E6000002850DBBDF90E1000294CDBBDF81020E6
:104E7000801AADF80400BDF81200081AADF806005B
:104E8000606AF5F7E2FF0146656ABDF90400002893
:104E900002DA0027012010E0884203DB47F6FF77A3
:104EA00001200AE001A92846F2F766FB87B201A9B2
:104EB000606AF2F77DFD80F0010094F85C104FF617
:104EC000FF788A0726D5CB074FF4407202D108B984
:104ED000012E0AD0C80701D0022E15D0C80719D05C
:104EE000032E13D0082E11D014E06765C4F8588043
:104EF00094F85C0040F0010184F85C1011462046F3
:104F0000F4F755F906E048E0A76503E011462046AE
:104F1000F3F7FBFC94F85C00C00701D1012E03D12C
:104F200039462046FAF7AAF894F85C00C00734D056
:104F3000D4E9150188420CD92A6B8A4202D16A6BE6
:104F4000824221D02963606D68632046F6F744FAF7
:104F50001AE00CD22A6B824202D16A6B8A4213D0C9
:104F60002863A06D68632046F6F736FA0CE0286BDC
:104F7000404502D1686B404506D0C5F83080C5F881
:104F800034802046F6F728FA032E01D0082E04D1EB
:104F900014F85C0F20F00100207006B0BDE8F0812D
:104FA00010B50B49094A0A60486000208860C86053
:104FB000086188610C2048610846DDF7DDFABDE82C
:104FC0001040012203490248DDF75EBB0038014072
:104FD0006C0400207000002010B50A4601464FF412
:104FE0007A730548DDF7C4FB034800680168C943CC
:104FF0004906FBD410BD00006C0400200169D0E913
:1050000001329A60D0E901235A604A68824201D194
:1050100082684A60002202610868401E08600868D1
:10502000704700000449086880690A680968D26A04
:10503000C2F120028A6170479000002000F108014F
:1050400041604FF0FF328260C16001610021016068
:10505000704700210161704730B50C68621C02D0B6
:1050600000F1080202E0026904E01A4653681D6874
:10507000A542FAD953684B6099608A605160086113
:105080000168491C016030BD42684A6093688B60CA
:1050900093685960916008610168491C016070471C
:1050A000502080F31188BFF34F8FBFF36F8F0949F2
:1050B0004868401C486001280AD10748006810F081
:1050C000FF0F05D040F2731204A112A0DBF79EB9C6
:1050D000704700000401002004ED00E02E2E5C2E3D
:1050E0002E5C4D6964646C6577617265735C4672B1
:1050F000656552544F535C706F727461626C655C8D
:10510000525644535C41524D5F434D335C706F7255
:10511000742E63004572726F723A2025732C20251D
:10512000640D0A0010B5094C6068002805D14FF4E1
:10513000BD7207A114A0DBF769F96068401E6060CA
:10514000002801D180F3118810BD00000401002067
:105150002E2E5C2E2E5C4D6964646C6577617265E1
:10516000735C4672656552544F535C706F72746124
:10517000626C655C525644535C41524D5F434D3303
:105180005C706F72742E63004572726F723A2025E4
:10519000732C2025640D0A0070B500282DD0083826
:1051A0000446164D60686969084205D14FF4927251
:1051B00013A121A0DBF72AF9206828B140F22512BB
:1051C0000FA11DA0DBF722F960686969084214D0BD
:1051D0002268002A11D18843606000F07BFB606880
:1051E0006968084468602046FCF73CF92869401C5F
:1051F0002861BDE8704001F04BBC70BDE4000020A8
:105200002E2E5C2E2E5C4D6964646C657761726530
:10521000735C4672656552544F535C706F72746173
:10522000626C655C4D656D4D616E675C6865617053
:105230005F342E63000000004572726F723A2025C1
:10524000732C2025640D0A004FF0E020002101613D
:10525000816105494FF4FA520968B1FBF2F1491E28
:1052600041610321016170470000002070B50546CF
:105270000E46002D05D140F6C8220EA116A0DBF780
:10528000C5F800238EB10022174800EBC204616804
:10529000A94202D100EBC20307E01BB950F832105B
:1052A00001B92346521C082AEFD3002B01D01E60FF
:1052B0005D6070BD2E2E5C2E2E5C4D6964646C6545
:1052C00077617265735C4672656552544F535C71C9
:1052D000756575652E6300004572726F723A202500
:1052E000732C2025640D0A005817002070B5044661
:1052F0000D461646FFF7D4FE94F944304FF00000F7
:105300005B1C01D184F8440094F94510491C01D17B
:1053100084F84500FFF706FFA06B28B932462946FE
:1053200004F1240000F0FAF82046BDE87040FCF7D4
:10533000DDBA000010B504460020002C10D00E4845
:10534000406B28B140F249520CA115A0DBF75EF882
:1053500000F0C0FA00212046FBF732FE01F098FB76
:10536000002807D112494FF080500860BFF34F8FDB
:10537000BFF36F8F10BD0000900000202E2E5C2E1A
:105380002E5C4D6964646C6577617265735C46720E
:10539000656552544F535C7461736B732E630000E8
:1053A0004572726F723A2025732C2025640D0A0015
:1053B00004ED00E070B50446FFF772FE254D04B918
:1053C0002C68201DFFF71AFE58B9E06A224A00EB4C
:1053D000800152F8211021B90121814028698843B8
:1053E0002861A06A18B104F11800FFF707FE686A87
:1053F000401C68622868844207D1211D1748FFF7C6
:1054000043FE6868401C686004E0A868401EA8600D
:10541000FCF7E2F9FFF786FE2868844202D02046B6
:10542000FBF7FFFE6869002812D0286884420FD17C
:10543000686B28B140F2DC4209A112A0DAF7E6FF5E
:1054400014494FF080500860BFF34F8FBFF36F8F48
:1054500070BD00009000002098170020541A002012
:105460002E2E5C2E2E5C4D6964646C6577617265CE
:10547000735C4672656552544F535C7461736B7311
:105480002E6300004572726F723A2025732C20251E
:10549000640D0A0004ED00E002490A6A0260C9686E
:1054A000416070479000002001490120C8617047A9
:1054B0009000002070B504460D46002C05D140F642
:1054C0001C4208A110A0DAF7A1FF1348016820468A
:1054D0001831FFF7C1FD2846BDE870400121FBF7F8
:1054E0006FBD00002E2E5C2E2E5C4D6964646C65D1
:1054F00077617265735C4672656552544F535C7494
:1055000061736B732E6300004572726F723A2025CF
:10551000732C2025640D0A009000002070B504460D
:105520000D461646002C05D140F652420FA118A098
:10553000DAF76CFF60681A490A68D06182680B6804
:105540001A620A68836818325A600A6818328260E0
:10555000086884622068401C20600EB14FF0FF355F
:1055600031462846BDE87040FBF72ABD2E2E5C2E42
:105570002E5C4D6964646C6577617265735C46721C
:10558000656552544F535C7461736B732E630000F6
:105590004572726F723A2025732C2025640D0A0023
:1055A000900000202DE9F04104460E461746002CDD
:1055B00005D140F6364214A11CA0DAF727FF1F4D93
:1055C000686B28B940F63A420FA118A0DAF71EFF1F
:1055D000296846F00040886160682968C861816870
:1055E0002A68116229688268183151602968183167
:1055F0008160286884622068401C20603846BDE8CD
:10560000F0410121FBF7DCBC2E2E5C2E2E5C4D6997
:1056100064646C6577617265735C4672656552544B
:105620004F535C7461736B732E6300004572726F2D
:10563000723A2025732C2025640D0A00900000206A
:1056400070B50E460446002856D0206D28B941F2A8
:105650009F022AA132A0DAF7D9FEE56CB54200D24A
:105660003546E06AA84247D0206D012844D1304E2B
:105670003068844205D141F2BA0220A128A0DAF7AD
:10568000C5FEE06AE562A169002902DBC5F12001DF
:10569000A161284D00EB8000616905EB800081422B
:1056A0002AD1201DFFF7AAFC012130B994F82C0063
:1056B000326901FA00F082433261E06A3269814066
:1056C0001143316100EB800005EB80004068A06071
:1056D0008168E1608268211D51608160E06A00EBB1
:1056E000800005EB80006061E06A00EB800055F807
:1056F0002010491C45F8201070BD00002E2E5C2E95
:105700002E5C4D6964646C6577617265735C46728A
:10571000656552544F535C7461736B732E63000064
:105720004572726F723A2025732C2025640D0A0091
:10573000900000209817002070B505460C462E4EAC
:10574000706B002805D140F6BA422CA134A0DAF7DC
:105750005DFE44F000402860EC682CB940F6C2427F
:1057600026A12FA0DAF752FE2869D5E90121916020
:10577000D5E9011251604168A94201D1A96841608F
:1057800000222A610168491E01606069D4E9023182
:105790009960D4E9021359604368211D8B4201D1FD
:1057A000E368436062610268521E0260E06A01239E
:1057B000356903FA00F22A4332611D4A00EB80008A
:1057C00002EB80004068A0608568E56085686960DC
:1057D0008160E06A00EB800002EB8001616152F8B9
:1057E0002010491C42F82010E06A3168C96A8842DA
:1057F00000D9F36170BD0000900000202E2E5C2EB9
:105800002E5C4D6964646C6577617265735C467289
:10581000656552544F535C7461736B732E63000063
:105820004572726F723A2025732C2025640D0A0090
:10583000981700207CB516480025CDE900502B466E
:10584000802214A1154800F079FE012801D101F051
:10585000CDF90F4C2C3C012802D0401C10D015E093
:10586000502080F31188BFF34F8FBFF36F8F4FF03D
:10587000FF30A06201206061E56000F031FA05E0D0
:105880004FF4046206A10FA0DAF7C0FD206B7CBDC7
:10589000BC00002049444C4500000000BD12020835
:1058A0002E2E5C2E2E5C4D6964646C65776172658A
:1058B000735C4672656552544F535C7461736B73CD
:1058C0002E6300004572726F723A2025732C2025DA
:1058D000640D0A000248416B491C41637047000097
:1058E0009000002070B5144D686B002802D0012094
:1058F000E86170BD0020E8612869B0FA80F0C0F16D
:105900001F000E4E00EB800456F8240028B940F624
:1059100002420BA113A0DAF779FD06EB840041687F
:105920004968416000F10802914201D14968416033
:105930004068C068286070BD900000209817002063
:105940002E2E5C2E2E5C4D6964646C6577617265E9
:10595000735C4672656552544F535C7461736B732C
:105960002E6300004572726F723A2025732C202539
:10597000640D0A00F8B50446B4F92E0010F5004F86
:105980005BD0B4F92C50A18D638D994202D201F500
:10599000B4710DB294F83410C1F3410181B30129FF
:1059A0000FD0022949D10095B4F93220B4F9301052
:1059B000F2F72EFD05B2A28DA9B22046EAF7A0FFAC
:1059C0003AE0591901EBD17149100EB2B4F93070B7
:1059D000B4F93220B91801EBD171491009B28842EB
:1059E0000FDA0A4639460096F2F712FD05B2A9B25F
:1059F0002046EAF7E5FFB1B22046EAF78EFF1BE04A
:105A00000DE033460095F2F703FD05B2B1B2204632
:105A1000EAF7D6FFA9B22046EAF77FFF0CE000952F
:105A2000B4F93220B4F93010F2F7F2FC05B2AAB2A0
:105A3000618D2046EAF764FFA587F8BD70B50E4674
:105A40000446002805D140F2E1120BA115A0DAF7B7
:105A5000DDFC300E05D04FF4F17207A111A0DAF78A
:105A6000D5FCFFF71DFB256825EA06002060FFF73F
:105A700059FB284670BD00002E2E5C2E2E5C4D6911
:105A800064646C6577617265735C467265655254D7
:105A90004F535C6576656E745F67726F7570732EB9
:105AA000630000004572726F723A2025732C202526
:105AB000640D0A0010B51C20FBF756FF044624B104
:105AC00000202060201DFFF7B9FA204610BD00001D
:105AD0002DE9F041884600250446002805D140F212
:105AE000212221A12BA0DAF791FC5FEA186005D0F2
:105AF00040F222221CA127A0DAF788FC261D06F11D
:105B00000807FFF7E7FEF068216841EA0801216015
:105B100020E046680168002201F07F4321F07F41C8
:105B20005FEA431C06D4D4F800C01CEA010F07D07A
:105B3000012205E0D4F800C031EA0C0C00D10122AA
:105B40003AB1DA0100D50D43216841F00071FFF749
:105B5000F3FD3046B842DCD12068A843206000F055
:105B600097FF2068BDE8F0812E2E5C2E2E5C4D69DB
:105B700064646C6577617265735C467265655254E6
:105B80004F535C6576656E745F67726F7570732EC8
:105B9000630000004572726F723A2025732C202535
:105BA000640D0A002DE9F047089F0D46904699467E
:105BB00004460026002805D14FF4A57235A140A067
:105BC000DAF724FC280E05D040F24B1231A13CA09C
:105BD000DAF71CFC2DB94FF4A6722EA138A0DAF723
:105BE00015FC00F03DFD30B92FB140F24F1229A154
:105BF00033A0DAF70BFCFFF76DFED4F800A04A469D
:105C000029465046FBF75CFE40B156460027B8F1E6
:105C1000000F15D02068A843206011E0AFB1B8F1A3
:105C2000000F01D04FF08076B9F1000F01D046F09F
:105C3000806645EA06013A46201DFFF7B3FC0026C0
:105C400000F026FF1FB310B109E05646F8E72049DF
:105C50004FF080500860BFF34F8FBFF36F8FFFF797
:105C6000E1F90646B00110D4FFF71AFA26684A4651
:105C700029463046FBF724FE28B1B8F1000F02D0C8
:105C80002068A8432060FFF74DFA26F07F46304693
:105C9000BDE8F0872E2E5C2E2E5C4D6964646C6529
:105CA00077617265735C4672656552544F535C65EB
:105CB00076656E745F67726F7570732E6300000097
:105CC0004572726F723A2025732C2025640D0A00EC
:105CD00004ED00E00148406870470000E400002047
:105CE0007CB5294D28780190FF20287028780090F5
:105CF0009DF800009DF8001000F0F000884205D0EB
:105D000040F21F1221A12FA0DAF780FB9DF80000BE
:105D1000304C00F0500020700720A06006E0A06822
:105D2000401EA0609DF80000400000909DF800001B
:105D30000006F4D4A068032805D040F2331213A162
:105D400020A0DAF763FBA068032805D04FF49E7209
:105D50000EA11CA0DAF75AFB207A000200F4E060E2
:105D6000A060019828701C48016841F4700101602E
:105D7000016841F070410160FFF766FA0020606041
:105D8000DAF75EFA00207CBD00E400E02E2E5C2EE7
:105D90002E5C4D6964646C6577617265735C4672F4
:105DA000656552544F535C706F727461626C655CD0
:105DB000525644535C41524D5F434D335C706F7299
:105DC000742E63004572726F723A2025732C202561
:105DD000640D0A000401002020ED00E010B5502001
:105DE00080F31188BFF34F8FBFF36F8F00F04CFC2F
:105DF00018B104494FF080500860002080F31188EA
:105E000010BD000004ED00E070B504460D46FFF73C
:105E100047F9A06C08B1002405E0A06B08B100248C
:105E200001E0A5640124FFF77DF9204670BD10B59F
:105E300002460021012000F00BF804462046FBF743
:105E400051FA204610BD0022042100F001B80000E4
:105E5000F8B505460E4617460024002D17D0601EE3
:105E6000B0FBF5F0B04212D305FB06F010F1550F70
:105E70000DD85430FBF778FD044674B122465432F5
:105E80003B46314628460094FBF738FA05E04FF4CC
:105E9000E37203A10BA0DAF7B9FA2046F8BD0000BF
:105EA0002E2E5C2E2E5C4D6964646C657761726584
:105EB000735C4672656552544F535C7175657565C8
:105EC0002E6300004572726F723A2025732C2025D4
:105ED000640D0A002DE9F04104460F460125002C0F
:105EE00005D14FF4887227A12FA0DAF78FFA20008E
:105EF0003CD0E06BC8B34FF0FF36B6FBF0F1206C3E
:105F0000814233D3FFF7CCF8D4E90F20216802FB9C
:105F10000011A1600021A16321686160E06B22682B
:105F2000216C401E00FB0121E16084F8446084F88C
:105F3000456004F1100047B1FFF780F804F1240038
:105F4000FFF77CF8FFF7EEF811E021690029F9D09E
:105F500000F016FD0028F5D017494FF0805008607A
:105F6000BFF34F8FBFF36F8FECE7FFE700252DB92D
:105F700040F2451203A10CA0DAF748FA2846BDE822
:105F8000F08100002E2E5C2E2E5C4D6964646C65E1
:105F900077617265735C4672656552544F535C71EC
:105FA000756575652E6300004572726F723A202523
:105FB000732C2025640D0A0004ED00E02DE9FF4755
:105FC00082B004468A461E460025002C05D140F2C8
:105FD0002E3257A15FA0DAF719FABAF1000F07D1F4
:105FE000206C28B140F22F3251A15AA0DAF70EFAF4
:105FF000022E08D1E06B012805D04FF44C724CA161
:1060000054A0DAF703FA00F02BFB38B9049828B152
:1060100040F2333246A14FA0DAF7F8F94FF0000909
:106020004FF08057DFF83C81FFF73AF8A06BE16B47
:10603000884205D3022E03D0049890B395B33AE07A
:10604000A56B324651462046FBF7B4F8A16C69B106
:10605000022E00D1FDB92046FBF76AFAD8B1C8F884
:106060000070BFF34F8FBFF36F8F14E0616A59B1B7
:1060700004F1240000F084FC68B1C8F80070BFF39C
:106080004F8FBFF36F8F06E028B1C8F80070BFF3E1
:106090004F8FBFF36F8FFFF745F8012006B0BDE8C3
:1060A000F08700E003E0FFF73DF80020F6E76846E0
:1060B000FFF7F2F90125FFF735F8FFF70BFCFEF7C4
:1060C000EFFF94F94400401C01D184F8449094F906
:1060D0004500401C01D184F84590FFF723F804A93E
:1060E000684600F0CBF930B12046FBF7FFFB00F02B
:1060F000CFFC0020D2E72046FBF70BFA90B104F169
:1061000010000499FFF7D6F92046FBF7EFFB00F0EB
:10611000BFFC002888D1C8F80070BFF34F8FBFF3D1
:106120006F8F81E72046FBF7E1FB00F0B1FC7BE7D6
:106130002E2E5C2E2E5C4D6964646C6577617265F1
:10614000735C4672656552544F535C717565756535
:106150002E6300004572726F723A2025732C202541
:10616000640D0A0004ED00E02DE9F74783B0044612
:106170008A460026002C05D140F2515244A14DA080
:10618000DAF744F9BAF1000F07D1206C28B140F2D8
:1061900055523FA147A0DAF739F900F061FA38B952
:1061A000059828B140F25A5239A142A0DAF72EF9E7
:1061B00000274FF08058DFF80C91FEF771FFA56BB8
:1061C000C5B151462046FAF7E1FF6D1EA56320696F
:1061D00050B104F1100000F0D3FB28B1C9F80080E1
:1061E000BFF34F8FBFF36F8FFEF79CFF012006B008
:1061F000BDE8F087059808B126B107E0FEF792FFE9
:106200000020F4E701A8FFF747F90126FEF78AFF0F
:10621000FFF760FBFEF744FF94F94400401C01D1F6
:1062200084F8447094F94500401C01D184F845700D
:10623000FEF778FF05A901A800F020F958B1204623
:10624000FBF754FB00F024FC2046FBF755F900282F
:10625000B3D00020CBE72046FBF74EF990B104F114
:1062600024000599FFF726F92046FBF73FFB00F0D5
:106270000FFC0028A1D1C9F80080BFF34F8FBFF3F6
:106280006F8F9AE72046FBF731FB00F001FC94E7A3
:106290002E2E5C2E2E5C4D6964646C657761726590
:1062A000735C4672656552544F535C7175657565D4
:1062B0002E6300004572726F723A2025732C2025E0
:1062C000640D0A0004ED00E008B5002300930A46BF
:1062D0006946FFF749FF009808BD00002DE9F34328
:1062E00083B004460025A946002C05D140F2E352B4
:1062F00054A15DA0DAF78AF8206C28B140F2E75289
:1063000050A159A0DAF782F800F0AAF938B9049838
:1063100028B140F2EC524BA153A0DAF777F80026EF
:106320004FF08057DFF85081FEF7BAFEA06BC8B17E
:10633000401EA063206810B9FBF7B0FBA060206985
:1063400050B104F1100000F01BFB28B1C8F8007038
:10635000BFF34F8FBFF36F8FFEF7E4FE012005B050
:10636000BDE8F083049808B16DB110E0B9F1000FF9
:1063700005D040F2326233A13BA0DAF747F8FEF7CE
:10638000D1FE0020EBE701A8FFF786F80125FEF714
:10639000C9FEFFF79FFAFEF783FE94F94400401C04
:1063A00001D184F8446094F94500401C01D184F87F
:1063B0004560FEF7B7FE04A901A800F05FF8C8B178
:1063C0002046FBF793FA00F063FB2046FBF794F8B6
:1063D0000028A9D0B9F1000F0AD0FEF761FE2046CF
:1063E000FAF729FF0146A068FFF72AF9FEF79AFE9F
:1063F0000020B4E72046FBF77FF8E8B1206838B901
:10640000FEF74EFEA06800F061FA8146FEF78AFEB4
:1064100004F124000499FFF74DF82046FBF766FAD3
:1064200000F036FB00287FF47FAFC8F80070BFF3A0
:106430004F8FBFF36F8F77E72046FBF757FA00F0D7
:1064400027FB71E72E2E5C2E2E5C4D6964646C6513
:1064500077617265735C4672656552544F535C7127
:10646000756575652E6300004572726F723A20255E
:10647000732C2025640D0A0004ED00E02DE9F041A5
:1064800004460D46002C05D140F6FD421DA126A074
:10649000D9F7BCFF2DB940F6FE421AA122A0D9F7C8
:1064A000B5FFFEF7FDFD244EF2686368D01A31682F
:1064B000002791F8591021B1306880F859700124F3
:1064C0001AE02968B1F1FF3F09D0D4F800C0366A5C
:1064D000B44506D0934204D801242F600CE0002478
:1064E0000AE0814206D9081A28602046FEF7D4FF48
:1064F000002401E02F600124FEF714FE2046BDE8D1
:10650000F08100002E2E5C2E2E5C4D6964646C655B
:1065100077617265735C4672656552544F535C7463
:1065200061736B732E6300004572726F723A20259F
:10653000732C2025640D0A00900000202DE9FF5FD8
:106540008146DDE90E788A4616469B46B000FBF789
:106550000BFA054628000AD05C20FBF705FA044632
:106560000CB1256304E02846FEF716FE00E0002487
:106570008CB10020CDE90240CDE900785B4632467F
:1065800051464846FAF7CEFE2046FAF763FD012051
:1065900004B0BDE8F09F4FF0FF30F9E72DE9F0417E
:1065A00005460E460024002D05D140F2F1421DA102
:1065B00025A0D9F72BFF2EB940F2F24219A122A053
:1065C000D9F724FF244F786B28B140F2F34215A18C
:1065D0001DA0D9F71BFFFFF77DF9FA68286881191C
:1065E000904205D9884208D9914206D9012404E095
:1065F000884201D8914200D9012429601CB1881A2F
:106600000021FAF7DDFC00F043FA38B913494FF0E6
:1066100080500860BFF34F8FBFF36F8F2046BDE8F7
:10662000F08100002E2E5C2E2E5C4D6964646C653A
:1066300077617265735C4672656552544F535C7442
:1066400061736B732E6300004572726F723A20257E
:10665000732C2025640D0A009000002004ED00E05A
:1066600005484169002903D0406B18B100207047EC
:106670000120704702207047900000200148C06848
:1066800070470000900000202DE9F0410025474EA2
:10669000706B002805D0B069401CB0612846BDE889
:1066A000F081F468641CF4608CB9B06B006828B1A8
:1066B00040F6C7223EA147A0D9F7A8FEB06BF16B08
:1066C000B163F063306A401C3062FBF785F8B06A52
:1066D000444F84420FD34FF0000CB06B006838B1C8
:1066E000B06BC068C1684868844212D2B06202E0F0
:1066F0004FF0FF30B0623068C06A00EB800057F89E
:106700002000012800D90125F0690028C6D0012504
:10671000C4E74A69D1E902309860D1E902035860C0
:1067200050680B1D984201D1C8685060C1F814C070
:106730001068401E10608A6A9AB1D1E90780C8F8D3
:106740000800D1E90708C8F80400506801F11808EA
:10675000404501D1086A5060C1F828C01068401E49
:106760001060C86A0122D6F81080824042EA08020E
:10677000326100EB800007EB800042688A6090681D
:10678000C860906843609360C86A00EB800007EBC4
:1067900080024A6157F82020521C47F82020C86A1E
:1067A0003168C96A884298D3012596E79000002095
:1067B0002E2E5C2E2E5C4D6964646C65776172656B
:1067C000735C4672656552544F535C7461736B73AE
:1067D0002E6300004572726F723A2025732C2025BB
:1067E000640D0A009817002070B5044600260028A2
:1067F0004BD0274D2868844205D041F24F0225A195
:106800002DA0D9F703FE206D28B941F2500221A135
:1068100029A0D9F7FBFD206D401E2065E26CE16ADE
:10682000914232D088BB201DFEF7E8FB012130B930
:1068300094F82C002A6901FA00F082432A61E06C86
:10684000E062C0F12000A061E06A2A698140114342
:1068500029611D4A00EB800002EB80004068A060C7
:106860008168E1608368211D59608160E06A00EB06
:10687000800002EB80006061E06A00EB800052F86B
:106880002010491C42F820100126304670BD00003F
:10689000900000202E2E5C2E2E5C4D6964646C6589
:1068A00077617265735C4672656552544F535C74D0
:1068B00061736B732E6300004572726F723A20250C
:1068C000732C2025640D0A009817002070B504462B
:1068D0000020002C48D0284DE16A2A68D26A9142F3
:1068E00043D2A069002804DB2868C06AC0F12000F8
:1068F000A061E06A214E00EB8000616906EB800038
:1069000081422DD1201DFEF779FB012130B994F889
:106910002C002A6901FA00F082432A612868C06AC3
:10692000E0622A6981401143296100EB800006EB97
:1069300080004068A0608168E1608268211D51602C
:106940008160E06A00EB800006EB80006061E06A35
:1069500000EB800056F82010491C46F8201002E099
:106960002868C06AE062012070BDE16C2A68D26AC2
:106970009142F9D2012070BD9000002098170020AC
:1069800070B5C068C468002C05D140F6824230A1C1
:1069900038A0D9F73BFDA06AD4E907128A60D4E990
:1069A00007125160426804F118018A4201D1226A3B
:1069B00042600025A5620268521E0260314A506B97
:1069C000012398B1304D6868E06186682662866868
:1069D00071608160A5622868401C2860E06A1168C7
:1069E000C96A884231D90120D36170BD6069D4E998
:1069F0000261B160D4E9021671604668211D8E42C1
:106A000001D1E6684660656105686D1E0560E06A53
:106A1000166903FA00F5354315611C4D00EB800043
:106A200005EB80004068A0608668E660866871605B
:106A30008160E06A00EB800005EB8001616155F840
:106A40002010491C45F82010C8E7002070BD000048
:106A50002E2E5C2E2E5C4D6964646C6577617265C8
:106A6000735C4672656552544F535C7461736B730B
:106A70002E6300004572726F723A2025732C202518
:106A8000640D0A0090000020401A00209817002092
:106A90002DE9F0410024A046434D686B002805D144
:106AA00040F6B30241A14AA0D9F7B0FCFEF7F8FACC
:106AB000686B401E6863686B002870D1A868002866
:106AC0006DD00027464A01264DE0D068C468A16A0F
:106AD000D4E907309860D4E9070358604B6804F1A3
:106AE0001800834201D1206A4860A7620868401EEE
:106AF00008606169D4E902309860D4E90203586003
:106B00004B68201D834201D1E3684B6067610B68CD
:106B10005B1E0B60E16AD5F810C006FA01F343EA88
:106B20000C032B612F4B01EB810103EB81014968C1
:106B3000A160D1F808C0C4F80CC0D1F808C0CCF8E6
:106B400004008860E06A00EB800003EB8001616173
:106B500053F82010491C43F82010E06A2968C96ADC
:106B6000884200D3EE6110680028AED10CB1FAF76C
:106B700033FEAC693CB1FFF787FD00B1EE61641EE6
:106B8000002CF8D1AF61E86948B14FF0010816490F
:106B90004FF080500860BFF34F8FBFF36F8FFEF749
:106BA000C1FA4046BDE8F081900000202E2E5C2EF8
:106BB0002E5C4D6964646C6577617265735C4672C6
:106BC000656552544F535C7461736B732E630000A0
:106BD0004572726F723A2025732C2025640D0A00CD
:106BE000401A00209817002004ED00E01CB5002496
:106BF000FAF786FA0C48006860B10B481F21001DA7
:106C0000CDE9001000234FF4807208A10948FFF776
:106C100095FC04462CB940F2191207A10FA0D9F730
:106C2000F5FB20461CBD0000D0000020546D7220F2
:106C300053766300D91802082E2E5C2E2E5C4D6907
:106C400064646C6577617265735C46726565525405
:106C50004F535C74696D6572732E63004572726F79
:106C6000723A2025732C2025640D0A0010B591EA94
:106C7000030F48BF83F0004300F1E681841A71EBF3
:106C8000030C05D2121943EB0C03001B61EB0C0142
:106C9000DFF824E14FEA1154A4EB135C1EEA430F22
:106CA00018BF9EEA445F73D023EA0E03DCF1200E86
:106CB00021EA045143F4801332D322FA0CFE10EB84
:106CC0000E0023FA0CFE41EB0E01CCF1200E03FA6C
:106CD0000EFE10EB0E0051F10001B1F5801FCCF15A
:106CE000200E32D201EB045112FA0EF2BDE8104030
:106CF00058BF7047401C38BF5FEA420218BF704758
:106D0000002814BF20F0010041F100014FEA4103C7
:106D100013F5001F38BF7047A1F1C04100F086B9DC
:106D2000012A43EB0302ACF1200CDCF11F0E32BF51
:106D30004FF0000E23FA0CF310EB030041EB04516B
:106D4000B4EB115FD0D0A1EB045101F580114908DB
:106D50005FEA300001EB04510ED350F1000038BF60
:106D600012FA0EFE08D1BDE81040C9E7401C38BF3A
:106D70005FEA4202CAD1C3E7BDE810404FEA4103CF
:106D800013F5001F38BF7047A1F1C04100F04EB9A4
:106D90009EEA445F08D011EA5E0FBDE8104004BFD0
:106DA00001F0004100207047BDE8104070B500F0D0
:106DB000EFF800BF64FBBE3E0000E0FF4FEA115356
:106DC000A3F58063D3F11E03A8BFD3F1200C08DB29
:106DD0004FF0004242EAC12252EA505232FA03F026
:106DE000704709420BD4102BC4BF0020704703F535
:106DF000787CBCF1FF3F05D04FF0FF3070474FF07B
:106E00000000704770B500F0C3F800BF49922480BD
:106E100000207047F0E7B0FA80F310FA03F10AD0CF
:106E2000C3F11D0303F580634FEA41504FEA03525B
:106E300002EBD12170474FF000007047DFF848C1E6
:106E400070B51CEA111E1EBF1CEA13159EEA0C0F3A
:106E500095EA0C0F00F06F8081EA030423EA4C13DB
:106E60004EEAD47E21EA4C1141F4801143F48013A0
:106E7000AE44A1FB024CA0FB0365AEF17F7E361948
:106E800055EB0C05A1FB034C4CF10003A0FB021CCD
:106E900016EB0C06654153F10003094218BF46F09A
:106EA000010613F4007F0BD14FEA03314FEA05309E
:106EB000340341EA155140EA16506FF003020AE02C
:106EC0004FEAC3214FEAC520F40241EA555140EA96
:106ED00056506FF0020202EB2E4201EB025585EA9A
:106EE000CE710AD05FEA440C18BF24F0004450F180
:106EF000000041F1000120EAD47040F2FE7C6245BE
:106F000000D270BDA84214BF4FF080444FF04044FF
:106F1000002E08BF0024BEF1806FA8BFA1F1C041C0
:106F2000BDE8704080F282804FF0000001F1C04166
:106F300001F0004170479EEA0C0F0CEA131518BFD0
:106F400095EA0C0F06D04FF0000081EA030E0EF018
:106F5000004170BD00F01CF88900013E00F007B848
:106F600000F009B84FEA430C5FEA5C5C08D081EAA4
:106F7000030100F05BB84FEA410C5FEA5C5CF6D1BC
:106F80004FF00000014970470000FF070000F87F44
:106F90000EF1020E2EF0030E5EF8046B364205D49D
:106FA000012A43EB030515F5001F12D8012841EB18
:106FB000010C1CF5001F0CD80ED14FEAD17C15F541
:106FC000001F0CEB4C0C0CF1020C08BF4CEBD37CFB
:106FD00004E04FF0080C01E04FEAD37C0CEB4C05C9
:106FE00026FA05F606F00706B6F1040C06D20EEBFB
:106FF000860CBDE870404CF0010C6047DFE80CF0F7
:10700000090B02024FF000414FF00000A1F50021F2
:1070100070BD19461046012851EB010418BFD4F584
:10702000001484BF002001F0004170BD0808A0F5E5
:1070300000114FEA3101704710B591EA030F48BFC4
:1070400083F000433FF51AAE841A71EB030C07D2AC
:1070500012198CF0004C43EB0C03001B61EB0C018C
:10706000DFF8A4E14FEA1154A4EB135C1EEA430FCE
:1070700018BF9EEA445F00F0B08023EA6E035242DC
:1070800021EA0451C3EB6E0338BF5B1EDCF1200E16
:1070900025D322FA0CFE10EB0E0043FA0CFE41EB56
:1070A0000E01CCF1200E03FA0EFE10EB0E0051F192
:1070B0000001CCF1200E29D412FA0EF201EB04519A
:1070C000BDE8104058BF7047401C1CBFB2F1004FD4
:1070D000704700280CBF491C20F00100704712EBDC
:1070E000020E43EB030218BF4FF0010E4EEA4202BC
:1070F000ACF1200CDCF11E0E54D943FA0CFE10EB5F
:107100000E0051F1FF31CCF11E0ED5D50EF1010E5E
:1071100012FA0EFE404141EB010101EB445C5FEAD3
:107120005C5C10D910EBDE7001EB045138BFBEF18E
:10713000004FBDE8104018BF704700280CBF491C25
:1071400020F00100704730D24FEAD42C11F5001125
:1071500024F400641BD0B1FA81F20B3AA41AA41EE5
:10716000D2F12003914030FA03F31943904001EB30
:10717000CC71002C01EB0451BDE81040A8BF704752
:1071800001F1C0414FF0000001F000417047B0FA3A
:1071900080F310FA03F100D110BDE41A173C480542
:1071A000C90AE4E701EB045110BD491001EB045199
:1071B000BDE810404FEA300002E04FF00001704798
:1071C0004A0008BF0042F8D0B2F5001F28BF704740
:1071D00001F000414FF0000070479EEA445F07D085
:1071E00011EA5E0FBDE8104004BF00210020704787
:1071F000BDE8104070B5FFF7CBFE00BF40DFF63EA4
:1072000083F00041104670470000E0FF90EA010F54
:1072100048BF81F0004100F14282421A3CBF801A0F
:1072200089184FEAD0524FF07F4C1CEA410FA2EB75
:10723000D15318BF9CEA026F00F03B804FF0004C26
:107240004CEA00204CEA012121FA03FC10EB0C0C63
:107250001ED202F1FF325FEA1C2040EBC25038BF61
:1072600070471CF07F0F4FEA400C18BFBCF17F4FF6
:1072700038BF7047C3F12003994008BF20F00100D8
:10728000BCF17F4F38BF7047A0F1C04000F0FBB9A0
:107290004FEA3C00000A40EBC25028BF1CF0FF0F31
:1072A0004FEA400CE6D018BFBCF17F4F38BF7047A3
:1072B000EAE79CEA026F05D010EA5C0F08BF00F015
:1072C0000040704710B500F098F900BF64FBBE3E67
:1072D000014800F052BA00BF0000C07F4FF47F0C9D
:1072E0001CEAD0121EBF1CEAD11392EA0C0F93EADB
:1072F0000C0F00F0858090EA010F48BF42F48072C5
:1073000040F4000C41F400002CF07F4120F07F405D
:1073100000B58142A2EB03020FF2081CACEB504E09
:10732000C0F100009EF800E04FEA4E0E00FB0EFC9C
:1073300038BF49004FEA2C1C02F5FA020CFB0EF391
:107340004FEACE1E4FEA112C4FEAC1210EEB635ECD
:1073500042EB22420EFB0CFC4FEA1C5300FB0311D4
:107360004FEA112C4FEA01310EFB0CFC4FEADC4CCA
:1073700000FB0C11C14228BF09184CEB03335DF828
:1073800004EB10EB410143EBC250B2F57C0F38BF68
:10739000704729D512F0F00F1CBF00F1C04000F07B
:1073A00000407047008182838485868788898B8C22
:1073B0008D8E8F919293959697999A9C9D9FA0A25E
:1073C000A3A5A7A8AAACAEB0B2B3B5B7B9BCBEC0AE
:1073D000C2C5C7C9CCCED1D4D7D9DCDFE2E6E9EC4F
:1073E000F0F3F7FAFE0000004FEA400C0CF1807C4D
:1073F000BCF17E4F28BF7047B0F1C04000F043B9E8
:1074000090EA010F0CEAD11348BF42F48072624542
:1074100038BF634507D213F47F0F16D080EA01000E
:1074200000F00040704710B500F0E7F8097EFC3E20
:1074300000F005B880EA010000F00040704780EAE3
:10744000010000F0004000F01EB912F47F0F04BFED
:107450000248704780EA010000F015B90000C07FC3
:10746000C10DD1F19E0206DB4FEA002343F0004339
:1074700023FA02F07047004207D54FEA4001B1F10C
:10748000FE4F02D24FF00000704710B500F0B5F883
:1074900049922480002070476FEA20007047000066
:1074A00010F0004148BF4042B0FA80F310FA03F2F6
:1074B000C3F19D030BD051EAC35101EB12205306D7
:1074C00038BF704700F1010008BF20F0010070478D
:1074D000B0FA80F310FA03F2C3F19D030AD0D90584
:1074E00001EB1220530638BF704700F1010008BFBE
:1074F00020F00100704700004FF47F0C1CEAD0120E
:107500001EBF1CEAD11392EA0C0F93EA0C0F00F095
:10751000478090EA010F48BF42F480724FF0004C60
:107520004CEA00204CEA012102EB0302A0FB01130C
:10753000A2F50002002918BF43F001035B0028BF39
:107540004FEA330342EB22425FEA132C4CEBC2506A
:107550002EBFBCEB436FB2F57C0F70474FEA036C54
:10756000BCF1004F08BF20F00100B2F57C0F38BF1E
:1075700070470BD582F0FF0212F5803FC8BF7047FD
:1075800000F1C040D8BF00F00040704700F5000C8B
:107590005FEA4C0C48BF7047B0F1C04000F073B8D0
:1075A00090EA010F0CEAD11348BF42F480726245A1
:1075B00038BF634504D280EA010000F00040704704
:1075C00010B500F01AF800BF8900013E00F007B8BE
:1075D00000F009B85FEA410C5FEA1C6C08D080EA51
:1075E000010000F050B85FEA400C5FEA1C6CF6D175
:1075F0004FF00040A0F5800070470EF1020E2EF013
:10760000030E5EF8044B244204D44FEA4102B2F167
:107610007F4F11D84FEA4003B3F17F4F0CD80ED102
:107620004FEAD07CB2F17F4F0CEB4C0C0CF1020C0A
:1076300008BF4CEBD17C04E04FF0080C01E04FEAAE
:10764000D17C0CEB4C0324FA03F404F00704B4F1EE
:10765000040C06D20EEB840CBDE810404CF0010C7B
:107660006047DFE80CF0070802024FF00040A0F589
:10767000800010BD0846420018BFD2F1807288BF5A
:1076800000F0004010BDFF2141EAD050C005704716
:1076900090EA010F48BF81F000413FF5BEAD421AAC
:1076A00004D882F00042A0EB020011444FEAD0520D
:1076B0004FF07F4C1CEA410FA2EBD15318BF9CEA5C
:1076C000026F4AD04FF0004C4CEA00204CEA0121F6
:1076D00021FA03FCB0EB0C0C0FD412F0FE0F36D0E5
:1076E0005FEA4C001DD5001240EBC25038BF704716
:1076F0001CF03F0F18BF70470BE0A2F101025FEAD8
:107700001C2040EBC25038BF70471CF07F0F18BFE1
:107710007047C3F12003994014BF401E20F00100C0
:10772000704780084FEA122308BF7047B0FA80FC08
:10773000A2EB0C02CCF1280C60FA0CF093EA122FA9
:1077400004BF00EBC25070474FEAC3707047130A82
:107750005FEADC1008BF7047F6E79CEA026F04D0CE
:1077600010EA5C0F08BF0020704710B5FFF745FF17
:1077700040DFF63E81F0004070470CF00F03092B0C
:1077800008BF082000F051800A2B0BD0082B18BF2F
:10779000704708BF1CF0400F0AD04FF000004FF0B8
:1077A000000170471CF0400F18BF4FF000407047B9
:1077B0001CF0100F08D020F0704300F07F4242EA26
:1077C000D3014FEA4370704700F0604021F07F42E0
:1077D00042EA000201F07F4040EA727070474FF0C9
:1077E000FF0212EAD0521CBF92F0FF038B42C2BFCD
:1077F000D14200EBC1507047002A0AD0002B0BD0B9
:10780000002900F00040A4BF40F0FE4040F400001A
:10781000704700F00040704743024FF00B0C18BF58
:107820004CF0806C7FF454AD70471CF4801F11D075
:107830001CF4E02F03D06FEACC31490070474FF0C1
:107840004050EFF3008222F0704242EA000282F3DD
:10785000008870474FF000007047000000000000F3
:1078600000000102030406070809000000000102ED
:1078700003040000000000005D92010871930108FC
:1078800000000000D5960108820082004A02000034
:10789000000001E001E0000000FF0055AAFF001118
:1078A0002233445566778899AABBCCDDEEFF0001F0
:1078B00002030405060708090A0B0C0D0E0F101130
:1078C00012131415161718191A1B1C1D1E1F202120
:1078D00022232425262728292A2B2C2D2E2F303110
:1078E00032333435363738393A3B3C3D3E3F404100
:1078F00042434445464748494A4B4C4D4E4F5051F0
:1079000052535455565758595A5B5C5D5E5F6061DF
:1079100062636465666768696A6B6C6D6E6F7071CF
:1079200072737475767778797A7B7C7D7E7F8081BF
:1079300082838485868788898A8B8C8D8E8F9091AF
:1079400092939495969798999A9B9C9D9E9FA0A19F
:10795000A2A3A4A5A6A7A8A9AAABACADAEAFB0B18F
:10796000B2B3B4B5B6B7B8B9BABBBCBDBEBFC0C17F
:10797000C2C3C4C5C6C7C8C9CACBCCCDCECFD0D16F
:10798000D2D3D4D5D6D7D8D9DADBDCDDDEDFE0E15F
:10799000E2E3E4E5E6E7E8E9EAEBECEDEEEFF0F14F
:1079A000F2F3F4F5F6F7F8F9FAFBFCFDFEFF808040
:1079B00080818182828384858687898A8C8D8F915C
:1079C000939597999B9EA0A2A5A7AAADAFB2B5002B
:1079D000FF1FFF1F01E001E0210020000A080B0843
:1079E0000D300C300E380F386400630000000000CA
:1079F00074780208E5E7010845E901080000000085
:107A0000A1E901086420642000030000F206E8EC0C
:107A1000993661D63A9624BE055E05FA04B14D6AE0
:107A20008E09CEE7FF47FE00FCC0FAA47AA963F1F5
:107A30009CF3EA8AE38EECD3FE7AFF5DEA0FF31241
:107A4000F476FDDAFF3DAA37BB59CC9BE5FCF73E47
:107A50007AB893B9B4FBD63DEF3E5B587C399D5B59
:107A6000C65DEF5E453E65BE965FBEFFE79F2DBEDD
:107A70004E1E86BFB73FE7BF263B4E9C86FDB75ED6
:107A8000E7BF25334DB58658B6FBE79E65CD8630FA
:107A9000A6B4CF39EFBD9E6CAEB0C714DF79F7DD69
:107AA000D70ADF2EE773F7B8FFDCFF6BFF8EFFB35B
:107AB000FFD8FFFCFE45FEA9FF10FF76FFDCFD248A
:107AC000FDA9FE70FF16FF9CFB88FC4CFD52FE7763
:107AD000FF5C8B6CA44FBD54D679EF5D7C939535DC
:107AE000B5F8CEDBEF7EBDF7E71CEF7DF7BEFFDF1D
:107AF000E1C6D165C145B0E3D8CCC0CBA8AA88699E
:107B0000893578F468D348B159B65175413430D2CB
:107B10003A5531F329B2190F1C5C1BBA13380A34D9
:107B200004DC045A03B702B3057804B40411030C4F
:107B3000044F03CD034B026845083C672BE61AE46B
:107B40007D886CE754453343C646ADA59CE483A2CB
:107B5000FEC6FE05FD44F3E2FD80FD00FC60FB6017
:107B6000FC60F3E0EB60E280F283E243DA02B9A169
:107B70006A685A0649A53924536F42CC32292187B5
:107B800073AE630C4208210400003C027804B30683
:107B9000EE08280B610D990FD01106143A166C18D7
:107BA0009D1ACB1CF71E212148236C258E27AC295A
:107BB000C72BDF2DF32F0332103418361C381C3A34
:107BC000173C0E3EFF3FEC41D443B64593476A490C
:107BD0003C4B084DCD4E8D504652F953A5554B5751
:107BE000EA58825A135C9C5D1F5F9A600D6279634C
:107BF000DD6439668D67D9681D6A596B8C6CB76D09
:107C0000D96EF36F04710C720B730174EE74D2753C
:107C1000AD767F7747780679BB79677A0A7BA27B56
:107C2000327CB77C337DA57D0D7E6C7EC07E0B7F64
:107C30004B7F827FAF7FD27FEB7FFA7FFF7F000099
:107C4000747802088D0201080000000000000000A6
:107C5000D504010800000000010400007478020847
:107C6000490D0108B50D010800000000D50D0108FF
:107C700004010D0000060000747802089710010846
:107C8000000000000000000000000000D127D12704
:107C9000440200007478020805110108451101082A
:107CA000000000005D11010804018200850300004E
:107CB00074780208D9190108111A0108000000009F
:107CC000F91B0108D127D127C402000074780208EB
:107CD000C94D0108414E010800000000654E010831
:107CE0008200D12705040000747802085B53010864
:107CF0008D53010800000000415001080000000001
:107D000080020000747802081B6101086B69010899
:107D10000000000095690108D127D127C0030000A9
:107D200074780208857301080174010800000000DE
:107D300045740108D127D127000400007478020897
:107D4000F5CF010800000000000000006DD0010820
:107D5000D1278200C5020000207D0208000000003B
:107D600000000000000000001DD20108000000001B
:107D7000000400005C7C0208B7D30108000000008A
:107D80000000000031D40108000000008507000059
:107D90007478020843DF010889DF01080000000051
:107DA00091DF010834001E0084020000747802088C
:107DB00001E1010859E1010800000000A5E1010806
:107DC000D127D1278503000074780208D9EC010877
:107DD0001BEF0108000000003DEF010804018200D4
:107DE0000406000000FFFFFFE070CF349219C73097
:107DF000EE3FE3B8770CE7FE770EE1DC3B801C0F2B
:107E00001FDC2E0783F0FE1F83C0F87FF1F070386F
:107E10001D8C7319C6370C7E073800EE03F30FE68E
:107E20003DCCF399C1C03C398E73BC7E1F27DFFF68
:107E3000EFB9FE7CF9FD3666CCCCCCC66630C666A2
:107E40003333333666C0185A7F7E3C76041C0E07E7
:107E5000038FF8E070381C00FDE0FF80FF800C31DC
:107E60008618630C318618630C001C3B18DC7E3FBF
:107E70001F8FC7E3B19D83801FFE739CE739CE70CF
:107E80007E4707070F0E1E3C3878F0FFFE4381C186
:107E9000E3E1F0FC0F0381C1DF800F0787C3E371CB
:107EA000B99CCEC77FC1C0E03F181C0E0603F01C72
:107EB000070381F1CFC01F18181C0E07F39DC7E3FD
:107EC000F1DDC7C0FF07060E0E0C1C1C38383870D9
:107ED0003E19CE3B8E638FC73B87E1F87738FC3E77
:107EE0003BB8FC7E3FBDFE070383A18F80E00038D6
:107EF000E00FDE030F3FFCE0F07C1F0701FF800076
:107F0000000007FCC0F0FC3F070F3EF8E08000FED9
:107F100007070F1E1C3830300038383801003FE0AA
:107F2000C0633F64EEDB8CF719EE33CEE7CFD98028
:107F3000E180018700FE000E00F00F01F01B833886
:107F400033C3FC60C60E40EC07FE39CE3B8EE7BF64
:107F5000CE3B87E1F87E3BFC0FC709C0300E01C065
:107F6000380700E00E00E18FE0FE1C7387707E0F83
:107F7000C1F83F07E0DC3B8E7F00FF70381C0E0726
:107F8000FB81C0E070381FF0FFE0E0E0E0E0FFE0E0
:107F9000E0E0E0E00FE705C0380E01C7F83F07E07A
:107FA000EE1CE38FF0E0FC1F83F07E0FFFF83F072D
:107FB000E0FC1F83F070FFFFFFFFF01C71C71C7116
:107FC000C71C71FEE0DC338C730EC1FC3F8738E7C1
:107FD0009C738770F0E0E0E0E0E0E0E0E0E0E0E00B
:107FE000FF3C1C3C3C3C3C3C2E6E6E6E6E6E6E67E5
:107FF0004E47CE47C7C3C7C387F07E0FE1FE3DC7DC
:108000009CF39E3BC7F87F0FE0F00F81C71C1CC09C
:108010006E03F01F80FC076033838E381F00FE73F1
:10802000B8FC7E3F3BF9C0E070381C000F80E3874E
:1080300007380CE03B80EE03B80E6030C1C18E0102
:10804000E006000C000FC0FE39CE3B8EE3B9CFE353
:1080500098E739CE3B8F3F30B81E0FC3F8FE1F079D
:1080600081F0CFC0FFE1C0380700E01C0380700E34
:1080700001C0380700E07C0F81F03E07C0F81F0305
:10808000E07C1DC30F80E07E0DC138638C710E60F3
:10809000EC1D03E03C0700E0E1F0F0DC784E2E67D9
:1080A0003731DB98EDE8747C3E3E0F1F0787038372
:1080B00080F0670C7983D81F00E00F01F833833C10
:1080C00061EC0EF06E19E61EC1F03C0380700E01EB
:1080D000C0380700FF83C1C1C0E0E0F070703838DD
:1080E0001FF0FCCCCCCCCCCCCFC3061860C30C307A
:1080F00061860C30C0F333333333333F0030F72421
:1081000020FF807F21C0E1F7FF9F8FC77F80E0388D
:108110000E0380FF38EE1F87E1F87E1F8EFF001FE1
:108120007160E0E0E0E0703F01C0701C071FDC768A
:108130001F87E1F87E1DC73FC01F0CE71D87FFD8D2
:108140000700C21F80087DC3871F9C3870E1C3876A
:108150000E000007F71D87E1F87E1F8771C7F01C2E
:10816000070198E3F0E070381C0FE71F8FC7E3F1B9
:10817000F8FC7E381FA1FFFFFFC0077207777777F3
:1081800077776EC0E070381C0E071B99D8FC7E3BD9
:108190009DEE773CFFFFFFFFFEFF7DC71F8E3F1C5C
:1081A0007E38FC71F8E3F1C7E38EFE71F8FC7E3F88
:1081B0001F8FC7E3801E1CEE1B87E1F87E1DCE1EBD
:1081C00000003F8E3B87E1F87E1F87E3BFCE038030
:1081D000E038000007F71F87E1F87E1F8771CFF0B6
:1081E0001C0701C070FFC7870E1C3870E07EE2F0EC
:1081F000FC7F3F0F87FE00473F71C71C71C70FE32D
:10820000F1F8FC7E3F1F8FC73F80E1F09C4E672155
:10821000D0F8781C00E1C3C78DCF9B97272EC7CD20
:108220008F9E1E3C1C38F1B98F87C1C0F0FCCE6315
:1082300080E0B8DC4E63A1F078380C04060203013C
:10824000807F0F0E1C3C3878F0FF1CE38E38E3B8BB
:1082500038E38E38E387FFFFFFFFFEF0E38E38E35D
:108260008338E38E38E3BC7827C1C0070007000ECF
:1082700003FFE038007000E001C07FFC07000E0043
:108280001C003800703FFF801CC038E0E181FFF324
:10829000000E7F9C00780037FE6000DFF9B8737035
:1082A000E6E1CDFF980003018C43338ECC1B604C7C
:1082B0000FFFC7701DC07701DC067239C4C7360FC7
:1082C000C000200077FC4FFFE7318E671CCD39BB23
:1082D000737CE7FB8EF719AE33186677CCC39A012F
:1082E0000C0DB037FFDFFF8C7FFFFFFFC31F7FFD4B
:1082F000B7F6DFDB636F8DB6F0C1C30307001C0068
:108300007001C07FFC1C7071C3870E1C3870E1C700
:10831000071C1CE3F307D80700E001C1FB83F7004B
:108320001FE01DFFBB987770EEE9DD9B3BFE7F7C75
:10833000F8B7C0C380000070FCE199C333866FEFCB
:10834000DFD99DB33B7E76CCED9F9BFF3FCC7E3B40
:10835000C04381017FFEE001C7038E071C0E381F5A
:10836000FF30E061F1C3BB07260E09FFE00000FF0C
:10837000FE00F007BF3D99ECCF667B33DF9E00F037
:1083800007803FFF80387070E0C3C3F647F8CDFF29
:10839000DB79AE807DFC7318F631FC66D8C83F806F
:1083A000000003C00381FFFB8007330FFFDCCC39E3
:1083B000F87000DFF191E71F8E1E187FE3FF8E0734
:1083C0007FFC38E071C0E381C7038E3FFF8E381C0D
:1083D0007030E0E1C1C383070C0E101C000C700E5E
:1083E0007004603FFC381C381C381C3FFC00000146
:1083F000802EC82EEE6E46EE1607F8010001803F73
:10840000FC381C3FFC381C3FFC381C381C3FFC006F
:10841000801ECE2ED76E1E27F8380039FF38383828
:1084200038FE38383838383A387E38F838F838B8BE
:1084300038383879F838F8183830C0C1837FCDFF24
:10844000FE0CDFF3398EC6F40BCFEB0E0C3830E0A8
:10845000C38F7FC40010207060FFC303F607FFE9DD
:10846000DED33B96FFBCC679BCE358C7FBC065C1F1
:10847000D100300860F8CFF7D80FB00E7F9FC73F0C
:10848000CC7BF8E6F3D9C5B38367869BCD6318042C
:1084900003000C07FF83F01F79ECFF01CFFC307065
:1084A000FFC3070C1C3FF0000FFFC000E030603836
:1084B000601FFE01D07FFC37EC160017E017F8367E
:1084C000F836F876FA66FA2CFF080F7BFC3B0C1B9B
:1084D0000C03FC730C33FC100017FE16F636F63650
:1084E000F676F666F62FFF1C001CFF1D1C5F9C7FB6
:1084F0001C7E1C7C1C7C1C181C3C1C3F1C3B1C3325
:108500001C30FC607C401C3FFC001C001C1FFC005D
:108510001C001C3FFC01C831CC1DDE1BF817F80FF6
:108520003F1E1F700707000E001C07FFCE739CE75D
:108530003FFE739CE739CE73FFE038007040E0C027
:10854000FF803FF86330C661FFC31987FF03D80F70
:10855000383E7CF87C39807301C6038C0C1800000F
:108560000001E07FE13807FFC1C03FFF8E003FFC04
:108570007839FFF4E0E1FFC38387FF0004003FF890
:10858000E630CC619FCFFF8E001EFE3E70F8E167A3
:10859000F4C38187030E06FF8C003830383033FE79
:1085A0007C306E307FB61DB639B639B671B67DFEF9
:1085B0000030FE327832603F7FFCCD99FFF01C0F17
:1085C000FFE0400FFE180C3FF87FF0C061FFC301D1
:1085D0009FFFC00E00C0FFFE07E07E07FFFE07E022
:1085E0007E07FFFE07E07E07FFF033F877704CE070
:1085F00019CF61E7000DFF190E333863F0E3C1C7EF
:10860000E31FE473C1838000000070DFE1B80170F4
:1086100000FFBDC61B7C36706CF0D371CCE3008FBD
:1086200080BBFF31FE006040603FFE306007FCF61B
:108630006CF66C37FC31E033FC376E38646E06E75D
:10864000FE61FE3FF86730CE61FFC33986730CE6EA
:108650001FFC03800701FFF01C00381FFFC0FFFE56
:1086600007000C003807FFCEDB9DF73B6E76DCEF92
:10867000B9DB73B6E76DCFFF80780013FDA6334EEC
:10868000669BCD371F6E06DC0DBDFB59B7BA6E4336
:10869000D803BFC00000000000000000000030034D
:1086A000010100000100A009030C030106000006FF
:1086B000060400080900A00A0B0C00001A00500A6A
:1086C000090F01FF2B0000100F0C01004200C00A2F
:1086D0000A0C0100510080060204020852007006D4
:1086E000040F01FE5A007006040F01FE6200A0098B
:1086F000080701066900A0090909010274001005B4
:10870000030402FF7600B009090101067800100594
:10871000030301007A003006060F00FE8600A00960
:10872000090C01009400A009050C02009C00A0099E
:10873000080C0100A800A009090C0100B600A0095E
:10874000090C0100C400A009090C0000D200A00916
:10875000090C0100E000A009080C0100EC00A009D0
:108760000A0C0000FB00A009090C0100090110051A
:10877000030701000C011005030802FF0F01A00907
:10878000080A01011901C009090601042001A00914
:10879000080A01012A01A009080E01003801001091
:1087A0000F0E01005301D00B0C0C00006501300BC3
:1087B0000A0C01007401400B0B0C01008501600CD8
:1087C0000B0C010096016009090C0100A401A0092D
:1087D000080C0100B001800C0B0C0100C101E00C81
:1087E0000B0C0100D2010005030C0100D70170063B
:1087F000060C0000E001100C0B0C0100F101D00888
:10880000080C0100FD013010100C00001502100DC5
:108810000B0C01002602200E0D0C01003A02C00ACA
:10882000090C01004802200E0E0F01FD6302300BFF
:108830000A0C01007202500A090C01008002100BA0
:108840000B0C01009102600C0B0C0100A202500BFA
:108850000B0C0000B3021011110C0000CD02C00C73
:108860000C0C0100DF02F00A0B0C0000F002700992
:10887000090C0000FE020006040E0100050330068C
:10888000060F00FE11030006040E00001803500935
:10889000070501091D03D009090101FF1F03600934
:1088A000090901002A03800B0A0D01003B0360093E
:1088B000080901004403200B0A0D01005503F009CB
:1088C0000A0900006103A006070E00006E03D00A2B
:1088D0000A0F01FB8103700A090D010090031005C6
:1088E000030E010096031005041300FBA003F0091A
:1088F000090E0100B003A004030D0100B5036010D0
:108900000F090100C603700A09090100D103C00A5A
:108910000A090100DD03800B0A0E01FCEF03700B56
:108920000A0E01FC01047007070901000904800810
:10893000080901001204D006060C00001B04800A7E
:10894000090901002604F008090900003104700F2C
:108950000F09000042047009090900004D04600974
:10896000090E00FB5D04A009080901006604B007B8
:10897000061001FE7204F004030D01007704B00735
:10898000061000FE8304A0090903000587040010F7
:108990000F0F00FFA40400100F1000FEC20400100F
:1089A0000E1001FEDE0400100F1001FEFC0400108A
:1089B0000E1000FE180500100E1001FE3405001008
:1089C0000F1001FE520500100F1000FE7005001080
:1089D0000F0E01FF8B0500100D0D02FFA105001009
:1089E0000F0F00FEBE0500100F1001FEDC05001089
:1089F0000F0F00FEF9050010100F00FF1706001002
:108A0000100F00FF35060010101000FE5506001074
:108A10000E1001FE710600100F0F00FF8E060010F1
:108A20000F1001FEAC0600100E0F01FFC70600106C
:108A3000101000FEE7060010100E00FF03070010E4
:108A4000101000FE23070010100FFFFE410700105A
:108A50000F0F01FF5E0700100F0F00FE7B070010D5
:108A60000F0F01FF980700100F1000FEB60700104F
:108A7000100F00FFD40700100F0E01FFEF070010CA
:108A80000C0F02FF060800100F0F00FE2308001055
:108A90000F1001FE41080010100F00FF5F080010CA
:108AA0000F0E00FF7A0800100F0E00FF950800104F
:108AB0000F0E00FF0000A6010E03E203FB0360049B
:108AC0006D046E045005A308900B6B10C5100012C6
:108AD000341218146C1514174419AA19061FEE1F26
:108AE00034223A22FA261127D028D02B7430333181
:108AF000AF33833D9941E44191432749364C00000F
:108B00002000000040000100000000000000000004
:108B100000000200610000001E0041000000000093
:108B200000000000000002003B4E0000374C5F00D8
:108B3000B48A020800000000250003002235223715
:108B4000312231453335333A3522354135433544C9
:108B500035453547354F35503551355235533554F8
:108B600035553556355735583559355A37223741E9
:108B700037453845384F3A223A413A453A473A5113
:108B80003A533A554B444B454B4F4B514F5652413C
:108B90005245524752495741EEE6E9F1F7EEEEE60B
:108BA000DCDCDCE1DCE6DCE6E6EDE6E6DFDCE1DCB5
:108BB000E6EAE9F8F4E9E5E2E9EAE8ECF7F5F8F8DD
:108BC000FBFDFBF3FDF900003C8B0208988B0208CB
:108BD0002E000000E47D020894860208008B020843
:108BE000C88B020810000302BC0200203F55010898
:108BF000C55401081300050000FE0100D48B0208D3
:108C0000000000000000000038FBFFFFEF8E0000B6
:108C100000003FC007FE01FFF01F0F83E07C3E070E
:108C2000C7E07E7C03EFC03EFC03FFC03FFC03FFB8
:108C3000C03FFC03FFC03FFC03FFC03F7C03E7C015
:108C40007E7E07E3E07C3E0F81F0F80FFF007FE0BF
:108C500001F8000081C7FFFFFFFFFE3F1F8FC7E342
:108C6000F1F8FC7E3F1F8FC7E3F1F8FC7E3F1F8FBA
:108C7000C7E0004003FF03FFE1FFFC7FFF9C07E428
:108C800001F8007E001F800FE003F001FC00FE00F1
:108C90003F801FC00FE007F803FC00FE007F003F8D
:108CA000C01FE00FF003FFFFFFFFFFFFFFFFFC000F
:108CB0000007FF81FFFC3FFF87FFF8007F0007E010
:108CC00000FC001F800FE007FC07FF00FFC01FFE35
:108CD00003FFE007FE000FE000FC001F8003F00030
:108CE0007E001FB00FF7FFFCFFFF1FFF807FC0005B
:108CF000003F8007F8007F800FF800FF801FF80317
:108D0000FF803DF807DF8079F80F9F81F1F81E1F83
:108D100083E1F87C1F8781F8F81F8FFFFFFFFFFFBB
:108D2000FFFFFFFFF001F8001F8001F8001F800126
:108D3000F81FFF07FFC1FFF0FFFC3E000F8003E0BC
:108D400000F8007FE01FFF07FFE1FFFCFFFF801F2F
:108D5000E001FC003F000FC003F000FC007F801F1B
:108D6000B81FEFFFF3FFF87FFC03F8000000001FBF
:108D7000F807FF80FFF81FFF83F8003E0007E000C0
:108D80007C0007C000FCFE0FFFF8FFFFCFFFFEFFD7
:108D90000FEFE07FFC03FFC03FFC03FFC03F7C03FD
:108DA000F7E07E3F0FE3FFFC1FFF80FFF003F800BA
:108DB000FFFFFFFFFFFFFFFFFF001FC007E001F8FD
:108DC00000FE003F001FC007E001F800FE003F006A
:108DD0001FC007E001F800FC003F001FC007E001D2
:108DE000F800FC003F001FC007E0000000001FF07B
:108DF00003FFE03FFF83F07E3F01F9F80FCFC07E15
:108E00007E03F3F83F8FE3F83FFF80FFF807FFC0D2
:108E1000FFFF8FE0FE7E03F7E00FFF007FF803FF08
:108E2000C01FFF01FDF80FCFE0FE3FFFE07FFC0019
:108E30007F80004001FF807FFC1FFFC7E0F8FC1F20
:108E4000BF01F7E03FFC07FF80FFF01FFF07F7F1CE
:108E5000FEFFFFCFFFF8FFFF07E7E000FC001F0069
:108E600007E000FC003F1C1FE3FFF87FFE0FFF80C0
:108E70003FC000FFFC01FFFF03FFFF87E07F8FC0C3
:108E80003F9F803F3F007F7E007EFC00FFF800FF99
:108E9000F001FFE003FFC007FF800FFF001FFE008F
:108EA0003FFC007FF801FBF003F7E007CFC01F9FF6
:108EB000807E3F03F87FFFE0FFFF01FFF000FFFC33
:108EC00003FFFE0FFFFC3F07F8FC07E3F01FCFC0D6
:108ED0003F3F00FCFC03F3F01FCFC07E3F07F8FFCD
:108EE000FFC3FFFE0FFFF03F0FC0FC3F83F07E0F7C
:108EF000C1FC3F03F0FC0FE3F01F8FC07F3F00FC7D
:108F0000FC03FBF007E001FF00FFFC1FFFC3F03C88
:108F10007C000FC000FC000FE000FF800FFE007F10
:108F2000FC03FFF01FFF807FFC01FFE003FF000F49
:108F3000F0007F0003F8003FE003FFC0FEFFFFE703
:108F4000FFFC3FFF007FC00001F8000FC0007E0063
:108F500003F0001F8000FC0007E0003F0001F80064
:108F60000FC0FFFE0FFFF1FFFF9F80FCF807EFC06F
:108F70003F7C01FFE00FFF007FF803FFC01FFE00F2
:108F8000FFF807FFC03F7F01FBFC0FCFFFFE3FFF55
:108F9000F0FFFF80FE0CE0FFFFFFFFFFFFFE1FF072
:108FA0001FC03F00FC03F00FC03F00FC03F00FC0E8
:108FB0003F00FC03F00FC03F0000000FFE1FFF8FBB
:108FC000FFCFC027E003F801FF007FF01FFE07FF7F
:108FD00081FFE03FF803FC007F803FF03FFFFF9FF1
:108FE000FFC7FFC07F00000000000000000000007D
:108FF0000000200B0707020007000015141B0100EA
:109000004B000015091B05006A000015121B020029
:10901000A7000015131B0100E8000015141A010039
:1090200029010015121A020064010015141B020028
:10903000A8010015121A0200E3010015151B00001B
:109040002A020015131B01006B02101B171A0200E5
:10905000B6029018161A0200FE028016141A0100B9
:109060003F035018151E01008E0350100E1402000D
:10907000B10390121115010000000200030004006A
:10908000050006000700080009000A000B00160092
:109090002400250036004400450000002E0000009A
:1090A0004600010078900208000000001100030053
:1090B000088C0208E88F02089C900208000000005B
:1090C00000000102C40200203F550108C5540108F8
:1090D0001E00000000FC0200B0900208000000002A
:1090E00000000000686560A5490549654165416665
:1090F00049664946496641864186418641664166E0
:1091000041673987398731A731A731C731C831C89D
:1091100039C839C739A739C731C731C739A739C79E
:1091200039C731A739A739A739C731C731C731C7BF
:1091300031C731C731C739C739C739A739A739A7A7
:1091400039A739C739C739C739C739C739C739C73F
:1091500039C739C739C739C739C739C739C739C70F
:1091600039C739C739C739C739C739C739C739C7FF
:1091700039C739C739C739C739C739C739C739C7EF
:1091800039C739C739C739C739C739C739C739C7DF
:1091900039C739C739C739C739C739C739C739C7CF
:1091A00039C739C739C739C739C739C739C739C7BF
:1091B00039C739C739C739C739C739C739C739C7AF
:1091C00039C739C731C839C839C839C831A831C8D1
:1091D00031A739C829C631C73189396A396939692E
:1091E0003988398939893989398939893989398970
:1091F000398939893989398939893989398A398A5D
:10920000398A398A3989398939893989398939894C
:10921000398939893989398939893989398939893E
:10922000398939893989398939893989398939892E
:10923000398939893989398939893989398939891E
:10924000398939893989398939893989398939890E
:1092500039893989398939893989398939893989FE
:1092600039893989398939893989398939893989EE
:1092700039893989398939893989398939893989DE
:109280003989398939893989398939893989398ACD
:10929000398A398A398A398A398A398A398A398AB6
:1092A000398A398A396939693989398939893989EC
:1092B000398939893989398939693969392A30EAE5
:1092C00038AC308D60C550A451454924410449044F
:1092D00048E548E548E440E4410440E448E4490501
:1092E000412641464167396631462125190418E473
:1092F00018E420E418C418E418E418E420E420E496
:109300001904190418E418E418E418E419041904F9
:1093100019041904190420E420E420E420E420E4E2
:1093200020E420E420E420E420E420E420E420E41D
:1093300020E420E420E420E420E420E420E420E40D
:1093400020E420E420E420E420E420E420E420E4FD
:1093500020E420E420E420E420E420E420E420E4ED
:1093600020E420E420E420E420E420E420E420E4DD
:1093700020E420E420E420E420E420E420E420E4CD
:1093800020E420E420E420E420E420E420E420E4BD
:1093900020E420E420E420E420E420E420E420E4AD
:1093A00020E418E418E4210420E420E418E418E49C
:1093B00018E4294631C73188290930EA30E930E913
:1093C00030E930E930E930E930E930E930E930E9D5
:1093D00030E930E930E930E930E930E930E930E9C5
:1093E00030E930E930E930E930E930E930E930E9B5
:1093F00030E930E930E930E930E930E930E930E9A5
:1094000030E930E930E930E930E930E930E930E994
:1094100030E930E930E930E930E930E930E930E984
:1094200030E930E930E930E930E930E930E930E974
:1094300030E930E930E930E930E930E930E930E964
:1094400030E930E930E930E930E930E930E930E954
:1094500030E930E930E930E930E930E930E930E944
:1094600030E930E930E930E930E930E930E930E934
:1094700030E930E930E930E930E930E930E930E924
:1094800030E930E930E930E930E930E931093109D2
:10949000310931093109310931093929392A390BA1
:1094A00038EC308B49244924514548E348825062C6
:1094B00058425822584258425842504150415062F6
:1094C000508350C4512549254125310418E310A388
:1094D0000041000100010001002100210000000006
:1094E000002000200021000100000000000000001A
:1094F000000000000000000000000000000000006C
:10950000000000000000000000000000000000005B
:10951000000000000000000000000000000000004B
:10952000000000000000000000000000000000003B
:10953000000000000000000000000000000000002B
:10954000000000000000000000000000000000001B
:10955000000000000000000000000000000000000B
:1095600000000000000000000000000000000000FB
:1095700000000000000000000000000000000000EB
:1095800000000000000000200000000000010001B9
:10959000000118A431A8316928A9286A284B304B4A
:1095A000284B284B304B304B304B304B304B304BF3
:1095B000304B284B284B284B284B284B284B284B0B
:1095C000284B284B304B304B304B304B304B304BD3
:1095D000304B304B304B304B304B304B304B304BB3
:1095E000304B304B304B304B304B304B304B304BA3
:1095F000304B304B304B304B304B304B304B304B93
:10960000304B304B304B304B304B304B304B304B82
:10961000304B304B304B304B304B304B304B304B72
:10962000304B304B284B284B284B284B284B284B92
:10963000284B284B284B284B284B284B284B284B92
:10964000284B284B304B304B304B304B304B304B52
:10965000304B304B304B304B304B304B304B304B32
:10966000304B304B304B304B284B284B284B284B42
:10967000284B284B284B286A288A30CA390A392AAD
:10968000392B30CA4185416540A248A25861582112
:10969000602160016001602160216020600058202D
:1096A00058215042506250A350E449054166396642
:1096B000292518C40021000000000000000000015E
:1096C0000020002000210021000000000000000018
:1096D000000000000000000000000000000000008A
:1096E000000000000000000000000000000000007A
:1096F000000000000000000000000000000000006A
:109700000000000000000000000000000000000059
:109710000000000000000000000000000000000049
:109720000000000000000000000000000000000039
:109730000000000000000000000000000000000029
:109740000000000000000000000000000000000019
:109750000000000000000000000000000000000009
:1097600000000000000000200000000000000001D8
:10977000080118A439A83169286A282B300C300D4B
:10978000300C300C300C300C300C300C300C300CF9
:10979000300C300C300C300C300C300C300C300CE9
:1097A000300C300C300C300C300C300C300C300CD9
:1097B000300C300C300C300C300C300C300C300CC9
:1097C000300C300C300C300C300C300C300C300CB9
:1097D000300C300C300C300C300C300C300C300CA9
:1097E000300C300C300C300C300C300C300C300C99
:1097F000300C300C300C300C300C300C300C300C89
:10980000300C300C300C300C300C300C300C300C78
:10981000300C300C300C300C300C300C300C300C68
:10982000300C300C300C300C300C300C300C300C58
:10983000300C300C300C300C300C300C300C300C48
:10984000300C300C300C300C300C300C300C300C38
:10985000300C300C302C282C282A286A30AA390ADF
:10986000394A31293945392438614841582158004D
:109870006001600160016020602060206020602045
:1098800060215821582158415842506250A449053E
:109890004145394531651904006100200000000090
:1098A00000010001000000000000000000000000B6
:1098B00000000000000000000000000000000000A8
:1098C0000000000000000000000000000000000098
:1098D0000000000000000000000000000000000088
:1098E0000000000000000000000000000000000078
:1098F0000000000000000000000000000000000068
:109900000000000000000000000000000000000057
:109910000000000000000000000000000000000047
:109920000000000000000000000000000000000037
:109930000000000000000000000000000000000027
:109940000000000000010001000000000001000113
:10995000080118A439A83969286A302B300C380D51
:10996000300D300D300D300C300C300C300D300D12
:10997000300D300D300C300C300C300C302C302CC5
:10998000302C302C300C300C300C300C300C300CB7
:10999000302C302C302C302C302C302C302C302CE7
:1099A000302C302C302C302C302C302C302C302CD7
:1099B000302C302C302C302C302C302C302C302CC7
:1099C000302C302C302C300C300C300C300C300C57
:1099D000300C300C300C300C300C300C300C300CA7
:1099E000300C300C300C300C300C300C300C300C97
:1099F000300C300C300C300C300C300C300C300C87
:109A0000300C300C302C302C302C302C302C302CB6
:109A1000302C302C302C302C302C302C302C302C66
:109A2000302C302C300C380C380C380C380C380CEE
:109A3000380D380D300D302D300C282B284A30C908
:109A40003929314931665A298AEC79A76062600167
:109A50006021602160216000600060006020602063
:109A6000602160016021602160016001584250A3C3
:109A7000510549664186314520E308610000000038
:109A800000000001000000000000000000000000D5
:109A90000000000000000000000000000020002086
:109AA0000020000000000000000000000000000096
:109AB00000000000000000000000000000000000A6
:109AC0000000000000000000000000000000000096
:109AD0000000000000000000000000000000000086
:109AE0000000000000000000000000000000000076
:109AF0000000000000000000000000000000000066
:109B00000000000000000000000000000000000055
:109B10000000000000000000000000000000000045
:109B20000000000000010021000000000000000013
:109B300000001883318739693069302B380C380DB3
:109B4000380D300D300D300C300C300D300D300D27
:109B5000300D300D300D300D300C300C300C300C21
:109B6000300C300C300C300C300C300C300C300C15
:109B7000300C300C300C300C300C300C300C300C05
:109B8000300C302C302C302C302C302C302C302C15
:109B9000302C302C302C302C302C302C302C302CE5
:109BA000302C302C300D300D300D300D300D300D8F
:109BB000300D300D300D300D300D300D300D300DBD
:109BC000300D300D300D300D300D300D300D300DAD
:109BD000300D300D300D300D300D300D300D300D9D
:109BE000300D300C300C302C302C302C302C302CF4
:109BF000302C302C302C302C302C302C302C302C85
:109C0000302C300C300C380C380C380C380C380C2C
:109C1000380C380D380D380D302D302C284B288A53
:109C20003109314920E48BD0FEDCED978A0970C4FC
:109C300060226000680168016000600060006001EF
:109C400060016001600060006001602158215821BE
:109C50005042508350C349244145392528E4188394
:109C600008210001000000000000000000000000CA
:109C700000000000000000000000000000000000E4
:109C800000000000000000000000000000000000D4
:109C900000000000000000000000000000000000C4
:109CA00000000000000000000000000000000000B4
:109CB00000000000000000000000000000000000A4
:109CC0000000000000000000000000000000000094
:109CD0000000000000000000000000000000000084
:109CE0000000000000000000000000000000000074
:109CF0000000000000000000000000000000000064
:109D00000000000000000000000000200020000013
:109D100000001082318639692869302B382C300CCC
:109D2000380C300D300C300C300C300C300D300D48
:109D3000300D300D300D300D300D300D380C380C2D
:109D4000380C380C380D380D380D380D380D300DF5
:109D5000300D300D300D300D300D300C300C300C1E
:109D6000300C300C300D300D300D300D300D300D0D
:109D7000300D300D300C300C300C300C300C300C01
:109D8000300C300D300D300D300D300D300D300DEC
:109D9000300D300D300D300D300D300D300D300DDB
:109DA000300D300D300D300D300D300D300D300DCB
:109DB000300D300D300D300D300D300D300D300DBB
:109DC000300D300D300D300D300D300D300D300CAC
:109DD000300C300C300D300D300D300D300D300D9D
:109DE000300D300D300D300D300D300C380C380C7E
:109DF000380C380C380C380D380D302D282B286ACB
:109E0000310A394918E49452FFDFFF3D8209584274
:109E100060016822680168016801680060006001F3
:109E200068016801680160006000602160216001D4
:109E3000582158215842508250C34904496641660E
:109E400029051082002000200020002000000000D2
:109E50000000000000000000000000000000000002
:109E600000000000000000000000000000000000F2
:109E700000000000000000000000000000000000E2
:109E800000000000000000000000000000000000D2
:109E900000000000000000000000000000000000C2
:109EA00000000000000000000000000000000000B2
:109EB00000000000000000000000000000000000A2
:109EC0000000000000000000000000000000000092
:109ED0000000000000000000000000000000000082
:109EE0000000000000000000002000200020000012
:109EF00000201082318639692869302B382C300CCB
:109F0000300C380D300C300C300D300D300D300D64
:109F1000300D300D300D300D300D300D300D300D59
:109F2000300C300C300D380D380D380D380D380D23
:109F3000380D300D300D300D300D300D300D300D31
:109F4000300D300D300D300D300D300D300D300D29
:109F5000300D300D300D300D300D300D300D300D19
:109F6000300D300D300D300D300D300D300D300D09
:109F7000300D300D300D300D300D300D300D300DF9
:109F8000300D300D300D300D300D300D300D300DE9
:109F9000300D300D300D300D300D300D300D300DD9
:109FA000300D300D300D300D300D300D300D300DC9
:109FB000300D300D300D300D300D300D300D300DB9
:109FC000300D300D300D300D300D300D300C300CAB
:109FD000300C300C380D380D300D300D302C306B0E
:109FE000390A394918E48C51FFDFEE5959045021E0
:109FF0006021680168016801680168006801680102
:10A0000068016001600160216821600060216021B9
:10A0100060016021600160215822506348A4490515
:10A0200041663986212408A2002000000821000092
:10A03000000000010000002100210020002000009D
:10A040000000000000000000000000000000000010
:10A050000000000000000000000000000000000000
:10A0600000000000000000010001000100010001EB
:10A0700000010001000100010001000100010001D8
:10A0800000010000000000000000000000000000CF
:10A0900000000000000000000000000000000000C0
:10A0A00000000000000000000000000000000000B0
:10A0B00000000000000000000000000000000000A0
:10A0C00000000000002000200020002000200000F0
:10A0D0000000108331873169288A302B302C300DF5
:10A0E000300D300D300C382D300C380D380D300D52
:10A0F000300D300D300D300D300D380D380D380D60
:10A10000380D380D382D300C380D380D380D380D10
:10A11000380D380D380D380D380D380D380D380D17
:10A12000380D380D380D380D380D380D380D380D07
:10A13000380D380D380D380D380D380D380D380DF7
:10A14000380D380D380D380D380D380D380D380DE7
:10A15000380D380D380D380D380D380D380D380DD7
:10A16000380D380D380D300D300D300D300D300DEF
:10A17000300D300D300D300D300D300D300D300DF7
:10A18000300D380D380D380D380D380D380D380DAF
:10A19000380D380D380D380D380D380D380D380D97
:10A1A000380D300D302D302D300D300D300D300D7F
:10A1B000300D300D300D300D380D300D302C306B32
:10A1C000390A394919048C30FFDEB47150A250208D
:10A1D00060216821680168016801680168016801FF
:10A1E00068016001602160016001602160216021DF
:10A1F000600168216801680160016022506350A419
:10A2000049044145398629241882080000000800C5
:10A2100000010000002100210000000000000000FB
:10A22000000000010000000000000000000000002D
:10A23000000000000000000000000000000000001E
:10A240000000000000010001000100010001000108
:10A2500000010001000100010001000100010001F6
:10A2600000010001000000000000000000000000EC
:10A2700000000000000000000000000000000000DE
:10A2800000000000000000000000000000000000CE
:10A2900000000000000000000000000000000000BE
:10A2A000000000000000000000000020002100006D
:10A2B0000001106329673169308A302B302C300D52
:10A2C000300D380D382D300C300C300C380D300D71
:10A2D000300D380D300D300D300D300D300D300D8E
:10A2E000300D300D300C380D380D380D380D300D67
:10A2F000380D380D380D380D380D380D380D380D36
:10A30000380D380D380D380D380D380D380D380D25
:10A31000380D380D380D380D380D380D380D380D15
:10A32000380D380D380D380D380D380D380D380D05
:10A33000380D380D380D380D380D380D380D380DF5
:10A34000380D380D380D380D380D380D380D380DE5
:10A35000380D380D380D380D380D380D380D380DD5
:10A36000380D380D380D380D380D380D380D380DC5
:10A37000380D380D380D380D380D380D380D380DB5
:10A38000380D380D300C300D300D300D300D300DD6
:10A39000300D302D302D300D380D380D302C304B28
:10A3A000390A394921049451FF7D7A69484158207E
:10A3B000600160016021602160016801680168013D
:10A3C00060016021602160215821582158016001FD
:10A3D00060016022602260016001600158225842E1
:10A3E000508348A349044945412531041882084156
:10A3F0000000002000000000000000010801000132
:10A40000000108010001000100010001000100013C
:10A410000001000100010001000100010001000134
:10A420000001000100010001000100010001000124
:10A430000001000100010001000100010001000114
:10A440000001000100010001000100010001000104
:10A4500000010001000100010001000100010001F4
:10A4600000010001000100010001000100010001E4
:10A4700000010001000100010001000100010001D4
:10A4800000010001000100010000000100010001C5
:10A49000000110632947396930AA302B300C380C81
:10A4A000380C380C380C380C382D380C382D382D29
:10A4B000382C300C382D382D382D380D380D380DFE
:10A4C000382D382D300D382D300C300D382D300D05
:10A4D000300D300D300D300D300D300D300D300D94
:10A4E000300D300D300D300D300D300D300D300D84
:10A4F000300D300D300D300D300D300D300D300D74
:10A50000300D300D300D300D300D300D300D300D63
:10A51000300D300D300D300D300D300D300D300D53
:10A52000300D300D380D380D380D380D380D380D13
:10A53000380D380D380D380D380D380D380D380DF3
:10A54000380D380D300D300D300D300D300D300D13
:10A55000300D300D300D300D300D300D300D300D13
:10A56000300D300D380C380C380C380C380C380CD9
:10A57000300D302D302D300C380C380C302C306B29
:10A58000390A394918C39451F69A71C7504160216C
:10A59000600160216021602160016801680168013B
:10A5A0006001602260216062714569255821602246
:10A5B0006022600260016001600160016001602151
:10A5C00058215842506350A449044945396529240B
:10A5D00010A200410020000000010801080108004D
:10A5E0000000000100010001000100010001000164
:10A5F0000001000100010001000100010001000153
:10A600000001000100010001000100010001000142
:10A610000001000100010001000100010001000132
:10A620000001000100010001000100010001000122
:10A630000001000100010001000100010001000112
:10A640000001000100010001000100010001000102
:10A6500000010001000100010001000100010001F2
:10A6600000010001000100000800000100010001DC
:10A67000080110422926398930AA302B300B380CBA
:10A68000380C382C380D380D382D380C300C380C6F
:10A69000382C300C300C300C300C300C380C380DA1
:10A6A000380D300C300C382D382D300C300D300D6D
:10A6B000382D382D300D380D380D380D380D380D3A
:10A6C000380D300D300D300D300D300D300D300D9A
:10A6D000300D300D300D300D300D300D300D300D92
:10A6E000300D300D300D300D300D302D302D300D42
:10A6F000300D300D300D300D300D300D300D300D72
:10A70000300D300D300D380D380D380D380D380D39
:10A71000380D380D380D380D380D380D380D380D11
:10A72000380D300D300D300D300D300D300D300D39
:10A73000300D300D300D300D300D300D300D300D31
:10A74000300D380C380C380C380C380C380C380CF0
:10A75000302D302D302C300C380C380C302C306B28
:10A76000390A3949292593F0ABF05062580160014C
:10A7700060016001680168016801680168016801A1
:10A780006802600250018A29F638F6799B0C71053F
:10A790006002680168016801680160016021600170
:10A7A0006801600160225822506248A3494549A6C9
:10A7B000396620E3082100000000080008010801B4
:10A7C0000001000100010001000100010001000181
:10A7D0000001000100010001000100010001000171
:10A7E0000001000100010001000100010001000161
:10A7F0000001000100010001000100010001000151
:10A800000001000100010001000100010001000140
:10A810000001000100010001000100010001000130
:10A820000001000100010001000100010001000120
:10A830000001000100010001000100010001000110
:10A8400000010001000000000800000000000000FE
:10A85000080108222926398938CB304B380C380CAE
:10A86000380C380D380D380D380D402D380D380C9A
:10A87000382D382D382C382C382C380C380D380D14
:10A88000380D380D380C300B384D300C382C380C56
:10A89000380D300C380D380D380D380D380D380D99
:10A8A000380C380C380D380D380D380D380D380D82
:10A8B000380D380D380D380D380D380D380D380D70
:10A8C000380D380D380C380D380D380D380D380D61
:10A8D000380D380C380D380D380D380D380D380D51
:10A8E000380D380D382D382D382D382D382D382D80
:10A8F000382D382D382D382D382D382D382D382D30
:10A90000382D380D380D380D380D380D380D380DFF
:10A91000380D380D380D380D380D380D380D380D0F
:10A92000380D380D380D380D400D400D380C380CF1
:10A93000380D302D382C380C380C380C302C306B4E
:10A94000390A396920E493D092EC504260226001C8
:10A9500068016802680268026802680168016801AB
:10A960006001580248019B2DFF3CFFDEDD35926AF5
:10A9700060017002680168016001600160016801A6
:10A9800068026801680160015842504248C34904A6
:10A990004166416620A31062080100000000080122
:10A9A000000100010001000100010001000100019F
:10A9B000000100010001000100010001000100018F
:10A9C000000100010001000100010001000100017F
:10A9D000000100010001000100010001000100016F
:10A9E000000100010001000100010001000100015F
:10A9F000000100010001000100010001000100014F
:10AA0000000100010001000100010001000100013E
:10AA1000000100010001000100010001000100012E
:10AA2000000100010000000008000000000000001C
:10AA3000000008212105398938CB304B380C380DFE
:10AA4000380C380D380D380D380C300C382C300CD3
:10AA5000300C300B300B302B300B300B300B300CFC
:10AA6000302C382C382C300B382C380C382C380C37
:10AA7000380C380D380D380D380D380D380D380CB0
:10AA8000380C380C380C380D380D380D380D380DA1
:10AA9000380D380D380D380D380D380D380D380D8E
:10AAA000380D380D380D380D380D380D380D380D7E
:10AAB000380D380D380D380D380D380D380D380D6E
:10AAC000380D380D380D380D380D380D380D380D5E
:10AAD000380D380D380D380D380D380D380D380D4E
:10AAE000380D380D380D380D380D380D380D380D3E
:10AAF000380D380D380D380D380D380D380D380D2E
:10AB0000380D380D380D380D380D380D380C380C1F
:10AB1000380D300D380D380C380C380C382C306BA3
:10AB2000312A316931257ACC79E95001600160011F
:10AB3000602160016802680268016801602160218B
:10AB4000602158226926B432FFDFFF7DABCF7987C1
:10AB50006842600160216021602160216801680114
:10AB60006802680268226001602260425863506394
:10AB700048A449054166314518C30841000000005A
:10AB800000000000000100010001000100010001BF
:10AB900000010001000100010001000100010001AD
:10ABA00000010001000000000000000000000000A3
:10ABB000000000000001000100010001000100018F
:10ABC0000001000100000000000000000000000083
:10ABD000000000000001000100010001000100016F
:10ABE0000001000100000000000000000000000063
:10ABF000000000000001000100010001000100014F
:10AC000000010001000100010021000000000020FF
:10AC100000000021210539A938EB304B302C382DAC
:10AC2000380D380D300C302C386C280B306B304B15
:10AC3000284A308B286A286A286A306A306A306A63
:10AC4000306A304B302C384D300B382C384D382D85
:10AC5000380D380D380D380D380D380D380D380DCC
:10AC6000380D380D380D380D380D380D380D380DBC
:10AC7000380D380D380D380D380D380D380D380DAC
:10AC8000380D380D380D380D380D380D380D380D9C
:10AC9000380D380D380D380D380D380D380D380D8C
:10ACA000380D380D380D380D380D380D380D380D7C
:10ACB000380D380D380D380D380D380D380D380D6C
:10ACC000380D380D380D380D380D380D380D380D5C
:10ACD000380D380D380D380D380D380D380D380D4C
:10ACE000380D380D300D300D380D380D380C382C2E
:10ACF000380D300D380D380D380C380C382D306BC0
:10AD0000312A31684186492558C4580160016821BB
:10AD100060016001680268026801680160016021E9
:10AD200060215842D4D4FF1DFFBFC4F35904500121
:10AD3000600160016021602160216821680160017B
:10AD400060026002600168016801682260015822A7
:10AD50005042508348E44946396629041082002154
:10AD600000010001000100010001000100010001DB
:10AD700000010001000100010001000100010001CB
:10AD800000010001000100010001000100010001BB
:10AD900000010001000100010001000100010001AB
:10ADA000000100010001000100010001000100019B
:10ADB000000100010001000100010001000100018B
:10ADC000000100010001000100010001000100017B
:10ADD000000100010001000100010001000100016B
:10ADE000000100010001000100010001000000203D
:10ADF00000000021190439A938EA304B382C382DCD
:10AE0000380D302D302C306C62117AD3A4179C177A
:10AE1000A457C57BC59CCD9CCDBCCD9CCD9CCD7C89
:10AE2000C55CC53DC4DDA39A40AE300C300C382D56
:10AE3000380D380D380D380D380D380D380D380DEA
:10AE4000380D380D380D380D380D380D380D380DDA
:10AE5000380D380D380D380D380D380D380D380DCA
:10AE6000380D380D380D380D380D380D380D380DBA
:10AE7000380D380D380D380D380D380D380D380DAA
:10AE8000380D380D380D380D380D380D380D380D9A
:10AE9000380D380D380D380D380D380D380D380D8A
:10AEA000380D380D380D380D380D380D380D380D7A
:10AEB000380D380D380D380D380D380D380D380D6A
:10AEC000380D380D302D302D380D380D380C382C0C
:10AED000380D380D380D380D380D380C382C306BD6
:10AEE000312A316841864105584360026802680191
:10AEF00068016802682268026801680160226022B5
:10AF000058215083F67AFFBFFF9E8ACB4801582212
:10AF1000602268226802682268026802600160019B
:10AF20006822682260016822680168016801600186
:10AF3000602258225863508348E4496639862104C8
:10AF40001062000100000000000108010801080172
:10AF500008010801080100010001000100210001B1
:10AF600000210001000100010001000100010001B9
:10AF700000010001000100010001000100010001C9
:10AF800000010001000100010001000100010001B9
:10AF900000010001000100010001000100010001A9
:10AFA0000001000100010001000100010001000199
:10AFB0000001000100010001000100010001000189
:10AFC000000100010001000100010000000000017B
:10AFD0000001000118E439A9392A306A380C380D0B
:10AFE000380D382C302C40EDCD7CFEFFFFBFFFBF6D
:10AFF000FFDFFFFFFFDFFFFFFFDFFFDFFFDFFFBF41
:10B00000DE1E93B682B55150304C302C382C382C83
:10B01000382D380D380D380D380D380D380D380DE8
:10B02000380D380D380D380D380D380D380D380DF8
:10B03000380D380D380D380D380D380D380D380DE8
:10B04000380D380D380D380D380D380D380D380DD8
:10B05000380D380D380D380D380D380D380D380DC8
:10B06000380D380D380D380D380D380D380D380DB8
:10B07000380D380D380D380D380D380D380D380DA8
:10B08000380D380D380D380D380D380D380D380D98
:10B09000380D380D380D380D380D380D380D380D88
:10B0A000380D380D380D380D380D380D382C382C3A
:10B0B000380D380D380D380D380D380D382C306BF3
:10B0C000390A3169418649055843600268026801BE
:10B0D00068026802600168226801680260016022FB
:10B0E0005022826AFF1CFFDFE5F869665822602261
:10B0F00068226002682268026802680268226001B1
:10B1000060016001602160016801680168226801D6
:10B1100060016822602258425083490549663966B9
:10B1200028C410420021002100010000080008018D
:10B1300008010801000100010001000100010001F7
:10B1400000010001000100010001000100010001F7
:10B1500000010001000100010001000100010001E7
:10B1600000010001000100010001000100010001D7
:10B1700000010001000100010001000100010001C7
:10B1800000010001000100010001000100010001B7
:10B1900000010001000100010001000100010001A7
:10B1A0000001000100010001000100000000000199
:10B1B0000001000118C439883929306A382C380D4B
:10B1C000380C382C302C388CBCDAFFBFFFDFFFBFC7
:10B1D000FFDFFFBFFF9FE6BFBD79A496A476A4362C
:10B1E0007AF3494E40AD302C300C384D382D380CA8
:10B1F000380D380D380D380D380D380D380D380D27
:10B20000380D380D380D380D380D380D380D380D16
:10B21000380D380D380D380D380D380D380D380D06
:10B22000380D380D380D380D380D380D380D380DF6
:10B23000380D380D380D380D380D380D380D380DE6
:10B24000380D380D380D380D380D380D380D380DD6
:10B25000380D380D380D380D380D380D380D380DC6
:10B26000380D380D380D380D380D380D380D380DB6
:10B27000380D380D380D380D380D380D380D380DA6
:10B28000380D380D380D380D380D380D380D380C97
:10B29000380D380D380D380D380D380D382C304B31
:10B2A000390A3949418649055843600268026801F4
:10B2B0006801680268226002680168226001582201
:10B2C0005083C4B3FFDFFF3D9B4E482260226002E3
:10B2D00068226022600268027022680168026802C7
:10B2E0006801684260425822602260016022682240
:10B2F00068226001600260225843506350C44925AF
:10B300004125290408410021000000010821000115
:10B310000001000100010001000100010001000125
:10B320000001000100010001000100010001000115
:10B330000001000100010001000100010001000105
:10B3400000010001000100010001000100010001F5
:10B3500000010001000100010001000100010001E5
:10B3600000010001000100010001000100010001D5
:10B3700000010001000100010001000100010001C5
:10B3800000010001000100010001000100000001B6
:10B390000001000110A331473929306A382C400DD3
:10B3A000380D382D300C304C9376F6BFD5BCBD1916
:10B3B000AC9893D683347292496D306A304A304BE0
:10B3C000302C300C380C300C380D382D380D380D31
:10B3D000380D380D380D380D380D380D380D380D45
:10B3E000382D382D380D380D380D380D380D380DF5
:10B3F000380D380D380D380D380D380D380D380D25
:10B40000380D380D380D380D380D380D380D380D14
:10B41000380D380D380D380D380D380D380D380D04
:10B42000380D380D380D380D380D380D380D380DF4
:10B43000380D380D380D380D380D380D380D380DE4
:10B44000380D380D380D380D380D380D380D380DD4
:10B45000380D380D380D380D380D380D380D380DC4
:10B46000380D380D380D380D380D380D380D380DB4
:10B47000380D380D380D380D380D380D382C306B2F
:10B48000390A3949418648E5584360026802680133
:10B49000680168026822600168026802600158223F
:10B4A0006966F639FFBFD555610550026022680212
:10B4B00060226022682260026802680168226802D5
:10B4C0006822580158015863586358225822600175
:10B4D0006822600260026022602258225043488342
:10B4E00048E4416639662104106200010000000151
:10B4F00000210821000100010001080108010801E4
:10B50000080108010801000100010001000100011B
:10B510000001000100010001000100010001000123
:10B520000001000100010001000100010001000113
:10B530000001000100010001000100010001000103
:10B5400000010001000100010001000100010001F3
:10B5500000010001000100010001000100010001E3
:10B560000001000100010001080108010021002183
:10B5700000010001108329063949308A382C380D22
:10B58000380D382D384D302C490E6A31494D38CBA5
:10B5900038AC282A282B304C302B300B382C380C68
:10B5A000380D400E400E380D400D380D380D400E50
:10B5B000400E380D380D380D380D380D380D382D3A
:10B5C000382D382D380D380D380D380D380D380D13
:10B5D000380D380D380D380D380D380D380D380D43
:10B5E000380D380D380D380D380D380D380D380D33
:10B5F000380D380D380D380D380D380D380D380D23
:10B60000380D380D380D380D380D380D380D380D12
:10B61000380D380D380D380D380D380D380D380D02
:10B62000380D380D380D380D380D380D380D380DF2
:10B63000380D380D380D380D380D380D380D380DE2
:10B64000380D380D380D380D380D380D380D380DD2
:10B65000380D380D380D380D380D380D382C306B4D
:10B66000390A394941864905584360026802680130
:10B670006802600260026002680268016802582283
:10B680008AABFEFCFEBBA34E5042604260026802E1
:10B690006002600268226001600268226802600144
:10B6A000682260014801928BE51579875042584223
:10B6B00060016822680260026002602260225842D3
:10B6C000508348E4496641A73145108200000021BB
:10B6D000002100010001080108010801080108011A
:10B6E000080108010801000100010001000100013A
:10B6F0000001000100010001000100010001000142
:10B700000001000100010001000100010001000131
:10B710000001000100010001000100010001000121
:10B720000001000100010001000100010001000111
:10B730000001000100010001000100010001000101
:10B7400000010001000100010801080100210021A1
:10B7500000010001106320C5394930AA382C380D8A
:10B76000380D382D300D380D382C302B302B302B38
:10B77000384C302C302C300C380C380C380C380C41
:10B78000380D400D380D380D400D400D380D380D79
:10B79000400D380D380D380D380D380D380D382D59
:10B7A000382D380D380D380D380D380D380D380D51
:10B7B000380D380D380D380D380D380D380D380D61
:10B7C000380D380D380D380D380D380D380D380D51
:10B7D000380D380D380D380D380D380D380D380D41
:10B7E000380D380D380D380D380D380D380D380D31
:10B7F000380D380D380D380D380D380D380D380D21
:10B80000380D380D380D380D380D380D380D380D10
:10B81000380D380D380D380D380D380D380D380D00
:10B82000380D380D380D380D380D380D380D380DF0
:10B83000380D380D380D380D380D380D382C386B63
:10B84000390A39494186490458436002680268024E
:10B850006802600260026022680268016002502291
:10B86000B3F0FF3DBC3179A8584260026002680223
:10B87000682260016001682268226822600260021A
:10B880006022582279E9CCD4FF3DC47260E4502292
:10B89000580168226001680268026802680260223A
:10B8A0005842506348C44946414628E40861002193
:10B8B0000001002100010001000108010801080148
:10B8C0000801080100010001000100010001000160
:10B8D0000001000100010001000100010001000160
:10B8E0000001000100010001000100010001000150
:10B8F0000001000100010001000100010001000140
:10B90000000100010001000100010001000100012F
:10B91000000100010001000100010001000100011F
:10B92000000100010001000100010001000100010F
:10B9300000010001084218A4396938CA382B380DB3
:10B94000380D380D382D380D382C380C380C382D72
:10B95000380C380D382D380D402D402D380C380C52
:10B96000400D400D400D400D400D400D380D380D7F
:10B97000380D402D380D380D380D380D380D380D77
:10B98000380D380D380D380D380D380D380D380D8F
:10B99000380D380D380D380D380D380D380D380D7F
:10B9A000380D380D380D380D380D380D380D380D6F
:10B9B000380D380D380D380D380D380D380D380D5F
:10B9C000380D380D380D380D380D380D380D380D4F
:10B9D000380D380D380D380D380D380D380D380D3F
:10B9E000380D380D380D380D380D380D380D380D2F
:10B9F000380D380D380D380D380D380D380D380D1F
:10BA0000380D380D380D380D380D380D380D380D0E
:10BA1000380D380D380D380D380D380D382C386B81
:10BA2000390A39494186490458436002680268026C
:10BA30006802680260226022680260025801796729
:10BA4000DD76DD7661055822600260016822682299
:10BA50006802680168016822600260026822682248
:10BA6000580158A4CD14FF7EFF7EFEBB79A8582252
:10BA7000604260026802682268226002600160021F
:10BA8000602260225043508451054946312518A355
:10BA90000841000100010001000100010001000156
:10BAA000002100210001000100010001000100014E
:10BAB000000100010001000100010001000100017E
:10BAC000000100010001000100010001000100016E
:10BAD000000100010001000100010001000100015E
:10BAE000000100010001000100010001000100014E
:10BAF000000100010001000100010001000100013E
:10BB0000000100010001000100010001000100012D
:10BB10000001000100211063396938EA384B380D03
:10BB2000380D380D402D380C380C382D380D382D87
:10BB3000380D380D380D380D380D380D380D380DDD
:10BB4000402D380D380D380D380D400D402D402D4D
:10BB5000380D380C380D380D380D380D380D380DBE
:10BB6000380D380D380D380D380D380D380D380DAD
:10BB7000380D380D380D380D380D380D380D380D9D
:10BB8000380D380D380D380D380D380D380D380D8D
:10BB9000380D380D380D380D380D380D380D380D7D
:10BBA000380D380D380D380D380D380D380D380D6D
:10BBB000380D380D380D380D380D380D380D380D5D
:10BBC000380D380D380D380D380D380D380D380D4D
:10BBD000380D380D380D380D380D380D380D380D3D
:10BBE000380D380D380D380D380D380D380D380D2D
:10BBF000400D400D380D380D380D380D382C386B90
:10BC0000390A39494186490458436002680268028A
:10BC10006802680268226022602258015001B36EF7
:10BC2000FEBB92CC5022580260226822682260013A
:10BC300068027002680260026002602260026002B4
:10BC400058429AECFF1CFFDFFF7EABAF58A45802AE
:10BC50006022680268226802600268026802680264
:10BC60006802600260225843506348C449464166F6
:10BC700029040862002100010001000100010021E7
:10BC8000002100210001000100010001000100016C
:10BC9000000100010001000100010001000100019C
:10BCA000000100010001000100010001000100018C
:10BCB000000100010001000100010001000100017C
:10BCC000000100010001000100010001000100016C
:10BCD000000100010001000100010001000100015C
:10BCE000000100010801080100010001000100013C
:10BCF0000001000100010823396938EA384B380C8B
:10BD0000380D380D380D380D380D380D380E380E09
:10BD1000380E380E380D380D382D380D380D380DD9
:10BD2000382D402D402D402D380D380D382D380D33
:10BD3000380D402D382D380D380D400D400D400D7B
:10BD4000400D400D380D380D380D380D380D380DBB
:10BD5000380D380D380D380D380D380D380D380DBB
:10BD6000380D380D380D380D380D380D380D380DAB
:10BD7000380D380D380D380D380D380D380D380D9B
:10BD8000380D380D380D380D380D380D380D380D8B
:10BD9000380D380D380D380D380D380D380D380D7B
:10BDA000380D380D380D380D380D380D380D380D6B
:10BDB000380D380D380D380D380D380D380D380D5B
:10BDC000380D380D380D380D380D400D380D380D43
:10BDD000400D400D400D380D380D380D382C384BC6
:10BDE000390A3949416641045843600268026802D1
:10BDF00068026802680268226022582281A7D47310
:10BE0000E535612658226002600260026002680225
:10BE10006802680268026822600260026823582291
:10BE20004842CD14FFFFFFFFC4F450A3502260022C
:10BE30006822680268026822600168226802600263
:10BE400068226002600260235822504348A44925BA
:10BE50004186314508620001000108010001082205
:10BE60000042000100010001000100010001000189
:10BE700000010001000100010001000100010001BA
:10BE800000010001000100010001000100010001AA
:10BE9000000100010001000100010001000100019A
:10BEA000000100010001000100010001000100018A
:10BEB000000100010001000100010001000100017A
:10BEC000000108010801080108010001000100014A
:10BED000000100010001082231483109386B382C7B
:10BEE000380D380D380D380D380D380E380E380E27
:10BEF000380E380D380D380D380D382D380D380DF9
:10BF0000380D380D402D380D402E380D380D382D98
:10BF1000380C380D380D380D380D400D400D400DE2
:10BF2000400D400D380D380D380D380D380D380DD9
:10BF3000380D380D380D380D380D380D380D380DD9
:10BF4000380D380D380D380D380D380D380D380DC9
:10BF5000380D380D380D380D380D380D380D380DB9
:10BF6000380D380D380D380D380D380D380D380DA9
:10BF7000380D380D380D380D380D380D380D380D99
:10BF8000380D380D380D380D380D380D380D380D89
:10BF9000380D380D380D380D380D380D380D380D79
:10BFA000380D380D380D380D380D380D380D380D69
:10BFB000400D400D380D380D380D380D382C386BCC
:10BFC000390A3949418641045843680268026802C7
:10BFD000680268026803600260225862B36EFDD88E
:10BFE000BBD0586360226002600268026802680287
:10BFF00068026802682268226002600260225002C1
:10C0000069C7E618FFFFFF1C8ACB48226043600225
:10C0100060026002600268226802680268026802C8
:10C02000680268026802680260025843588348A4A4
:10C030004105416628E41062080108010001000181
:10C0400000010022000100010001000100010001C7
:10C0500000010001000100010001000100010001D8
:10C0600000010001000100010001000100010001C8
:10C0700000010001000100010001000100010001B8
:10C0800000010001000100010001000100010001A8
:10C090000001000100010001000100010001000198
:10C0A0000001080108010801000100010001000170
:10C0B000080108020001082229273929388A382C6A
:10C0C000380D380E380D380D380E380E380E380E43
:10C0D000380E380D400D380D380D402D382D380DE7
:10C0E000380D380D400D380D380D380D380D380D20
:10C0F000402D402E380D380D380D380D400D400DB7
:10C10000400D400D380D380D380D380D380D380DF7
:10C11000380D380D380D380D380D380D380D380DF7
:10C12000380D380D380D380D380D380D380D380DE7
:10C13000380D380D380D380D380D380D380D380DD7
:10C14000380D380D380D380D380D380D380D380DC7
:10C15000380D380D380D380D380D380D380D380DB7
:10C16000380D380D380D380D380D380D380D380DA7
:10C17000380D380D380D380D380D380D380D380D97
:10C18000380D380D380D380D380D380D380D380D87
:10C19000400D400D380D380D380D380D382C386BEA
:10C1A000390A3949418640E4584368026802680206
:10C1B000680268026803680260225863926AB32EBC
:10C1C00081A858436022600268026802680268021F
:10C1D00068026802600260016822682260025042C0
:10C1E0009B6EFF9EFEFCBC7260E550026002602206
:10C1F00060026843680268026802680268026802B6
:10C200006002680268026802682260225822506355
:10C2100050A448E549463105188308210001000172
:10C2200008020801080100010001000100010001ED
:10C2300000010801000100010001000100010001EE
:10C2400000010001000100010001000100010001E6
:10C2500000010001000100010001000100010001D6
:10C2600000010001000100010001000100010001C6
:10C2700000010001000100010001000100010001B6
:10C28000000108010801080100010001000100018E
:10C29000080208020001002220E53949308A382BC3
:10C2A000382D400E380D380E380E380E380E400E30
:10C2B000400D400D400D400D380D380D380C402D0F
:10C2C000380D400D380E400E400E400E380D380E21
:10C2D000402E380D380E380E380D380D380D380D0B
:10C2E000380D380D380D380D380D380D380D380D26
:10C2F000380D380D380D380D380D380D380D380D16
:10C30000380D380D380D380D380D380D380D380D05
:10C31000380D380D380D380D380D380D380D380DF5
:10C32000380D380D380D380D380D380D380D380DE5
:10C33000380D380D380D380D380D380D380D380DD5
:10C34000380D380D380D380D380D380D380D380DC5
:10C35000380D380D380D380D380D380D380D380DB5
:10C36000380D380D380D400D400D400D380D380D8D
:10C37000400D400D400D380D380D380D382D386BFF
:10C38000390A3949418640E558436802682260020B
:10C390006802680268026803580258225863500114
:10C3A000582358026022600268026802680268022C
:10C3B000680268026022602260225802500179A857
:10C3C000EE18FF3DA36E610558426043600268238A
:10C3D00060026022602260026802680268026802ED
:10C3E00068036802680268026822600260025802FC
:10C3F000502350A4510549663125188308210001B6
:10C40000080208010801000100010001000100010B
:10C410000001000100010001000100010001000114
:10C420000001000100010001000100010001000104
:10C4300000010001000100010001000100010001F4
:10C4400000010001000100010001000100010001E4
:10C4500000010001000100010001000100010001D4
:10C4600000010801080108010002000200010001AA
:10C47000080208020001000118A4396938AA382B03
:10C48000382D380E380D380D380D380E380E400D59
:10C49000400D400D380D400D402D402D380D402DE4
:10C4A000380D380D400D380D380D402E402E400E01
:10C4B000380E402E380E380E380D380D380D380D28
:10C4C000380D380D380D400D400D400D400D400D1C
:10C4D000400D400D400D400D400D400D400D400DF4
:10C4E000400D400D400D400D400D400D400D400DE4
:10C4F000400D400D400D400D400D400D400D400DD4
:10C50000400D400D400D400D400D400D400D400DC3
:10C51000400D400D400D400D400D400D400D400DB3
:10C52000400D400D400D400D400D400D400D400DA3
:10C53000400D400D400D400D400D400D400D400D93
:10C54000400D400D400D400D400D400D380D380D93
:10C55000400D400D400D380D380E380D382D386B1C
:10C56000390A3949416648E5584368036022600248
:10C570006002680368036823600260026042582218
:10C580006002600260026002680268026803680379
:10C590006802600260026022580258227167BC1172
:10C5A000FF3DABD050435001600260226002600248
:10C5B0006023600260026823680268026002600211
:10C5C00068236002600268226002600268236823B8
:10C5D00060025823506348E54166314618C4002183
:10C5E000000108220001000100010001000100011A
:10C5F0000001000100010001000100010001000133
:10C600000001000100010001000100010001000122
:10C610000001000100010001000100010001000112
:10C620000001000100010001000100010001000102
:10C6300000010001000100010001000100010001F2
:10C6400000010801080108010002000200010001C8
:10C6500008020801000100011083398938CA384BEB
:10C66000382D380D380D380D380D380D380D400D7A
:10C67000400D400D400D380D380D400D380D380D72
:10C68000380D402E382D382D380D300C380D402EF9
:10C69000380D380E380E380E380E380D380D380D6E
:10C6A000380D380D400D400D400D400D400D400D32
:10C6B000400D400D400D400D400D400D400D400D12
:10C6C000400D400D400D400D400D400D400D400D02
:10C6D000400D400D400D400D400D400D400D400DF2
:10C6E000400D400D400D400D400D400D400D400DE2
:10C6F000400D400D400D400D400D400D400D400DD2
:10C70000400D400D400D400D400D400D400D400DC1
:10C71000400D400D400D400D400D400D400D400DB1
:10C72000400D400D400D400D400D400D380D380DB1
:10C73000400D400D400D380D380E380D382D386B3A
:10C74000390A3949416648E5584368036022602246
:10C7500060026803600268026802600260026002B0
:10C76000600268236802680268026803680368035D
:10C77000680368036002602358425062AB6EF6198A
:10C78000FE3A79C850026843600268026802680293
:10C79000602260026002682360026803680360032D
:10C7A0005802580258225822580260226802680231
:10C7B000680368035823506349054966394618C41D
:10C7C00008420001000100010802080208020001FD
:10C7D0000001000100010001000100010001000151
:10C7E0000001000100010001000100010001000141
:10C7F0000001000100010001000100010001000131
:10C800000001000100010001000100010001000120
:10C810000001000100010001000100010001000110
:10C8200000010801080108010002000200010001E6
:10C8300008020801000100010862396838EA386B13
:10C84000382D400D400D400D400D400D400D380D70
:10C85000380D380D380D382D380D382D382D382D30
:10C86000382D380C382C302B382C384C380C380CF0
:10C87000380D400D400E400E400E400E400D380D5C
:10C88000380D400D400D400D400D400D400D400D48
:10C89000400D400D400D400D400D400D400D400D30
:10C8A000400D400D400D400D400D400D400D400D20
:10C8B000400D400D400D400D400D400D400D400D10
:10C8C000400D400D400D400D400D400D400D400D00
:10C8D000400D400D400D400D400D400D400D400DF0
:10C8E000400D400D400D400D400D400D400D400DE0
:10C8F000400D400D400D400D400D400D400D400DD0
:10C90000400D400D400D400E400E400E402D402D7C
:10C91000400D400D400D380D380E380D382D386B58
:10C92000390A3949496648E558436803602260225C
:10C93000602260236823680368027023680268022B
:10C940006803680268026802680368036803680392
:10C95000680368036823600250226987F639FF5E26
:10C96000BBF1588458436002600270236802700370
:10C970006802680360236823680268036803602311
:10C9800058438A29AB6E820958635822684368026B
:10C990006823600260235843508450E54926394695
:10C9A00020C4082100010001000100010001000174
:10C9B000000100010001000100010001000100016F
:10C9C000000100010001000100010001000100015F
:10C9D000000100010001000100010001000100014F
:10C9E000000100010001000100010001000100013F
:10C9F000000100010001000100010001000100012F
:10CA00000001080108010801000200020001000104
:10CA1000080208010001000108423127410A388B51
:10CA2000382C400D400E400E400D400D402D402D45
:10CA3000382D382D300C382D302C302B304B280A27
:10CA4000386B304B306A308A598F8AF569F2382B4F
:10CA5000380C402D400D400D400E400E400E400E53
:10CA6000400E400E400D400D400D400D400D400D5C
:10CA7000400D400D400D400D400D400D400D400D4E
:10CA8000400D400D400D400D400D400D400D400D3E
:10CA9000400D400D400D400D400D400D400D400D2E
:10CAA000400D400D400D400D400D400D400D400D1E
:10CAB000400D400D400D400D400D400D400D400D0E
:10CAC000400D400D400D400D400D400D400D400DFE
:10CAD000400D400D400D400D400D400D400D400DEE
:10CAE000400D400D400D400E400E400E402D402D9B
:10CAF000400D400D400D380D380E380D382D386B77
:10CB0000390A3949496648E5584360036022602282
:10CB100060036803600368036803680268027023A7
:10CB200068036803680268026803680368036803AF
:10CB300068036803680260225883BC10FF1DDD355E
:10CB40006926582358236023602368037003680311
:10CB50006803680260236003680368236003582247
:10CB60006105D514FF5DFE9A9AED58436002680393
:10CB700068026803682360236023584350A4512649
:10CB8000394618C400210002000100010001000123
:10CB9000000100010001000100010001000100018D
:10CBA000080108010001000100010001000100016D
:10CBB000000100010001000100010001000100016D
:10CBC000000100010001000100010001000100015D
:10CBD000000100010001000100010001000100014D
:10CBE0000001080108010801000200020001000123
:10CBF000080208020802000100422906392938AB60
:10CC0000384C380D400E400E400E400D402D382D52
:10CC1000384C384C388D306B306B492D61EF6A30B1
:10CC20009BF7C53BC51BC51BDDBEEE1F9337382BDD
:10CC3000382C380C400D400D400E400E400E400E7A
:10CC4000400E400E400E400E400E400E400E400E74
:10CC5000400E400E400E400E400E400E400E400E64
:10CC6000400E400E400E400E400E400E400E400E54
:10CC7000400E400E400E400E400E400E400E400E44
:10CC8000400E400E400E400E400E400E400E400E34
:10CC9000400E400E400E400E400E400E400E400E24
:10CCA000400E400E400E400E400E400E400E400E14
:10CCB000400E400E400E400E400E400E400E400E04
:10CCC000400E400E400E400E400E400D402D402DB7
:10CCD000400D400E400D400D400E380D382D384BA4
:10CCE000390A3949416648E55844600360236023A6
:10CCF00068036803680368036803680368036803DC
:10CD000068036803680368036803680368036803CB
:10CD100068036803600258229AACFE7AAB4E60E565
:10CD20005822600360236023680368036803680374
:10CD30006803680360236003682360036003500294
:10CD4000930DFF5DFFDFFFDFCC52584360036802A5
:10CD50006823680360236003680360236043508492
:10CD6000412539862125108300020001000200229E
:10CD70000022000208020002000200220002080253
:10CD80000802080208020802080208020802080253
:10CD90000802080208020802080208020802080243
:10CDA0000802080208020802080208020802080233
:10CDB0000802080208020802080208020802080223
:10CDC00008020802080100010002000200220022FD
:10CDD0000802080208020802002118E53969390A28
:10CDE000386B382D402D380D400D402E380C300B4F
:10CDF000308B7AD3A458A457CDBCDE5DEEBEE6BE20
:10CE0000FF9FFFBFFF5FDE1F729261B0490E382C9B
:10CE1000382D380D400E400E400D400D400E400E96
:10CE2000400E400E400E400E400E400E400E400E92
:10CE3000400E400E400E400E400E400E400E400E82
:10CE4000400E400E400E400E400E400E400E400E72
:10CE5000400E400E400E400E400E400E400E400E62
:10CE6000400E400E400E400E400E400E400E400E52
:10CE7000400E400E400E400E400E400E400E400E42
:10CE8000400E400E400E400E400E400E400E400E32
:10CE9000400E400E400E400E400E400E400E400E22
:10CEA000400E400E400E400E400D400D400D400D16
:10CEB000400E400E400D400D400E380D402D386B99
:10CEC000390A3949416748E55844600360236803DB
:10CED00068036803680368036803680368036803FA
:10CEE00068036803680368036803680368036803EA
:10CEF0006803680360025802A2CCE4F57146480159
:10CF000060236803680368036803680368036803B1
:10CF10006803600360236003682358035823612675
:10CF2000C4F4FFDFFFDFFEBB9ACC5823600360022E
:10CF30006803680360036003680368036823584359
:10CF400048C44145396621050842000100220022FB
:10CF50000001000208020802000200220022000272
:10CF60000802080208020802080208020802080271
:10CF70000802080208020802080208020802080261
:10CF80000802080208020802080208020802080251
:10CF90000802080208020802080208020802080241
:10CFA000080208020801000100020002000200015C
:10CFB0000001080208020802000118C431A8394A19
:10CFC000386B382C382D400D482E380D488E596F4F
:10CFD0008354CDDCEEDFEEDFFFDFFFDFFFDFFFDFBF
:10CFE000EEDFACB8A43782F3306B280A300C380D72
:10CFF000402E402E400E400E400D400D400D400E84
:10D00000400E400E400E400E400E400E400E400EB0
:10D01000400E400E400E400E400E400E400E400EA0
:10D02000400E400E400E400E400E400E400E400E90
:10D03000400E400E400E400E400E400E400E400E80
:10D04000400E400E400E400E400E400E400E400E70
:10D05000400E400E400E400E400E400E400E400E60
:10D06000400E400E400E400E400E400E400E400E50
:10D07000400E400E400E400E400E400E400E400E40
:10D08000400E400E400E400E400D400D400D400D34
:10D09000400E400E400D400D400E380D402D386CB6
:10D0A000390A3949416748E55844600360236803F9
:10D0B0006803680368036803680368036803680318
:10D0C0006803680368036803680368036803680308
:10D0D000680368036823580270E5818860846043B0
:10D0E00060026003680368036803680368036803F9
:10D0F00068036803680368236003584358C59B6E40
:10D10000FEFCFFBFEE189B2E58436003602368238C
:10D11000680368036803680368036803680360239F
:10D12000586450A55126414720E4084200010022DE
:10D1300000020002080208020002000200020002CF
:10D1400008010801080200020002000200020002B9
:10D1500000020002000200020002000200020002BF
:10D1600000020002000200020002000200020002AF
:10D17000000200020002000200020002000200029F
:10D180000002000200010001000200020002000192
:10D190000801080208020802000110A33168396A78
:10D1A000308B384C380D400D400D400D614F93359C
:10D1B000FF1FFF9FFF9FFF9FFF7FD5BC9C169BF625
:10D1C0007292388B384B406C382C402D400D400EFD
:10D1D000400D400E400E400E400D400D400D400DE4
:10D1E000400D400D400E400E400E400E400E400ED1
:10D1F000400E400E400E400E400E400E400E400EBF
:10D20000400E400E400E400E400E400E400E400EAE
:10D21000400E400E400E400E400E400E400E400E9E
:10D22000400E400E400E400E400E400E400E400E8E
:10D23000400E400E400E400E400E400E400E400E7E
:10D24000400E400E400E400E400E400E400E400E6E
:10D25000400E400E400E400E400E400E400E400E5E
:10D26000400E400E400E400E400D400D400D400D52
:10D27000400E400E400D400D400E400D402D386CCC
:10D28000390A3949416748E55844600360236823F7
:10D290006803680368036803680368036803680336
:10D2A0006803680368036803680368036803680326
:10D2B00068036803680360026043582358226023B0
:10D2C00060026823680368036803700370036803DF
:10D2D000680368036803600358025884BC32FEFC8C
:10D2E000FF9ECD3571C958636023684460026003B6
:10D2F00068036803680368036803600360036003EE
:10D300006023604450A54906414620E40021000105
:10D3100008220802080208020002000200020002BD
:10D3200008020802080200020002000200020002D5
:10D3300000020002000200020002000200020002DD
:10D3400000020002000200020002000200020002CD
:10D3500000020002000200020002000200020002BD
:10D3600000020002000100020002000200020001AF
:10D370000801080208020802002108622926396A09
:10D3800038AB384C380C482E400D400D404C69D01D
:10D39000F69FE63E8B947AF27291516E2829302ADC
:10D3A000382C380C380C380D402D400D400D482ECF
:10D3B000400E400E400E400E400E400D400D400D00
:10D3C000400D400D400E400E400E400E400E400EEF
:10D3D000400E400E400E400E400E400E400E400EDD
:10D3E000400E400E400E400E400E400E400E400ECD
:10D3F000400E400E400E400E400E400E400E400EBD
:10D40000400E400E400E400E400E400E400E400EAC
:10D41000400E400E400E400E400E400E400E400E9C
:10D42000400E400E400E400E400E400E400E400E8C
:10D43000400E400E400E400E400E400E400E400E7C
:10D44000400E400E400E400E400D400D400D400D70
:10D45000400E400E400D400D400E400D402D384C0A
:10D46000390A3949416649055844600368236823ED
:10D470006803680368036803680368036803680354
:10D480006803680368036803680368036803680344
:10D4900068036803704460036003602360026803EC
:10D4A0006803680368036803680368036803680324
:10D4B00068036803680360235043B3D0FF7DFF9E79
:10D4C000EE1971C85043580368236003680368234A
:10D4D000680368037003680360236023602360238C
:10D4E00068036003584450844926416618C40822E2
:10D4F00000010801080208020002002208220802B6
:10D5000008020802080208020802080208020802CB
:10D5100008020802080208020802080208020802BB
:10D5200008020802080208020802080208020802AB
:10D53000080208020802080208020802080208029B
:10D54000080208020802080208020802000200029B
:10D550000802080208020802002100222106398A76
:10D5600038EB384B404D400E480E400E380C384CCE
:10D5700061D1518F304B302B302B384C384D382DFA
:10D58000402D402E400E400D482E400D400D400DC8
:10D59000480D480E400E400E400E400E400E400E0C
:10D5A000400E400E400E400E400E400E400E400E0B
:10D5B000400E400E400E400E400E400E400E400EFB
:10D5C000400E400E400E400E400E400E400E400EEB
:10D5D000400E400E400E400E400E400E400E400EDB
:10D5E000400E400E400E400E400E400E400E400ECB
:10D5F000400E400E400E400E400E400E400E400EBB
:10D60000400E400E400E400E400E400E400E400EAA
:10D61000400E400E400E400E400E400E400E400E9A
:10D62000400E400E400E400E400D400D402D400E6D
:10D63000400E400E400E400D400E400D402D384C27
:10D64000390A39494166490558446003682368230B
:10D650006803680368036803680368036803680372
:10D660006803680368036803680368036803680362
:10D670006803680368036823680368036803680332
:10D680006823680368036803680368036803680322
:10D6900068036803600358026946EDF8FFBFFF1C8A
:10D6A000A36F58845803682468037024684468038F
:10D6B00068026803680368036023602360236003D3
:10D6C000680368036023584450A54926394620C49E
:10D6D00008220001080208020002000208020802F3
:10D6E00008020802080208020802080208020802EA
:10D6F00008020802080208020802080208020802DA
:10D7000008020802080208020802080208020802C9
:10D7100008020802080208020802080208020802B9
:10D7200008020802080208020802080200020802B1
:10D7300008020802080208020001002118E5398ADF
:10D74000412B304B382C400D480E400E400E380D0A
:10D75000300B302C300C404E382D380D402E400D03
:10D76000482E400D400E400E400D400D480D400D1E
:10D77000480D480D400E400E400E400E400E400E2B
:10D78000400E400E400E400E400E400E400E400E29
:10D79000400E400E400E400E400E400E400E400E19
:10D7A000400E400E400E400E400E400E400E400E09
:10D7B000400E400E400E400E400E400E400E400EF9
:10D7C000400E400E400E400E400E400E400E400EE9
:10D7D000400E400E400E400E400E400E400E400ED9
:10D7E000400E400E400E400E400E400E400E400EC9
:10D7F000400E400E400E400E400E400E400E400EB9
:10D80000400E400E400E400E400D400D400D400EAB
:10D81000400E400E400E400D402E400D402D384C25
:10D82000390A394941664905584460036823682329
:10D830006803680368036803680368036803680390
:10D840006803680368036803680368036803680380
:10D850006803680368036803700370246802680340
:10D860006823680368036803680368236823680300
:10D870006803680360235883B3F0FEFCEDF8AB8FB8
:10D88000710658036023682460036803600368031B
:10D8900070246803680368036823682360036803CF
:10D8A0006803680360236023586450A549263946FD
:10D8B00020C408220002000200020002080208023E
:10D8C0000802000208020802080208020802080210
:10D8D00008020802080208020802080208020802F8
:10D8E00008020802080208020802080208020802E8
:10D8F00008020802080208020802080208020802D8
:10D9000008020802080208020802080208020002CF
:10D9100008020802080208020001002110A4314890
:10D92000412A308A384C402E400E400E400E402E88
:10D93000404D380D402D400E400E482E484E400DB3
:10D94000400D484E400D402E400D402E402D400DC4
:10D95000400D400D400D400E400E400E400E400E5A
:10D96000400E400E400E400E400E400E400E400E47
:10D97000400E400E400E400E400E400E400E400E37
:10D98000400E400E400E400E400E400E400E400E27
:10D99000400E400E400E400E400E400E400E400E17
:10D9A000400E400E400E400E400E400E400E400E07
:10D9B000400E400E400E400E400E400E400E400EF7
:10D9C000400E400E400E400E400E400E400E400EE7
:10D9D000400E400E400E400E400E400E400E400ED7
:10D9E000400E400E400E400E400D400D400D400ECA
:10D9F000400E400E400E400D402E402E402D386C03
:10DA0000390A394941664905584460036823682347
:10DA100068036803680368036803680368036803AE
:10DA2000680368036803680368036803680368039E
:10DA30006803680368036803700368037003702455
:10DA400068036824680368036803682368236823FD
:10DA5000680360235022928BFE5AD53579E95864C9
:10DA600060036003680368236823682368236803EE
:10DA70006803700368036803680368036803680346
:10DA800068036823682460036023588450C54947AD
:10DA90003946188300020002000200020002080258
:10DAA0000802080208020802080208020802080226
:10DAB0000802080208020802080208020802080216
:10DAC0000802080208020802080208020802080206
:10DAD00008020802080208020802080208020802F6
:10DAE00008020802080208020802080208020802E6
:10DAF000080208020802000200010022086320C692
:10DB0000392A38CB384C380D482E400E480E400D7F
:10DB1000482D400D400D400E480E480E400D482D3A
:10DB2000400D400D400D402E400D400E402E402E29
:10DB3000400D400D400D400D400E400E400E400E79
:10DB4000400D400E400E400E400E400E400E400E66
:10DB5000400E400E400E400E400E400E400E400E55
:10DB6000400E400E400E400E400E400E400E400E45
:10DB7000400E400E400E400E400E400E400E400E35
:10DB8000400E400E400E400E400E400E400E400E25
:10DB9000400E400E400E400E400E400E400E400E15
:10DBA000400E400E400E400E400E400E400E400E05
:10DBB000400E400E400E400E400E400E400E400EF5
:10DBC000400E400E400E400E400D400D400D400EE8
:10DBD000400E480E400E400D402E400E402D386C39
:10DBE000390A394941664905586460036823682346
:10DBF00068036803680468036803680368036803CC
:10DC000068036803680368036803680368036803BC
:10DC10006823682368036803700370037003680354
:10DC2000680368236003682368036824680360034B
:10DC300060035843A2EDF5D8EDB779E958235803AE
:10DC400068446803680368236823682368036803DB
:10DC50006803680368037024680368036803680343
:10DC6000682360036803680368236024584450C530
:10DC700041263967108300020002082200220002B8
:10DC8000080208020802080208020802080200024C
:10DC90000002000208020802080208020802080244
:10DCA0000802080208020802080208020802080224
:10DCB0000802080208020802080208020802080214
:10DCC0000802080208020802080208020802080204
:10DCD0000802080208020802002200210002104483
:10DCE000396A38EA384B404D400D400D480D480D1B
:10DCF000400C400D480D480D480E480E400D400D9B
:10DD0000400D400D402E400E400E402E402E402E25
:10DD1000400E400E400D400E400E400D400D480E8E
:10DD2000400D400D400E400E400E400E400E400E85
:10DD3000400E400E400E400E400E400E400E400E73
:10DD4000400E400E400E400E400E400E400E400E63
:10DD5000400E400E400E400E400E400E400E400E53
:10DD6000400E400E400E400E400E400E400E400E43
:10DD7000400E400E400E400E400E400E400E400E33
:10DD8000400E400E400E400E400E400E400E400E23
:10DD9000400E400E400E400E400E400E400E400E13
:10DDA000400E400E400E400E400D400D400D400E06
:10DDB000400E480E400D400D400E400D402D384C99
:10DDC000390A394941664905586460036823682364
:10DDD00068036804680468046803680368036803E8
:10DDE00068036803680368036803680368036803DB
:10DDF0006823602368036803680370037003680383
:10DE00006803602360036824680368036803684448
:10DE100058037106E536FE5AB390608460036803C8
:10DE20006803680368246803680368036803680379
:10DE30006824680370246803680360035803582348
:10DE40005803602368236823682368246024588566
:10DE50004906414728E51063000200020022000243
:10DE60000802080208020802080208020802080262
:10DE7000080200020802080208020802080208025A
:10DE80000802080208020802080208020802080242
:10DE90000802080208020802080208020802080232
:10DEA0000802080208020802080208020802080222
:10DEB00008020802080208020002002200021043C1
:10DEC0003949390A386B404D400D480D480D480D11
:10DED000400D400D480D480E480E480E400E400DB6
:10DEE000400E400E400D400D400E400E400E400EC4
:10DEF000400E400E400E400D400D400D480E480EA5
:10DF0000400E400E400E400E400E400E400E400EA1
:10DF1000400E400E400E400E400E400E400E400E91
:10DF2000400E400E400E400E400E400E400E400E81
:10DF3000400E400E400E400E400E400E400E400E71
:10DF4000400E400E400E400E400E400E400E400E61
:10DF5000400E400E400E400E400E400E400E400E51
:10DF6000400E400E400E400E400E400E400E400E41
:10DF7000400E400E400E400E400E400E400E400E31
:10DF8000400E400E400E400E400D400D400D400E24
:10DF9000480E480E400D400D400E400D402D384CAF
:10DFA000390A394941664905586460036823682382
:10DFB0006803680468046804680368036803680306
:10DFC00068036804680368036803680368036803F8
:10DFD0006823602368236803680368036803680391
:10DFE000602360236804680468036824680360038E
:10DFF0005843AACDFDF9DC7470C660036824680339
:10E00000600368246824680368036824680368035D
:10E01000682360036803680360035843822AAB4E99
:10E0200081C9584360036803680368236024582447
:10E030005085510641473126108300220002080214
:10E040000802080208020802080208020802080280
:10E050000802080208020802080208020802080270
:10E060000802080208020802080208020802080260
:10E070000802080208020802080208020802080250
:10E080000802080208020802080208020802080240
:10E090000802080208020802000200020022082307
:10E0A0002907392A388B404C400D480E480E400E47
:10E0B000400E400E400E480E480E480E400E400ED8
:10E0C000400E480E480D480D480D400D400E400EC4
:10E0D000400E400E482E482E482E482E480E400E28
:10E0E000400E482F400E400E400E400E400E400E97
:10E0F000400E400E400E400E400E400E400E400EB0
:10E10000400E400E400E400E400E400E400E400E9F
:10E11000400E400E400E400E400E400E400E400E8F
:10E12000400E400E400E400E400E400E400E400E7F
:10E13000400E400E400E400E400E400E400E400E6F
:10E14000400E400E400E400E400E400E400E400E5F
:10E15000400E400E400E400E400E400E400E400E4F
:10E16000400E400E400E400E480D400D400D400E3A
:10E17000480E480E400E400D400E400E402D386CAB
:10E18000390A3949416649055864600368236803C0
:10E190006804680468046804680468036803680322
:10E1A0006804680468046803680368036803680314
:10E1B00068036023682368036803680368036803CF
:10E1C00060236804680468046804680368036824BA
:10E1D000582389CAA26C812760036803680360031F
:10E1E0006824602468036803680470246803680373
:10E1F00068246023680368445823928CEE19FF3D1D
:10E20000EDB881C958036803680368036824600394
:10E210005824508549064147292610630002080208
:10E22000080208020802080208020802080208029E
:10E23000080208020802080208020802080208028E
:10E24000080208020802080208020802080208027E
:10E25000080208020802080208020802080208026E
:10E260000802080200020802080208020802080266
:10E270000002000208020802080200020022000256
:10E2800020A5394938AB384C400D480E400E400EA1
:10E29000400E400E400F480F480F480E400E400EF3
:10E2A000400E480E400D502E400D480E482E400E98
:10E2B000402E400D400D400D400D480E482E400EA2
:10E2C000400E400E400E400E400E400E400E480ED6
:10E2D000480E480E400E400E400E400E400E400EBE
:10E2E000400E400E400E400E480E480E480E480E9E
:10E2F000400E400E480E480E400E400E400E400E9E
:10E30000480E480E400E400E480E480E480E480E6D
:10E31000400E400E400E400E400E400E400E400E8D
:10E32000400E400E400E400E400E400E400E400E7D
:10E33000400E400E400E400E400E400E400E400E6D
:10E34000400E400E400E400E480D480D400D400E50
:10E35000480E480E480E400D400E400E402D386CC1
:10E36000390A3949416748E55864600368236803FE
:10E37000680468046804680468046804680368033F
:10E38000680468046804680468046804680468042D
:10E39000680468046804680468046804680468041D
:10E3A00068046804680468046804600368036824F7
:10E3B00060236003580260036824680360036024DC
:10E3C00060046804680468046804680468036824D6
:10E3D000684460246003582358C5CCF4FF9EFFDFD7
:10E3E000FF7FA32E58036803682368036824602412
:10E3F00060035844506448E6414728E50822080273
:10E40000082208020802080208020802080208029C
:10E4100008020802080208020802080208020802AC
:10E42000080208020802080208020802080208029C
:10E43000080208020802080208020802080208028C
:10E44000080208020822080208020802080208025C
:10E450000822082208020802080200020022000224
:10E460001884394938CB386C402D402E400E400E70
:10E47000400E400E400E480E480E480E400E400E14
:10E48000400E480E480E400D480D482E400D380CE9
:10E49000404D402D400D402D400D400D480D400D8C
:10E4A000400E482E400E400E400E480E480E480EBC
:10E4B000480E480E480E480E480E480E480E480EAC
:10E4C000480E480E400E400E480E480E480E480EAC
:10E4D000400E400E480E480E400E400E400E400EBC
:10E4E000480E480E400E400E480E480E480E480E8C
:10E4F000400E400E480E480E480E480E480E480E7C
:10E50000480E480E480E480E480E480E480E480E5B
:10E51000480E480E480E480E480E480E480E480E4B
:10E52000480E480E480E480E480E480D400D480E45
:10E53000480E480E480E400D400E400E402D386CDF
:10E54000390A3949416748E558646003682368031C
:10E55000680468046804680468046804680368045C
:10E56000680468046804680468046804680468044B
:10E57000680468046804680468046804680468043B
:10E58000680468047004680368046824680460030D
:10E59000684460036824682468036803682460048E
:10E5A00060036824680468046804680468046804F4
:10E5B0006024580358445064828BEE5AFFDFFFBF3B
:10E5C000EDF98A2A600368046824600368236824DC
:10E5D00068046024582450844926392618630802A8
:10E5E00008020802080208020802080208020802DB
:10E5F00008020802080208020802080208020802CB
:10E6000008020802080208020802080208020802BA
:10E6100008020802080208020802080208020802AA
:10E620000802080200220802080208020802080282
:10E63000002208220802080208020802082200023A
:10E6400010633128390A38AB404C402D400E400E43
:10E65000400E400E480E480E480E480D400D402E0C
:10E66000400E400E400D400C404D382C384C384C7C
:10E67000300B406C615058F0484E482D482E400DEC
:10E68000400D400D480E480E480E480E480E480EEC
:10E69000480E480E480E480E480E480E480E480ECA
:10E6A000480E480E480E480E480E480E480E480EBA
:10E6B000480E480E480E480E480E480E480E480EAA
:10E6C000480E480E480E480E480E480E480E480E9A
:10E6D000480E480E480E480E480E480E480E480E8A
:10E6E000480E480E480E480E480E480E480E480E7A
:10E6F000480E480E480E480E480E480E480E480E6A
:10E70000480E480E480E480E480E480D480D480E5B
:10E71000480E480E480E400D400E400E402D386CFD
:10E72000410A3949416748E5586460036823680332
:10E73000680468046804680468046804680368047A
:10E740006804680468046804680468046804680469
:10E750006804680468046804680468046804680459
:10E760006804680468046804680468046804680449
:10E7700068246003680368246004682468046804EB
:10E780006824680368046804680468047004680303
:10E790005803586458A58A6BEDD8FF9FFF3DDD975D
:10E7A000824B58236004680360046824680368038C
:10E7B000680468046024584450C641262905108422
:10E7C00008220002080208020802080208020802E1
:10E7D00008020802080208020802080208020802E9
:10E7E00008020802080208020802080208020802D9
:10E7F00008020802080208020802080208020802C9
:10E800000802080200220022080208020802080288
:10E810000022082208020802080208020822000258
:10E82000082228E6394940EA406B402C400E400E51
:10E83000400E480E480E480E480D480D402D402D04
:10E84000402E402D382C382B384B386A516E8B14A3
:10E85000A3B7ABD8ABD98A75508F400D400E400E90
:10E86000480E480E480E480E480E480E480E480EF8
:10E87000480E480E480E480E480E480E480E480EE8
:10E88000480E480E480E480E480E480E480E480ED8
:10E89000480E480E480E480E480E480E480E480EC8
:10E8A000480E480E480E480E480E480E480E480EB8
:10E8B000480E480E480E480E480E480E480E480EA8
:10E8C000480E480E480E480E480E480E480E480E98
:10E8D000480E480E480E480E480E480E480E480E88
:10E8E000480E480E480E480E480E480D480D480E7A
:10E8F000480E480E480E400D400E400E402D386C1C
:10E90000410A3949416748E558646004682368044E
:10E910006804680468046804680468046804680497
:10E920006804680468046804680468046804680487
:10E930006804680468046804680468046804680477
:10E940006804680468046824680468046804680447
:10E95000680368046804680460246003682468032A
:10E960006804680468046824680468046804600330
:10E9700058646927C453FE9BFF5EDD978AED698862
:10E9800058646003682468046804682468046803A1
:10E990006804680468046024508548E6416731468D
:10E9A00018A408220002080208020802080208024D
:10E9B0000802080208020802080208020802080207
:10E9C00008020802080208020802080208020802F7
:10E9D00008020802080208020802080208020802E7
:10E9E00008020802000208020802080208020802DF
:10E9F00008020802080208020802080208230002AE
:10EA0000000218A43969412A38AB382C400D480E51
:10EA1000480E480E480E480E480D402D402C404CE4
:10EA2000404C384C512D6A109BB6C4FBD59DFEBF9F
:10EA3000FE9FA3B871F25910400D400E482F400EB2
:10EA4000480E480E480E480E480E480E480E480E16
:10EA5000480E480E480E480E480E480E480E480E06
:10EA6000480E480E480E480E480E480E480E480EF6
:10EA7000480E480E480E480E480E480E480E480EE6
:10EA8000480E480E480E480E480E480E480E480ED6
:10EA9000480E480E480E480E480E480E480E480EC6
:10EAA000480E480E480E480E480E480E480E480EB6
:10EAB000480E480E480E480E480E480E480E480EA6
:10EAC000480E480E480E480E480E480E480E480E96
:10EAD000480E480E480E400D400E400E402D386C3A
:10EAE000390A3949416648E55844600468046804B5
:10EAF00068046804680468046804680468046804B6
:10EB000068046804680468046804680468046804A5
:10EB10006804680468046804680468046804680495
:10EB20006804680468046804680468046804680485
:10EB30006804680468046804680468046804680475
:10EB40006804680460046003680370046824580360
:10EB500060E6BC32FF5EFFBFF6197A2A50435803C5
:10EB6000600468046804680468046804680468044D
:10EB700068046804680460245845508548E64147A5
:10EB8000312608420022000208230002000200226F
:10EB90000002080308020802080208020022080214
:10EBA0000803080308020802080208020802080213
:10EBB0000802080208020802080208020802080205
:10EBC00008020802080208020802080208020802F5
:10EBD00008020802080208020802080208020802E5
:10EBE000082310633147394938AB404C480D480E73
:10EBF000480E480E480E480E484E300B302B282940
:10EC000061F0B459D5FCE69EFF5FFFBFE63FA3D796
:10EC10007252408C382C400D400E400E400E400E7B
:10EC2000400E480E480E480E480E480E480E480E3C
:10EC3000480E480E480E480E480E480E480E480E24
:10EC4000480E480E480E480E480E480E480E480E14
:10EC5000480E480E480E480E480E480E480E480E04
:10EC6000480E480E480E480E480E480E480E480EF4
:10EC7000480E480E480E480E480E480E480E480EE4
:10EC8000480E480E480E480E480E480E480E480ED4
:10EC9000480E480E480E480E480E480E480E480EC4
:10ECA000480E480E480E480E480E480E480E480EB4
:10ECB000480E480E480E480E480E400E482E406C36
:10ECC000390A3949416648E55844680468046804CB
:10ECD00068046804680468046804680468046804D4
:10ECE00068046804680468046804680468046804C4
:10ECF00068046804680468046804680468046804B4
:10ED000068046804680468046804680468046804A3
:10ED10006804680468046804680468046804680493
:10ED20006804680468246804682460035803504336
:10ED30007A0AFE9BFF9FEE39A36F5884580368241C
:10ED40006804680468046804680468046804680463
:10ED500068046804680460046024584558C649067D
:10ED60003946188300220002080308030002082322
:10ED70000803080308030803080308030023080323
:10ED8000080308030803080308030803080308032B
:10ED9000080308030803080308030803080308031B
:10EDA000080308030803080308030803080308030B
:10EDB00008030803080208030803080308030802FD
:10EDC000080310432926398940EB384C402D482E42
:10EDD000480E480D480E400D406D59B07292835355
:10EDE000BCF9FEFFFFBFFFDFFF7FCD5B9355510DE9
:10EDF000300B380C402D400E400E480E480E480E89
:10EE0000480E480E480E480E480E480E480E480E52
:10EE1000480E480E480E480E480E480E480E480E42
:10EE2000480E480E480E480E480E480E480E480E32
:10EE3000480E480E480E480E480E480E480E480E22
:10EE4000480E480E480E480E480E480E480E480E12
:10EE5000480E480E480E480E480E480E480E480E02
:10EE6000480E480E480E480E480E480E480E480EF2
:10EE7000480E480E480E480E480E480E480E480EE2
:10EE8000480E480E480E480E480E480E480E480ED2
:10EE9000480E480E480E480E480E480E482E406C4C
:10EEA000390A31494166490658446804682468248F
:10EEB00068046804680468246804680468046804D2
:10EEC00068046804680468046804680468046804E2
:10EED00068046804680468046804680468046804D2
:10EEE00068046804680468046804680468046804C2
:10EEF00068046804680468046804680468046804B2
:10EF000068046804680368046003584450436988CF
:10EF1000DD15FEDCC473822A60A5580360446804D2
:10EF20006804680468046804680468046804680481
:10EF300068046804680468246804602458444885A8
:10EF40004946312610630823000208020002080225
:10EF5000082308020803080308030803082308031A
:10EF60000803080308030803080308030803080349
:10EF70000803080308030803080308030803080339
:10EF80000803080308030803080308030803080329
:10EF9000080308030803080308030803080308021A
:10EFA0000802082318C53989390B388B402D482FA2
:10EFB000480E400E402E382C512EC53CF6FFFF7FE8
:10EFC000FFBFFF9FEE9FC53AA3D6512D406C404D29
:10EFD000404E482E480E480E480E480E480E480E29
:10EFE000480E480E480E480E480E480E480E480E71
:10EFF000480E480E480E480E480E480E480E480E61
:10F00000480E480E480E480E480E480E480E480E50
:10F01000480E480E480E480E480E480E480E480E40
:10F02000480E480E480E480E480E480E480E480E30
:10F03000480E480E480E480E480E480E480E480E20
:10F04000480E480E480E480E480E480E480E480E10
:10F05000480E480E480E480E480E480E480E480E00
:10F06000480E480E480E480E480E480E480E480EF0
:10F07000480E480E480E480E480E480E482E406C6A
:10F08000390A3149416749065844680468246824AC
:10F090006804680468046804680468046804680410
:10F0A0006804680468046804680468046804680400
:10F0B00068046804680468046804680468046804F0
:10F0C00068046804680468046804680468046804E0
:10F0D00068046804680468046804680468046804D0
:10F0E0006804680470046824582358A5A34FEDD918
:10F0F000F5F99AED68E65003580360246024600433
:10F1000068246804602460246824682468046824EF
:10F1100068246824600468046804680460245064F7
:10F1200048E64147290618A40802080208230802F5
:10F130000803080308030803080308030803080377
:10F140000803080308030803080308030803080367
:10F150000803080308030803080308030803080357
:10F160000803080308030803080308030803080347
:10F170000803080308030803080308030803080337
:10F180000802080310632907394A38AB384D402E6E
:10F19000400E482E484E380C514EEE7FFFBFFFBF49
:10F1A000F6FF9BF56A3048CC406B404C400D400E5A
:10F1B000480E480E480E480E480D480D480D480EA2
:10F1C000480E480E480E480E480E480E480E480E8F
:10F1D000480E480E480E480E480E480E480E480E7F
:10F1E000480E480E480E480E480E480E480E480E6F
:10F1F000480E480E480E480E480E480E480E480E5F
:10F20000480E480E480E480E480E480E480E480E4E
:10F21000480E480E480E480E480E480E480E480E3E
:10F22000480E480E480E480E480E480E480E480E2E
:10F23000480E480E480E480E480E480E480E480E1E
:10F24000480E480E480E480E480E480E480E480E0E
:10F25000480E480E480E480E480E480E482E406C88
:10F26000390A3949416749065845680468246804E1
:10F27000680468046804680468046804680468042E
:10F28000680468046804680468046804680468041E
:10F29000680468046804680468046804680468040E
:10F2A00068046804680468046804680468046804FE
:10F2B00068046804680468046804680468046804EE
:10F2C00068046804680460035843AB4FFF3EFE9B2C
:10F2D00092AD586458036004682468046824682464
:10F2E000680468046024602468246804680468046E
:10F2F000680468046825680468046804600460455C
:10F30000506448E64168314710430002082308036F
:10F310000803080308030803080308030803080395
:10F320000823080308030803080308030803080365
:10F330000803080308030803080308030803080375
:10F340000803080308030803080308030803080365
:10F350000803080308030803080308030803080355
:10F360000802080208221864396938EA386C402E0D
:10F37000480E480F400E404D48CEBC9BD59CA4364D
:10F38000727140AC382B404D402D482E400E480F36
:10F39000480E480E480E480E480D480D480E480EBF
:10F3A000480E480E480E480E480E480E480E480EAD
:10F3B000480E480E480E480E480E480E480E480E9D
:10F3C000480E480E480E480E480E480E480E480E8D
:10F3D000480E480E480E480E480E480E480E480E7D
:10F3E000480E480E480E480E480E480E480E480E6D
:10F3F000480E480E480E480E480E480E480E480E5D
:10F40000480E480E480E480E480E480E480E480E4C
:10F41000480E480E480E480E480E480E480E480E3C
:10F42000480E480E482E480E480E480E480E480E0C
:10F43000480E480E480E480E480E480E482E406CA6
:10F44000390A3949416749065845680468246804FF
:10F45000680468046804680468046804680468044C
:10F46000680468046804680468046804680468043C
:10F47000680468046804680468046804680468042C
:10F48000680468046804680468046804680468041C
:10F49000680468046804680468046804680468040C
:10F4A000680468046804682460A5E4F6FE1AAB4F9B
:10F4B00060E65824682468046804680468456804A1
:10F4C0006004682460246024682468046804680474
:10F4D00068046804600460046804680468046024C4
:10F4E000502450C64947416720A408020802082357
:10F4F00008030803080308030803080308030803B4
:10F500000823082308030803080308030803080363
:10F510000803080308030803080308030803080393
:10F520000803080308030803080308030803080383
:10F530000803080308030803080308020803080374
:10F5400008030803080208023948392A388B404D5D
:10F55000482E480E482E400D488E82748293594E94
:10F56000300B380C482E482E480E400E482F482F9E
:10F57000480E480E480E480E480E480E480E480EDB
:10F58000480E480E480E480E480E480E480E480ECB
:10F59000480E480E480E480E480E480E480E480EBB
:10F5A000480E480E480E480E480E480E480E480EAB
:10F5B000480E480E480E480E480E480E480E480E9B
:10F5C000480E480E480E480E480E480E480E480E8B
:10F5D000480E480E480E480E480E480E480E480E7B
:10F5E000480E480E480E480E480E480E480E480E6B
:10F5F000480E480E480E480E480E480E480E480E5B
:10F60000480E480E480E480E480E480E480E480E4A
:10F61000480E480E482E480E480E480E482E406CA4
:10F62000390A3949416748E658456804680468045E
:10F63000680468046804680468046804680468046A
:10F64000680468046804680468046804680468045A
:10F65000680468046804680468046804680468044A
:10F66000680468046804680468046804680468043A
:10F67000680468046804680468046804680468042A
:10F68000680468046804600370C6AAEE7989504370
:10F6900060446024680468046804680460046804C2
:10F6A00068256804680468046804680468046804D9
:10F6B000680460245803604460046824682560047A
:10F6C0005824586550E64127310618630002082285
:10F6D00008030803080308030803080308030803D2
:10F6E0000823082308030803080308030803080382
:10F6F00008030803080308030803080308030803B2
:10F7000008030803080308030803080308030803A1
:10F710000803080308030803080308030803080391
:10F72000080308030802080228E7394A38AB406D8D
:10F73000480E480E480E480E482E402D484D484D64
:10F74000400D504F482F480E482F482E482E480E47
:10F75000400E482F480E480E480E480E480E480EE0
:10F76000480E480E480E480E480E480E480E480EE9
:10F77000480E480E480E480E480E480E480E480ED9
:10F78000480E480E480E480E480E480E480E480EC9
:10F79000480E480E480E480E480E480E480E480EB9
:10F7A000480E480E480E480E480E480E480E480EA9
:10F7B000480E480E480E480E480E480E480E480E99
:10F7C000480E480E480E480E480E480E480E480E89
:10F7D000480E480E480E480E480E480E480E480E79
:10F7E000480E480E480E480E480E480E480E480E69
:10F7F000480E480E480E480E480E480E482E406CE3
:10F80000412A3949416748E6584568046804680454
:10F810006804680468046804680468046804680488
:10F820006804680468046804680468046804680478
:10F830006804680468046804680468046804680468
:10F840006804680468046804680468046804680458
:10F850006804680468046804680468046804680448
:10F860006804680468246004600460245824580410
:10F8700060246824680468256804680468046804CF
:10F8800068046824680468046804680468046824D8
:10F890006024584481898189604460246824680414
:10F8A00068245824508548C6494728E508220002A4
:10F8B00008230803080308030803080308030803D0
:10F8C00008030003080308030803080308030803E8
:10F8D00008030803080308030803080308030803D0
:10F8E00008030803080308030803080308030803C0
:10F8F00008030803080308030803080308030803B0
:10F9000008030803080308031065396A38EB406BE5
:10F91000480C500D500E480E502F480E480E480E01
:10F92000500F480E480F500F480E480E480E482EF4
:10F93000482E480E480F480F480F480F480E480EF3
:10F94000480E480E480E480E480E480E480E480E07
:10F95000480E480E480E480E480E480E480E480EF7
:10F96000480E480E480E480E480E480E480E480EE7
:10F97000480E480E480E480E480E480E480E480ED7
:10F98000480E480E480E480E480E480E480E480EC7
:10F99000480E480E480E480E480E480E480E480EB7
:10F9A000480E480E480E480E480E480E480E480EA7
:10F9B000480E480E480E480E480E480E480E480E97
:10F9C000480E480E480E480E480E480E480E480E87
:10F9D000480E480E480E480E480E480E482E406C01
:10F9E000410A3949416748E6584568046804680493
:10F9F00068046804680468046804680468046804A7
:10FA00006804680468046804680468046804680496
:10FA10006804680468046804680468046804680486
:10FA20006804680468046804680468046804680476
:10FA30006804680468046804680468046804680466
:10FA400068046804680468046804682468246024FE
:10FA500068246824682568046804680468046805E4
:10FA600068046824680468046804680460046044E6
:10FA7000482392CDFE1ADCF66907604468246804C6
:10FA80006824602458445085490641671884000260
:10FA900008230803080308030803080308030803EE
:10FAA00008230823080308030803080308030803BE
:10FAB00008030803080308030803080308030803EE
:10FAC00008030803080308030803080308030803DE
:10FAD00008030803080308030803080308030803CE
:10FAE000080308030803080308242928394A40CAE0
:10FAF000486C480D480E480E482E480E480E500FD0
:10FB0000500F480E480E500F480E480E480E480E33
:10FB1000482E480E482E482F480E480F480F480FD1
:10FB2000480E480E480E480E482E480E480E502FDC
:10FB3000480E482E482E480E480E480E480E480ED5
:10FB4000480E480E480E480E480E480E480E480E05
:10FB5000480E480E480E480E480E480E480E480EF5
:10FB6000480E480E480E480E480E480E480E480EE5
:10FB7000480E480E480E480E480E480E480E480ED5
:10FB8000480E480E480E480E480E480E480E480EC5
:10FB9000480E480E480E480E480E480E480E480EB5
:10FBA000480E480E480E480E480E480E480E480EA5
:10FBB000480E480E480E480E480E480E482E406C1F
:10FBC000410A3949416748E65845680468056804B0
:10FBD00068046804680468046804680468046804C5
:10FBE00068046804680468046804680468046804B5
:10FBF00068046804680468046804680468046804A5
:10FC00006804680468046804680468046804680494
:10FC10006804680468046804680468046804680484
:10FC20006804680468046804680468046804680474
:10FC30006804680468046805680568046804680462
:10FC400068046804680468046824604458244844CC
:10FC500069C9E5B8FF9FFEDCA2EE58246804680479
:10FC6000702568256024584448C6494729061084F1
:10FC7000080208030803080308030803080308032D
:10FC8000080308030803080308030803080308031C
:10FC9000080308030803080308030803080308030C
:10FCA00008030803080308030803080308030803FC
:10FCB00008030803080308030803080308030803EC
:10FCC0000803080308030803002321063969392AB9
:10FCD000408B402C480E480F480E480E480E480FE7
:10FCE000480F480E502F480E480E500E502E480E0A
:10FCF000500E480E480E480E502F480F480E480E22
:10FD0000484F482F502F482E480E480E502F482E4F
:10FD1000480E480E480E480E480E480E480E480E33
:10FD2000480E480E480E480E480E480E480E480E23
:10FD3000480E480E480E480E480E480E480E480E13
:10FD4000480E480E480E480E480E480E480E480E03
:10FD5000480E480E480E480E480E480E480E480EF3
:10FD6000480E480E480E480E480E480E480E480EE3
:10FD7000480E480E480E480E480E480E480E480ED3
:10FD8000480E480E480E480E480E480E480E480EC3
:10FD9000480F480E480E480E480E480E482E406C3C
:10FDA000410A3949416748E65845680568056805CC
:10FDB00068056805680468046804680468046804E1
:10FDC00068046804680568056805680568056805CD
:10FDD00068056805680568056805680568056805BB
:10FDE00068056805680568056805680568056805AB
:10FDF000680568056805680568056805680568059B
:10FE00006805680568046804680468046804680490
:10FE10006804680468046825680468046804680461
:10FE200068056805680468255824506469A99B8F93
:10FE3000DDB8FF9FFFBFFF3EC43360456004680428
:10FE4000680568056805580450854907414731260B
:10FE50001043080208030803080308030803080303
:10FE6000080308030803080308030803080308033A
:10FE7000080308030803080308030803080308032A
:10FE8000080308030803080308030803080308031A
:10FE9000080308030803080308030803080308030A
:10FEA0000803080308030823000210A4316741690E
:10FEB00038AA404C400E480F482E482E480F480F95
:10FEC000480F480E480F480E502F480E480E500E4F
:10FED000500E500E500F500E480E480E482E484EF1
:10FEE000380C402D400D482E480E480E482E480E26
:10FEF000480E480E480E480E480E480E480E480E52
:10FF0000480E480E480E480E480E480E480E480E41
:10FF1000480E480E480E480E480E480E480E480E31
:10FF2000480E480E480E480E480E480E480E480E21
:10FF3000480E480E480E480E480E480E480E480E11
:10FF4000480E480E480E480E480E480E480E480E01
:10FF5000480E480E480E480E480E480E480E480EF1
:10FF6000480E480E480F480E500E500E480E480ED0
:10FF7000480F480F480E480E480E480E482E406C59
:10FF8000410A3949416748E65845680568056805EA
:10FF900068056805680568046804680468046804FE
:10FFA00068046804680568056805680568056805EB
:10FFB00068056805680568056805680568056805D9
:10FFC00068056805680568056805680568056805C9
:10FFD00068056805680568056805680568056805B9
:10FFE00068056805680568056805680568056804AA
:10FFF00068046804680468046804680568046804A0
:020000040803EF
:1000000068046804680458035064828CDDF8FF7E3D
:10001000FF9FFF9FDD98ABD179A958046804702534
:100020006805680568056004584550A64927416879
:1000300028C5082208030803080308030803080367
:100040000803080308030803080308030803080358
:100050000803080308030803080308030803080348
:100060000803080308030803080308030803080338
:100070000803080308030803080308030803080328
:1000800008030803080308230002084229254189C0
:1000900038EA406C402E482F482F482E482F482FD2
:1000A000482F482F400E482F480E480E500F500F33
:1000B000500E500F500E500F482E482E402D484DD8
:1000C000406C488D484E482E480E482E480E480E2B
:1000D000482E480E480E480F480F480F500F500F3B
:1000E000500F500F480F480F480F480F480F480F48
:1000F000480F480F480F480F480F480F480F480F48
:10010000480F480F480F480F480F480F480F480F37
:10011000480F480F480F480F480F480F480F480F27
:10012000480F480F480F480F480F480F480F480F17
:10013000480F480F480F480F480F480F480F480F07
:10014000480F480F480F480F500E500E480E480EEB
:10015000480F480F480E480E480E480E482E406C77
:10016000410B3949416748E6584568056805680507
:100170006805680568056805680568056805680517
:100180006804680468056805680568056805680509
:1001900068056805680568056805680568056805F7
:1001A00068056805680568056805680568056805E7
:1001B00068056805680568056805680568056805D7
:1001C00068056805680568056805680568056805C7
:1001D00068056805680568046804682560046804A3
:1001E00068256804600450237A0AEE5AFFDFFFBFD7
:1001F000FF9FB453696858855804682568056805E9
:1002000060056005680568256025586550C6514839
:100210003927186408220823082308030803080361
:100220000803080308030803080308030803080376
:100230000803080308030803080308030803080366
:100240000803080308030803080308030803080356
:100250000803080308030803080308030803080346
:1002600008030803080308030803080218C43968D0
:10027000412B388C402E482F480E502E482E482EA9
:10028000482E482F502E504F480E500E502F480EDB
:10029000500F500F480F482F482E400C402B69D06C
:1002A000C49BBC5A6951482E480E502F482E480E08
:1002B000480E480E480E480F480F500F500F500F71
:1002C000500F500F500F480F480F480F480F480F5E
:1002D000480F480F480F480F480F480F480F480F66
:1002E000480F480F480F480F480F480F480F480F56
:1002F000480F480F480F480F480F480F480F480F46
:10030000480F480F480F480F480F480F480F480F35
:10031000480F480F480F480F480F480F480F480F25
:10032000480F480F480F480F500E500E500E480E01
:10033000480F480F480E480E500E480E482E406C8D
:10034000410B3949416748E6584568056805680525
:100350006805680568056805680568056805680535
:100360006805680568056805680568056805680525
:100370006805680568056805680568056805680515
:100380006805680568056805680568056805680505
:1003900068056805680568056805680568056805F5
:1003A00068056805680568056805680568056805E5
:1003B000680568056825680468046824602460246A
:1003C0006004582458657188C4F5FFBFFFDFFF5EE5
:1003D000D53671A950246024600468056804680556
:1003E000682568256825680568056045586650C613
:1003F000494728C508220022080308030803080308
:100400000803080308030803080308030803080394
:100410000803080308030803080308030803080384
:100420000803080308030803080308030803080374
:100430000803080308030803080308030803080364
:1004400008030803080308030803080310632906C8
:10045000414A40CC404D482E480E500E480E480EA2
:10046000480E480E480D480E480E480E480E482FBC
:10047000484F400D402D380C404C616F9B56C4BB1B
:10048000FEFFCCDC6931480E480E502F480E482E36
:10049000480E480E480E480E480E480E480E500FA3
:1004A000500F500F480E480E480E480E480E480E8A
:1004B000480E480E480E480E480E480E480E480E8C
:1004C000480E480E480E480E480E480E480E480F7B
:1004D000480F480F480E480E480E480E480E480E6A
:1004E000480E480E480E480E480E480E480E480E5C
:1004F000480E480E480E480E480E480E480E480E4C
:10050000480E480E480F480F500E500E480E480E29
:10051000480F480F480E480E500E480E482E406CAB
:10052000410B3949416748E6584568056825680523
:100530006805680568056805680568056805680553
:100540006805680568056805680568056805680543
:100550006805680568056805680568056805680533
:100560006805680568056805680568056805680523
:100570006805680568056805680568056805680513
:100580006805680568056805680568056805680503
:100590006805680568056804682568256845580485
:1005A000584479A9ABD1DDB8FF7EFF3EDD77A34F7C
:1005B0006907582460246024600468257046680533
:1005C0006805682560256004680568056025508613
:1005D00049073927106408230002080308030803A9
:1005E00008030804080308030803080308030803B2
:1005F00008030803080308030803080308030803A3
:100600000803080308030803080308030803080392
:100610000803080308030803080308030803080382
:1006200008030803080308030803080308431084A9
:100630003128410B406C482D480E500E500E480E8C
:10064000480F500F500E500E500F480E480E404E9F
:10065000380C406C40CC596E8B34D57CFEDFEE1FDD
:10066000BC7A592F484E480E482E482E480E482E28
:10067000502E480E480E480E480E480E500F500F90
:10068000500F500F500F480F480F480F480F480F9A
:10069000480F480F480F480F480F480F480F480FA2
:1006A000480F480F480E480E480E480E480F480F96
:1006B000480F480F480F480F480F480F480F480F82
:1006C000480F480F480F480F480F480F480F480F72
:1006D000480F480F480F480F480F480F480F480F62
:1006E000480F480F480F480F500E500E500E500E36
:1006F000500F500F480E480E500E480E482E406CBA
:10070000410B3949416748E6584568056825680541
:100710006805680568056805680568056805680571
:100720006805680568056805680568056805680561
:100730006805680568056805680568056805680551
:100740006805680568056805680568056805680541
:100750006805680568056805680568056805680531
:100760006805680568056805680568056805680521
:100770006805680568256825682560046024584474
:1007800079CADD57FF5EFF9FEE3A9B4F6107502409
:1007900060246004680568056805680568056805E3
:1007A0006826600560256004702568056805586541
:1007B00048C6414720E510840822080308030803BF
:1007C00008030804080308030803080308030803D0
:1007D00008030803080308030803080308030803C1
:1007E00008030803080308030803080308030803B1
:1007F00008030803080308030803080308030803A1
:100800000803080308230823080308030822080232
:1008100028E6392A40AB484C480D500E500E500E79
:10082000500F500F500E500E482E400D404D406C52
:10083000490D9BD6C4FADDDCFF3FEE5FA3B77A52C9
:10084000408D402C400D502E480E480E482F480E2B
:10085000502E500E500E500E500F500F500F500F84
:10086000500F500F480E480E480E480E480E480EC6
:10087000500F500F500F500F500F500F500F500F80
:10088000480F480F500F500F500F500F500F500F80
:10089000500F500F500F500F500F500F500F500F60
:1008A000500F500F500F500F500F500F500F500F50
:1008B000500F500F500F500F500F500F500F500F40
:1008C000500F480F480F480F500E500E500E500E4C
:1008D000500F500F500E480E500E480E482E406CD0
:1008E000410B3949416748E6584568056805680580
:1008F0006805680568056805680568056805680590
:10090000680568056805680568056805680568057F
:10091000680568056805680568056805680568056F
:10092000680568056805680568056805680568055F
:10093000680568056805680568056805680568054F
:100940006805680560056825680568266805680506
:1009500068266805684660056025582460C692AD23
:10096000E5D9FF9FFF5EDD577A2B50645844600441
:1009700068046825680568056805680568056805F0
:1009800068066805682568056805680568056025C6
:1009900050864907416829260822082308030803CE
:1009A00008040804080308030803080308030803ED
:1009B00008030803080308030803080308030803DF
:1009C00008030803080308030803080308030803CF
:1009D00008030803080308030803080308030803BF
:1009E000080308040824080308030803080308236D
:1009F00010643969410A406B484D500E480E500F43
:100A0000480F500F480F480E402D300A59AFA41719
:100A1000C55AFF5FFFDFFF9FEE5F7250408C380CBE
:100A2000482D482E500E500E480F482F482F482F63
:100A3000500E500E500E480E500F500F500F480ED3
:100A4000500F500E502E482E482E480E502F502F2B
:100A5000480E500E500F500F500F500F500F500FA8
:100A6000500F500F500F500F500F500F500F500F8E
:100A7000500F500F500F500F500F500F500F500F7E
:100A8000500F500F500F500F500F500F500F500F6E
:100A9000500F500F500F500F500F500F500F500F5E
:100AA000500F500F480F480F500E500E500E500E62
:100AB000500F500F500E500E480E502E482E406CC6
:100AC000410A3949416748E658456805680568059F
:100AD00068056805680568056805680568056805AE
:100AE000680568056805680568056805680568059E
:100AF000680568056805680568056805680568058E
:100B0000680568056805680568056805680568057D
:100B1000680568056805680568056805680568056D
:100B20006805680568266005680568056805680544
:100B30006805680560056066582458A69ACEEDD908
:100B4000FF9FFEBCCC948A2B50245824684568250E
:100B5000682568056805680568056805680568050D
:100B60006806680668056805680568056805602503
:100B7000586548A6496839471063082308030803E5
:100B8000080408040803080308030803080308030B
:100B900008030803080308030803080308030803FD
:100BA00008030803080308030803080308030803ED
:100BB00008030803080308030803080308030803DD
:100BC00008030804080408031003100308030803BB
:100BD00008632927414A40CB484C482E500F500FFC
:100BE000480E482F480F482E406C7A72B4B8EEBFBA
:100BF000FFDFFFDFF6FFDDDC9B95382B400C482E36
:100C0000500E502F500E500E480F480F480F480FEF
:100C1000500E500E500E584F500F500F500F502F77
:100C2000480E480E480D482E480E482E480E480ED5
:100C3000502F500F500F500F500F500F500F500F9C
:100C4000500F500F500F500F500F500F500F500FAC
:100C5000500F500F500F500F500F500F500F500F9C
:100C6000500F500F500F500F500F500F500F500F8C
:100C7000500F500F500F500F500F500F500F500F7C
:100C8000500F500F480F480F500E500E500E500E80
:100C9000500F500F500E502E500F502E482E406CBB
:100CA000410A3949416748E65845680568056805BD
:100CB00068056805680568056805680568056805CC
:100CC00068056805680568056805680568056805BC
:100CD00068056805680568056805680568056805AC
:100CE000680568056805680568056805680568059C
:100CF000680568056805680568056805680568058C
:100D00006805680568256805682668057005680532
:100D100068056845582450446948B3F1FE9CFF3E7D
:100D2000ED989ACE68C66045602468456004680402
:100D300070466805680568056825682568056805C2
:100D400068056805682568056825682568056025C3
:100D5000604558865107414828E5084308030803C1
:100D60000804082408030803080308030803080309
:100D7000080308030803080308030803080308031B
:100D8000080308030803080308030803080308030B
:100D900008030803080308030803080308030803FB
:100DA000080308040804080410240803082308237F
:100DB000082320C63949410B408C484D502F500F15
:100DC000480E502E482E484D9314F6BFFF7FFFDF8C
:100DD000FF5FC51A9355616F48AE402E482F480FEC
:100DE000500F500E500E500E500F500F500F500E0F
:100DF000482E482E482E480E502F480E500F480EB1
:100E0000484E400D484E482E480E482E502E500E4B
:100E1000502F500F500F500F500F500F500F500FBA
:100E2000500F500F500F500F500F500F500F500FCA
:100E3000500F500F500F500F500F500F500F500FBA
:100E4000500F500F500F500F500F500F500F500FAA
:100E5000500F500F500F500F500F500F500F500F9A
:100E6000500F500F502F500F500F500E500E500F6C
:100E7000500F500F500F500F500F502F482E486DED
:100E8000410A3949416748E65845680568056805DB
:100E900068056805680568056805680568056805EA
:100EA00068056805680568056805680568056805DA
:100EB00068056805680568056805680568056805CA
:100EC00068056805680568056805680568056805BA
:100ED00068056805680568056805680568056805AA
:100EE000680568056805682568056805680568255A
:100EF00068255804502479CADD57FEDDE598B3B162
:100F000079A958245804682560256825682568054E
:100F10007005680568056805602560256825680511
:100F20006805680568256805680568056805682519
:100F30006025584550A649073947108408030823FF
:100F40000824082408030803080308030803080307
:100F50000803080308030803080308030803080339
:100F60000803080308030803080308030803080329
:100F70000803080308030803080308030803080319
:100F800008030804080308040824080308240803C5
:100F9000080310643128414A40CB404C502F500F79
:100FA000500E502E482E486D9334FF3FFF1FE63DF4
:100FB000937448EC404C400D482E480F480F500F9A
:100FC000582F500E500E500E500F500F500F500E05
:100FD000502E482E482E504F480E502F482E402D50
:100FE000488D82548A56482E480E482E502E502F37
:100FF000500E500E500F500F500F500F500F500FFB
:10100000500F500F500F500F500F500F500F500FE8
:10101000500F500F500F500F500F500F500F500FD8
:10102000500F500F500F500F500F500F500F500FC8
:10103000500F500F500F500F500F500F500F500FB8
:10104000500F500F500F500F500F500E500E500FAA
:10105000500F500F500F500F500F502F482E486D0B
:10106000410A3949416748E65845680568056805F9
:101070006805680568056805680568056805680508
:1010800068056805680568056805680568056805F8
:1010900068056805680568056805680568056805E8
:1010A00068056805680568056805680568056805D8
:1010B00068056805680568056805680568056805C8
:1010C0006805680568057026680568056805602577
:1010D00060247107B3B1FE3BFF3FC474698858A513
:1010E0005824602568256825680568056826680510
:1010F000680570267006680568056005682568251E
:10110000682568056805682570256805680568050F
:1011100068056025586650C6414720E50823082326
:101120000824080308030803080308030803080346
:101130000803080308030803080308030803080357
:101140000803080308030803080308030803080347
:101150000803080308030803080308030803080337
:1011600008030803080308040824080408240804E2
:101170000803082420C64169412B408B482E480FA4
:10118000502E500E480E400C616FE5BF9BB661F0CB
:10119000384C404D482D504F480E480E502F480EA9
:1011A000480E582F500E500E500E500F500F500F2B
:1011B000500F500E480E502E482E402E380C384CF2
:1011C0008AF4EDFFC41C502E480E502F480E500ECE
:1011D000502F500F500F500F500F500F500F500FF7
:1011E000500F500F500F500F500F500F500F500F07
:1011F000500F500F500F500F500F500F500F500FF7
:10120000500F500F500F500F500F500F500F500FE6
:10121000500F500F500F500F500F500F500F500FD6
:10122000500F500F480F500F500E500E500E500FD1
:10123000500F500F500F500F500F502F482E406C32
:10124000410A3949416748E6584568056805680517
:101250006805680568056805680568056805680526
:101260006805680568056805680568056805680516
:101270006805680568056805680568056805680506
:1012800068056805680568056805680568056805F6
:1012900068056805680568056805680568056805E6
:1012A00068056805700668056805682560255804A6
:1012B0005865A2CEFEBDFF3FD4F66968502458247D
:1012C0006004682568056805680568056805702676
:1012D000680568056806680568056805682560256D
:1012E0006825602560246004600468256825680519
:1012F0006805682660255086492831271043080371
:101300000803080308030804080408040804080480
:10131000080408040804080408040804080308036F
:10132000080308030804080408040804080408045F
:10133000080408040804080408040804080408044D
:10134000080408040803080408040804080408043E
:101350000803080318843127414A40CB404D482EEA
:10136000502E500E480E480D50CF92F648AE402CED
:10137000484E480E480E500E500E502F502F500F12
:10138000502F480E500F500E500F500F500F500F4F
:10139000500F500E502E480D484D406D61908B15EA
:1013A000E5DFDD7E8A55482E480E502E502F480E20
:1013B000500F500F500F500F500F500F500F500F35
:1013C000500F500F500F500F500F500F500F500F25
:1013D000500F500F500F500F500F500F500F500F15
:1013E000500F500F500F500F500F500F500F500F05
:1013F000500F500F500F500F500F500F500F500FF5
:10140000500F500F500F500F500E500E500E500FE7
:10141000500F500F500F500F500F502F482E406C50
:10142000410A3949416748E6584568056805682614
:101430006805680568056805680568056805680544
:101440006805680568056805680568056805680534
:101450006805680568056805680568056805680524
:101460006805680568056805680568056805680514
:101470006805680568056805680568056805680504
:1014800068056805680568057026600558047128B8
:10149000B350ED78E557AB50714860456025600565
:1014A0006846680568266805682568066805680551
:1014B00068066826680568066805680568056805A1
:1014C00060256045582460C668C658456005682593
:1014D000680568266005586650E7412720A508433F
:1014E0000803102408040804080408040804080475
:1014F000080408040804080408040804080408038D
:10150000080308040804080408040804080408047C
:10151000080408040804080408040804080408046B
:10152000080408040804080408040804080408045B
:1015300008040803084318853108410A408C484DC7
:10154000502E500E502F480E504E506F480D502EBA
:10155000502F480F480F502F502F500E500F500F44
:10156000502F502F500F500F500F500F500F500F43
:10157000500F502E480D402C408C8B15DD9EFEBF29
:10158000C4DB594F482D480E502F480E502F500F96
:10159000500F500F500F500F500F500F500F500F53
:1015A000500F500F500F500F500F500F500F500F43
:1015B000500F500F500F500F500F500F500F500F33
:1015C000500F500F500F500F500F500F500F500F23
:1015D000500F500F500F500F500F500F500F500F13
:1015E000500F500F500F500F500F500F500E500F04
:1015F000500F500F500F500F500F502F482E486D66
:10160000410A3949416748E6584568056826680631
:10161000680568066806680668066806680668065B
:10162000680668066806680668066806680668064A
:10163000680668066806680668066806680668063A
:10164000680668066806680668066806680668062A
:10165000680668066806680668066806680668061A
:1016600068066806680668266826600578E8BB5044
:10167000E517AB50690750246025600568256805AB
:10168000700668066805680668266806680670269B
:101690006806680668066826682668256825602545
:1016A000604558859ACED516DD17924C6045600589
:1016B000682568056826604650655107314720E572
:1016C000082308030803080408040804080408049D
:1016D00008040804080408040804080408040804AA
:1016E000080408040804080408040804080408049A
:1016F000080408040804080408040804080408048A
:101700000804080410040804080408040804080471
:10171000080408040803080220C6392A40CB406C9C
:10172000482E502F480E500F500E500E500E580F8E
:10173000500F500F500F500F500F500F500F500FB1
:10174000502F480F500F500F500F500F500F500E8A
:10175000482E482D50EE69D1AC18F67FCD3C93351C
:1017600050ED404C482E500E480E502F480E500F52
:10177000500F500F500F500F500F500F500F500F71
:10178000500F500F500F500F500F500F500F500F61
:10179000500F500F500F500F500F500F500F500F51
:1017A000500F500F500F500F500F500F500F500F41
:1017B000500F500F500F500F500F500F500F500F31
:1017C000500F500F500F500F500F500F500E500F22
:1017D000500F500F500F502F500F502F482E486D64
:1017E000410B3949416748E6604568056826680647
:1017F0006806680668066806680668066806680679
:101800006806680668066806680668066806680668
:101810006806680668066806680668066806680658
:101820006806680668066806680668066806680648
:101830006806680668066806680668066806680638
:1018400068066806680668266826600570A791CB5A
:1018500089AB608658456025602568256806700656
:1018600070067006700670066805700668067026B9
:10187000680668266806680668266825602550247C
:101880007148C453FEFDFFBFFFBFD4D670E860258A
:101890006825680668066005606650C7416831477C
:1018A000084308230803080408040804082408045B
:1018B00008040824080408040804080408040804A8
:1018C00008040804080408040804080408040804B8
:1018D00008040804080408040804080408040804A8
:1018E0000804080408040804080408040804080498
:1018F000080408040823082310443948410A40AB6F
:10190000484D502E502E500E500E580E580E580E58
:10191000500F500F500F500F500F500F502F502F8F
:10192000500E502E482F502F500F502F500E482E33
:10193000402C510DB479DE1EFF7FDDBD618F402B41
:10194000482D482E502E500E500F500F500F500F54
:10195000500F500F500F500F500F500F500F500F8F
:10196000500F500F500F500F500F500F500F500F7F
:10197000500F500F500F500F500F500F500F500F6F
:10198000500F500F500F500F500F500F500F500F5F
:10199000500F500F500F500F500F500F500F500F4F
:1019A000500F500F500F500F500F500F500E500F40
:1019B000500F500F500F500F500F502F502E486D9A
:1019C000410B3949416748E6604668056826680664
:1019D0006806680668066806680668066806680697
:1019E0006806680668066806680668066806680687
:1019F0006806680668066806680668066806680677
:101A00006806680668066806680668066806680666
:101A10006806680668066806680668066806680656
:101A2000680668066806600568266846600558040A
:101A3000600560056025682568056806680670060B
:101A400070067006700668057026680668056806E8
:101A50006826680668066825602560255865694817
:101A6000BC12FF5FFF9FFFDFFF7FC49568E8600542
:101A700068057026700668066846588649483968C1
:101A800018A4082308030804080408040804080428
:101A900008040804080408040804080408040804E6
:101AA00008040804080408040804080408040804D6
:101AB00008040804080408040804080408040804C6
:101AC00008040804080408040804080408040804B6
:101AD0000804080408040803084329073949412B6E
:101AE000406C482E502E500E500E500E500E500E80
:101AF000500E500F500F500F58305830500E480EA7
:101B0000502E502E482F482E480E480D482D402C60
:101B100048ED9BD6FF3FFF9FE63F82D3404C480DE8
:101B2000500F500F500F500F500F500F500F500FBD
:101B3000500F500F500F500F500F500F500F500FAD
:101B4000500F500F500F500F500F500F500F500F9D
:101B5000500F500F500F500F500F500F500F500F8D
:101B6000500F500F500F500F500F500F500F500F7D
:101B7000500F500F500F500F500F500F500F500F6D
:101B8000500F500F500F500F500F500F500F500F5D
:101B9000500F500F500F500F500F502F502E486DB8
:101BA000410B3949416748E6604668056826680682
:101BB00068066806680668066806680668066806B5
:101BC00068066806680668066806680668066806A5
:101BD0006806680668066806680668066806680695
:101BE0006806680668066806680668066806680685
:101BF0006806680668066806680668066806680675
:101C00006806680670067006682768266806680613
:101C1000702668066806680668066806680668062C
:101C200068066806700668067026680668266806F4
:101C30006806680568255804584579AAAB91DD788F
:101C4000FF5FFF9FFF7FF65BBC54820C60456826F8
:101C500068266805700670066826586650E7414891
:101C600029061043080308040804080408040804AB
:101C70000804080408040804080408040804080404
:101C800008040804080408040804080408040804F4
:101C900008040804080408040804080408040804E4
:101CA00008040804080408040804080408040804D4
:101CB0000804080408040803082318853148416B08
:101CC00040AC484D502F500F500F500F500F500F39
:101CD000500F500F500F500F500F500F500F582FE4
:101CE000502F500F502E482D484D486D590E82B33D
:101CF000B478FF3FEE3FB4797252406C482D500EDD
:101D0000500F500F500F500F500F500F500F500FDB
:101D1000500F500F500F500F500F500F500F500FCB
:101D2000500F500F500F500F500F500F500F500FBB
:101D3000500F500F500F500F500F500F500F500FAB
:101D4000500F500F500F500F500F500F500F500F9B
:101D5000500F500F500F500F500F500F500F500F8B
:101D6000500F500F500F500F500F500F500F500F7B
:101D7000500F500F500F500F500F502F502E486DD6
:101D8000410B3929416748E66046680668266806BF
:101D900068066806680668066806680668066806D3
:101DA00068066806680668066806680668066806C3
:101DB00068066806680668066806680668066806B3
:101DC00068066806680668066806680668066806A3
:101DD0006806680668066806680668066806680693
:101DE000680668067006700668066806680670066B
:101DF0007006700670067006680668066806680653
:101E00006806680668066806680668066826680642
:101E100068266005604560C78A8DE598FF3EFF5FD4
:101E2000FEFEC4F6932F71CA5065582560266806D9
:101E3000680670267006700668066046508651284F
:101E40003947188408030803080408040804080430
:101E50000804080408040804080408040804080422
:101E60000804080408040804080408040804080412
:101E70000804080408040804080408040804080402
:101E800008040804080408040804080408040824D2
:101E900008240804080408040823084328E63949EC
:101EA000410B408D482E500F5030480F480F500FB7
:101EB000500F500F5810500F500F500F500F500E22
:101EC000480E502F484E404C48AC7A51D55CFEBF6E
:101ED000FF1FDD9D7231488C400C480D504F500F54
:101EE0005010500F500F500F500F500F500F500FF9
:101EF000500F500F500F500F500F500F500F500FEA
:101F0000500F500F500F500F500F500F500F500FD9
:101F1000500F500F500F500F500F500F500F500FC9
:101F2000500F500F500F500F500F500F500F500FB9
:101F3000500F500F500F500F500F500F500F500FA9
:101F4000500F500F500F500F500F500F500F500F99
:101F5000500F500F500F500F500F502F502E486DF4
:101F6000410B3929416748E66046680668266806DD
:101F700068066806680668066806680668066806F1
:101F800068066806680668066806680668066806E1
:101F900068066806680668066806680668066806D1
:101FA00068066806680668066806680668066806C1
:101FB00068066806680668066806680668066806B1
:101FC0006806680670067006700670067006680679
:101FD0006806700670067006700668066806680671
:101FE0006806680668266806680668066805682642
:101FF00060055825820BC474FE7CFF7FEDFAABF2BE
:1020000092AE610850246046602568066806702616
:10201000700668067006680668066046584650C72F
:10202000494828C6102308030804082408040804A3
:102030000804080408040804080408040804080440
:102040000804080408040804080408040804080430
:102050000804080408040804080408040804080420
:102060000804080408040804080408040804080410
:10207000080408040804080408040803188428C78E
:10208000414A40EC404D482F482F482F482F502FB1
:10209000502F500F5010500F58105010500F502FFD
:1020A000502F482E380B384A8B13F69FFFBFFF5F27
:1020B000C4DB69B1402C480D502E502E500E500EEE
:1020C000500F500F500F500F500F500F500F500F18
:1020D000500F500F500F500F500F500F500F500F08
:1020E000500F500F500F500F500F500F500F500FF8
:1020F000500F500F500F500F500F500F500F500FE8
:10210000500F500F500F500F500F500F500F500FD7
:10211000500F500F500F500F500F500F500F500FC7
:10212000500F500F500F500F500F500F500F500FB7
:10213000500F500F500F500F500F502F502E486D12
:10214000410B3929416748E66046680668266806FB
:10215000680668066806680668066806680668060F
:1021600068066806680668066806680668066806FF
:1021700068066806680668066806680668066806EF
:1021800068066806680668066806680668066806DF
:1021900068066806680668066806680668066806CF
:1021A0006806680668067006700668066806702687
:1021B0006826680670067006700668066806680677
:1021C0006806680668066806680668266826602548
:1021D000584581EBDD17FF1EFF3FE5B992EE58C66B
:1021E0005024582568256826680670066806680623
:1021F0006806702770066806680668466046588656
:1022000051073907184408030803080408040804A0
:10221000082408040804080408040804080408043E
:10222000080408040804080408040804080408044E
:10223000080408040804080408040804080408043E
:10224000080408040804080408040804080408042E
:102250001004100408040804080408031023186577
:102260003929412B408C484D482E482F500F502F74
:10227000500F500E500F500F5010500F500F482E4F
:10228000400D486D61AF8B13E63EFF9FFF1FDD9D44
:102290007A32380C502E502F500F500F500E502FB6
:1022A000500F502F500F500F500F500F500F500F16
:1022B000500F500F500F500F500F500F500F500F26
:1022C000500F500F500F500F500F500F500F500F16
:1022D000500F500F500F500F500F500F500F500F06
:1022E000500F500F500F500F500F500F500F500FF6
:1022F000500F500F500F500F500F500F500F500FE6
:10230000500F500F500F500F500F500F500F500FD5
:10231000500F500F500F500F500F502F502E486D30
:10232000410B3929416748E6604668066826680619
:10233000680668066806680668066806680668062D
:10234000680668066806680668066806680668061D
:10235000680668066806680668066806680668060D
:1023600068066806680668066806680668066806FD
:1023700068066806680668066806680668066806ED
:102380006806680668066806682670266806680695
:1023900068066826680668066806680668066806AD
:1023A000680668066806700768066005602571089B
:1023B000AB30F599FDFAE558AB30690858456066D1
:1023C000602660056805680668066806682668264F
:1023D0006806680668066806680668266026586605
:1023E00050E7412720851024080308040804080446
:1023F0001024080408040804080408040804080455
:10240000080408040804080408040804080408046C
:10241000080408040804080408040804080408045C
:102420000804080408040804080408050804100443
:1024300010041004080408040824082408041024C4
:1024400020C6394940EA488C484D500F580F580F64
:10245000500F500E502F502F500F502E504E400CFA
:1024600050AD8AF4D5BCFF3FFFBFFEBF9B9569B05E
:10247000488D484D480E500E500E580F500E582F94
:10248000500F500F500F500F500F500F500F500F54
:10249000500F500F500F500F500F500F500F500F44
:1024A000500F500F500F500F500F500F500F500F34
:1024B000500F500F500F500F500F500F500F500F24
:1024C000500F500F500F500F500F500F500F500F14
:1024D000500F500F500F500F500F500F500F500F04
:1024E000500F500F500F500F500F500F500F500FF4
:1024F000500F500F500F500F500F502F502E486D4F
:10250000410B3929416748E6604668066806680657
:10251000680668066806680668066806680668064B
:10252000680668066806680668066806680668063B
:10253000680668066806680668066806680668062B
:10254000680668066806680668066806680668061B
:10255000680668066806680668066806680668060B
:1025600068066806682668066806680668066806DB
:1025700068066806680668066806680668067006E3
:102580006806680670076806680668465805816A26
:10259000CC14C3F38A2C60C76045602568256806A3
:1025A000680568067026680670066806680668068C
:1025B000680668066806680668066806682658465B
:1025C00050A6492830E7186408231024080408049A
:1025D000080408040804080408040804080408049B
:1025E000080408040804080408040804080408048B
:1025F000080408040804080408040804080408047B
:102600000804080408040804080408050804100461
:10261000100410040804080408040804080408034B
:1026200010643127414948EA486C500E580F580F42
:10263000580F500E502F482E482E484E50CE71F055
:10264000AC17FEFFFF9FFFBFEE5F7A92406B484DD5
:10265000482D482E502F502F500E500E580F500E10
:10266000500F580F500F500F500F500F500F500F6A
:10267000500F500F500F500F500F500F500F500F62
:10268000500F500F500F500F500F500F500F500F52
:10269000500F500F500F500F500F500F500F500F42
:1026A000500F500F500F500F500F500F500F500F32
:1026B000500F500F500F500F500F500F500F500F22
:1026C000500F500F500F500F500F500F500F500F12
:1026D000500F500F500F500F500F502F502E486D6D
:1026E000410B39294167490658666806680668063D
:1026F000680668066806680668066806680668066A
:102700006806680668066806680668066806680659
:102710006806680668066806680668066806680649
:102720006806680668066806680668066806680639
:102730006806680668066806680668066806680629
:102740006806680668066806680668066806680619
:102750006806680668066806680668066806680609
:102760006806680668066806682768266005688740
:1027700070C8688760256025602660266806680640
:1027800068067006700670066806680668066806C1
:102790006806680668066806700670066826604661
:1027A00050864907416831270823080310041004A4
:1027B00008040804080408041004100408040804A9
:1027C00008040804080408040804080408040804A9
:1027D0000804080408040804080408040804080499
:1027E0000804080408040804080408040804100481
:1027F0001004100408041004080408041024080439
:10280000102418863969414A48AC484D500E580F7B
:10281000580E582F500F502F482E5950B459DE1DC6
:10282000FF7FFFDFEE7FAC587A52402B482D500ED1
:10283000500F5830500F502F502F480E502E500E22
:10284000580F580F500F502F500E502F502E500E23
:10285000582F580F580F580F580F580F500F500F30
:10286000500F500F500F500F500F500F500F500F70
:10287000500F500F500F500F500F500F500F500F60
:10288000500F500F500F500F500F500F500F500F50
:10289000500F500F500F500F500F500F500F500F40
:1028A000500F500F500F500F580F580F500F500F20
:1028B000500F500F500F500F500F502F502E486D8B
:1028C000410A39294167490658666826680668063C
:1028D0006806680668066806680668066806680688
:1028E0006806680668066806680668066806680678
:1028F0006806680668066806680668066806680668
:102900006806680668066806680668066806680657
:102910006806680668066806680668066806680647
:102920006806680668066806680668066806680637
:102930006806680668066806680668066806680627
:102940006806680668066806682668066005680600
:1029500068266006682668266806680668066806AF
:10296000680670066806700670067027702768068D
:10297000680668066806700670066806682660269F
:10298000586648C6496831471064080310041004AB
:1029900008040805080408041004100408040804C6
:1029A00008040804080408040804080408040804C7
:1029B00008040804080408040804080408040804B7
:1029C00008040804080408040804080408040804A7
:1029D0000804080408041025080408041025080445
:1029E000080410652928396A490C486C502D580E86
:1029F000580F580F580F502F484E8AD5FF1FFFBF52
:102A0000FFDFFF5FAC38594F404C482D582E580F10
:102A10005810580F5830500F502F502F502F582FFC
:102A2000580F580F5830480E584F500E502F502FF7
:102A3000500E500F580F580F580F580F580F500F77
:102A4000502F502F500F500F580F580F580F580F2E
:102A5000580F580F580F580F580F580F580F580F3E
:102A6000580F580F580F580F580F580F580F580F2E
:102A7000580F580F580F580F580F580F580F580F1E
:102A8000580F500F500F500F580F580F500F500F36
:102A9000580F580F500F580F580F500F502E486DA9
:102AA000410A392941674907586668266806680659
:102AB00068066806680668066806680668066806A6
:102AC0006806680668066806680668066806680696
:102AD0006806680668066806680668066806680686
:102AE0006806680668066806680668066806680676
:102AF0006806680668066806680668066806680666
:102B00006806680668066806680668066806680655
:102B10006806680668066806680668066806680645
:102B200068066806700768067007702770066806F2
:102B30006806680668066806680668066806680724
:102B400068076807700668066826680668066827CA
:102B500070276806680668266806680668276006A3
:102B6000604658A74928396820C50803080410049E
:102B700008040804080408041004100408040804E5
:102B800008040804080408040804080408040804E5
:102B900008040804080408040804080408040804D5
:102BA00008040804080408040804080408040804C5
:102BB0000804080408041025080408041004080484
:102BC0000804102418C63128492B40AB484D502E1C
:102BD000502F500F500F500F482EA358FF1FFF9F2C
:102BE000FF3FA3F7614F482D482D504E500E500E19
:102BF000582F580F5810501058305030500F500F59
:102C0000580F582F580F58105810580F500F583051
:102C1000582F582F580F580F580F580F580F580F3C
:102C2000580F580F500F580F580F580F580F580F74
:102C3000580F580F580F580F580F580F580F580F5C
:102C4000580F580F580F580F580F580F580F580F4C
:102C5000580F580F580F580F580F580F580F580F3C
:102C6000580F500F500F500F580F580F500F500F54
:102C7000580F580F500F580F580F500F502E486DC7
:102C8000410A394941674907586668266806680657
:102C900068076806680668066806680668066806C3
:102CA00068066806680668066806680668066806B4
:102CB00068066806680668066806680668066806A4
:102CC0006806680668066806680668066806680694
:102CD0006806680668066806680668066806680684
:102CE0006806680668066806680668066806680674
:102CF0006806680668066806680668066806680664
:102D0000680668066806680668067006700670063B
:102D10007006700770066806680668066807680728
:102D200068076807680668066826682668066826D1
:102D30006806680668066826682670277027680691
:102D40006026584648E74148312710240804080403
:102D50000804080408040804100410040804080403
:102D60000804080408040804080408040804080403
:102D700008040804080408040804080408040804F3
:102D800008040804080408040804080408040804E3
:102D900008040804080410040804080410041004BB
:102DA00008040804104418853908410B488D484E22
:102DB000504E500E582F500F480E6130ABB7C4DA4A
:102DC0009B76406C480D502E502F502F502F500E98
:102DD000500E580F500F58105810500F5030500FC1
:102DE000500E500E580F580F580F580F5810500FC4
:102DF000500E580F580F580F580F580F580F580FA4
:102E0000580F580F580F580F580F580F580F580F8A
:102E1000580F580F580F580F580F580F580F580F7A
:102E2000580F580F580F580F580F580F580F580F6A
:102E3000580F580F500F500F500F500F500F500F8A
:102E4000500F500F500F580F580F580F580F500F6A
:102E5000580F580F580F582F580F582F502E486D95
:102E6000410A394941674907586668266806680774
:102E700068076807680768066806680668066807DE
:102E800068076807680768076807680768076807CA
:102E900068076807680768076807680768076807BA
:102EA00068076807680768076807680768076807AA
:102EB000680768076807680768076807680768079A
:102EC000680768076807680768076807680768078A
:102ED000680768076807680768076806680668077C
:102EE000680768076807682768066806680668064E
:102EF0006806680668066806680668066807680760
:102F00006807680770076806680668276826680605
:102F100068067027680668066806680668066827F7
:102F20006827584650A64907394818640804080419
:102F3000080408040805100510041004100408040F
:102F400008050805100410041004100410041004EF
:102F500010041004100410041004100410041004D1
:102F600010041004100410041004100410041004C1
:102F700010041004080410041004080408041004C9
:102F8000100408040804080320A6414A40EC408DC0
:102F9000484E502F580F582F582E480D58CD612E9F
:102FA000484D482D500E580F500E580F582F582F7F
:102FB000582F500F580F500F500F500F5830500FC0
:102FC0005850584F502E500E500E580F500F580F4B
:102FD00058305830580F580F500F500F580F580F87
:102FE000580F580F580F580F580F580F580F580FA9
:102FF000580F580F580F580F580F580F580F580F99
:10300000580F580F580F580F580F580F580F580F88
:10301000580F580F580F580F580F580F580F580F78
:10302000580F580F580F580F580F580F580F580F68
:10303000580F580F580F582F580F582F502E488D93
:10304000410A394941674907586668266806680792
:1030500068076807680768076806680668076807FA
:1030600068076807680768076807680768076807E8
:1030700068076807680768076807680768076807D8
:1030800068076807680768076807680768076807C8
:1030900068076807680768076807680768076807B8
:1030A00068076807680768076807680768076807A8
:1030B0006807680768076807680768076807680798
:1030C0006807680768076827682768076827682708
:1030D000680668066827680768076807680768075A
:1030E000680668067007702768066806680668261E
:1030F00068066806602660266826682668076807EE
:1031000060066047506648E7412820A60824080466
:10311000080410250805080510041004100408040C
:103120000805080508041004100410041004100415
:1031300010041004100410041004100410041004EF
:1031400010041004100410041004100410041004DF
:10315000100410040804102510251004080410049D
:10316000102510040824000318653949392B40EC58
:10317000488D484E582F580F500E502E480D482D50
:10318000502E504F582F5810580F580F580F580F97
:10319000580F500F580F500F5810580F580F500F0E
:1031A000584F480D482D482D7972584F582F582F99
:1031B0005830500F580F580F500F500F580F580FCE
:1031C000580F580F580F580F580F580F580F580FC7
:1031D000580F580F580F580F580F580F580F580FB7
:1031E000580F580F580F580F580F580F580F580FA7
:1031F000580F580F580F580F580F580F580F580F97
:10320000580F580F580F580F580F580F580F580F86
:10321000580F580F580F580F580F582F502E486DF1
:10322000410B3929416749075866682668067007C7
:103230006807680768076807680768076807680716
:103240006807680768076807680768076807680706
:1032500068076807680768076807680768076807F6
:1032600068076807680768076807680768076807E6
:1032700068076807680768076807680768076807D6
:1032800068076807680768076807680768076807C6
:1032900068076807680768076807680768076807B6
:1032A0006807680768066806680668076827682769
:1032B00068276827682768276827680768076807F6
:1032C000680768066806702770077006700668064B
:1032D0006005606660C7718A798B584660266827EA
:1032E00068066847584650A7490830E71024080484
:1032F0000824102408050805100510051005080508
:10330000080508050805100510051005100510052D
:103310001005100510051005100510051005100505
:1033200010051005100510051005100510051005F5
:1033300010051005100510051005100508040804F7
:103340001005080410240804102420C63129412A3D
:1033500040CC486D502E580F6030580F580F5830E1
:10336000500E500F582F500F580F580F5810580F1D
:10337000500F5830500F580F580F580F580F582FE4
:10338000480C50AD69D19B77E53F508E480E582FC1
:10339000581058105810580F500F500F580F580F02
:1033A000580F580F580F580F580F580F580F580FE5
:1033B000580F580F580F580F580F580F580F580FD5
:1033C000580F580F580F580F580F580F580F580FC5
:1033D000580F580F580F580F580F580F580F580FB5
:1033E000580F580F580F580F580F580F580F580FA5
:1033F000580F580F580F580F580F580F502E486D30
:10340000410B3929416748E7586668266807700705
:103410006807680768076807680768076807680734
:103420006807680768076807680768076807680724
:103430006807680768076807680768076807680714
:103440006807680768076807680768076807680704
:1034500068076807680768076807680768076807F4
:1034600068076807680768076807680768076807E4
:1034700068076807680768076807680768076807D4
:10348000680770077007700668066827680768078E
:103490006827682768276827680768076807680734
:1034A0006807680768276806680668266826600552
:1034B00068E88A6DBC75EDDADD1869095806682779
:1034C0007027680760265887490839081844082477
:1034D0000824080408040805100510051005100547
:1034E0000805080510051005100510051005100544
:1034F0001005100510051005100510051005100524
:103500001005100510051005100510051005100513
:10351000100510051005080410051005100510050C
:10352000100508040804102508040824292739690F
:10353000410B48AC506E500F580F580F5810580F91
:103540005830582F582F500F582F580F580F5810C9
:103550005830500F500F582F580F580F502F504EB3
:10356000488DA397E5DFFEBFB3F9486D502E582F65
:10357000580F581058105810582F582F580F580FD0
:10358000580F580F580F580F580F580F580F580F03
:10359000580F580F580F580F580F580F580F580FF3
:1035A000580F580F580F580F580F580F580F580FE3
:1035B000580F580F580F580F580F580F580F580FD3
:1035C000580F580F580F580F580F580F580F580FC3
:1035D00058105810580F580F580F580F502E486D4C
:1035E000410B3929414748E758666826680768074C
:1035F0006807680768076807680768076807680753
:103600006807680768076807680768076807680742
:103610006807680768076807680768076807680732
:103620006807680768076807680768076807680722
:103630006807680768076807680768076807680712
:103640006807680768076807680768076807680702
:1036500068076807680768076807680768076807F2
:1036600068076807700770076807680768076827B2
:10367000682768076807700770077007700770078A
:1036800070067007684760066026580560868A4C99
:10369000CCF6EE7CFF7FFFDFFF1FA33058266807C4
:1036A000700768066827586750C7494820A608036E
:1036B000080408041004100508051005100510057D
:1036C0000805080510051005100510051005100562
:1036D0001005100510051005100510051005100542
:1036E0001005100510051005100510051005100532
:1036F0001005100510051005100510051005100522
:10370000100510051005102508050804104428C6EA
:10371000414A410B488D504F5810581058105810BE
:103720005810580F580F500F582F582F500F500F38
:103730005830580F580F580F580F500E482D404B07
:103740008B14FF3FE61F8AF450CD402C586F582F42
:10375000500F581058105810580F582F580F580F16
:10376000580F580F580F580F580F580F580F580F21
:10377000580F580F580F580F580F580F580F580F11
:10378000580F580F580F580F580F580F580F580F01
:10379000580F580F580F580F580F580F580F580FF1
:1037A000580F580F580F580F580F580F580F580FE1
:1037B00058105810580F580F580F580F502F508D41
:1037C000410B3929414848E7586668266807680769
:1037D0006807680768076807680768076807680771
:1037E0006807680768076807680768076807680761
:1037F0006807680768076807680768076807680751
:103800006807680768076807680768076807680740
:103810006807680768076807680768076807680730
:103820006807680768076807680768076807680720
:103830006807680768076807680768076807680710
:1038400068076807700770076807680768076807F0
:103850006807680770077007700770277007702780
:103860006806680660065846584679ABA330CCF720
:10387000FF9FFFDFFFDFFFBFFEDEAB316026680684
:10388000700770076827604750A7492828C610644A
:103890000824082410041005080508051005100563
:1038A0001005080510051005100510051005100578
:1038B0001005100510051005100510051005100560
:1038C0001005100510051005100510051005100550
:1038D0001005100510051005100510051005100540
:1038E00010051005100510050805080508241865C1
:1038F0003108414A40CB486D502F5810581058108D
:103900005810580F580F580F5030500F500F583054
:10391000580F580F602F580E584E482C50ED82B259
:10392000DDFEFF3F9355404B402B506E502E580FFD
:10393000583058105810580F580F580F580F580F2C
:10394000580F580F580F580F580F580F580F580F3F
:10395000580F580F580F580F580F580F580F580F2F
:10396000580F580F580F580F580F580F580F580F1F
:10397000580F580F580F580F580F580F580F580F0F
:10398000580F580F580F580F580F580F580F580FFF
:1039900058105810580F580F580F582F582F508D37
:1039A000490B3929414848E758666826680768077F
:1039B000680768076807680768076807680768078F
:1039C000680768076807680768076807680768077F
:1039D000680768076807680768076807680768076F
:1039E000680768076807680768076807680768075F
:1039F000680768076807680768076807680768074F
:103A0000680768076807680768076807680768073E
:103A1000680768076807680768076807680768072E
:103A2000680768076807680768076807680768071E
:103A300070077007700770076806702768066006D1
:103A40005806606760A7716AA351EDDAFF5FFF7FD8
:103A5000FF5FF65CDD78C495AB10790968267027A6
:103A60006806680768076027586750E8390820C665
:103A70001024080410041005080508051005100599
:103A8000100510051005100510051005100510058E
:103A9000100510051005100510051005100510057E
:103AA000100510051005100510051005100510056E
:103AB000100510051005100510051005100510055E
:103AC0001005100510051005102508050804080448
:103AD00020863929410A40AB486D582F581058109C
:103AE000580F580F580F581058105030502F582F4B
:103AF000580E580F580F502E404C61AFBC98FF3FE6
:103B0000FF7FA3F7508D482D502E502F580F580F80
:103B100058105810580F580F580F580F580F580F6B
:103B2000580F580F580F580F580F580F580F580F5D
:103B3000580F580F580F580F580F580F580F580F4D
:103B4000580F580F580F580F580F580F580F580F3D
:103B5000580F580F580F580F580F580F580F580F2D
:103B6000580F580F580F580F580F580F580F580F1D
:103B700058105810580F580F580F582F582F508D55
:103B8000490B3929414848E758666827680768079C
:103B900068076807680768076807680768076807AD
:103BA000680768076807680768076807680768079D
:103BB000680768076807680768076807680768078D
:103BC000680768076807680768076807680768077D
:103BD000680768076807680768076807680768076D
:103BE000680768076807680768076807680768075D
:103BF000680768076807680768076807680768074D
:103C00006807680768076807680768076807700734
:103C1000700770077007700768076827604660675D
:103C200069099AAFCC76F5BAFF1FFEBEDD99C4B61E
:103C3000A351822C58C7584658266826680668073C
:103C40006807680768076827584750C84949310717
:103C5000104408041004100508050805080510059F
:103C600010051005100510051005100510051005AC
:103C7000100510051005100510051005100510059C
:103C8000100510051005100510051005100510058C
:103C9000100510051005100510051005100510057C
:103CA0001005100510051005102508050805080564
:103CB000102528A7414A410A48AC484D500F5810DA
:103CC000582F580F5810581058105830580F580F78
:103CD000582F582F504E506D61CFD57CFF7FFF3F3E
:103CE000AC38408C502E5850580F580F6030580F39
:103CF0005810580F580F580F580F580F580F580F8B
:103D0000581058105810580F580F580F580F580F78
:103D1000580F580F580F580F580F580F580F580F6B
:103D2000580F580F580F580F580F580F580F580F5B
:103D3000580F580F580F580F580F580F580F580F4B
:103D4000580F580F5810580F580F580F580F580F3A
:103D500058105810580F580F580F582F582F506D93
:103D6000490B3929414848E75867682768077007B1
:103D7000680768076827682770077007680768077B
:103D800068077007680768076807680768076807B3
:103D900068076807680768076807680768076807AB
:103DA000680768076807680768076807680768079B
:103DB000680768076807680768076807680768078B
:103DC000680768076807680768076807680768077B
:103DD000680768076807680768076807680768076B
:103DE0006807700770077007700770077007700723
:103DF0007007700770076807684760678A2DBBD334
:103E0000DD18FEDEFF1FF61CBC3492CF79CB68E8CC
:103E1000606758066006684768066806702770275E
:103E20006807682768076827604758A749493948DD
:103E3000186508241004100508050805102510054C
:103E400010051005100510051005100510051005CA
:103E500010051005100510051005100510051005BA
:103E600010051005100510051005100510051005AA
:103E7000100510051005100510051005100510059A
:103E80001005100510051005102508041025100553
:103E9000080518263108416A492B408B504E58308E
:103EA000582F582F580F580F58105810580F580F98
:103EB000584F480D69509B76D57CFF9FF69FB4788C
:103EC000590E482D5830580F60106010601058106F
:103ED00058105810580F580F582F582F580F580F68
:103EE0005810581058105810581058105810581092
:103EF0005810581058105810581058105810581082
:103F00005810581058105810581058105810581071
:103F10005810581058105810581058105810581061
:103F20005810581058105810580F580F580F581054
:103F300058105810580F580F580F580F582F506DD1
:103F4000490B3929414848E75867682768077007CF
:103F500070076807682768077007700768076807B1
:103F600068077007680768076807680768076807D1
:103F700068076807680768076807680768076807C9
:103F800068076807680768076807680768076807B9
:103F900068076807680768076807680768076807A9
:103FA0006807680768076807680768076807680799
:103FB0006807680768076807680768076807680789
:103FC0006807700770077007700770077007700741
:103FD000700770076807680760066067CC14FEDF2B
:103FE000FE9DE59ACCB6AB72612950255805600656
:103FF00068066807680768077027702770076807F2
:104000006827680768076827602758874908414874
:1040100020A6082410041005080508250825100509
:1040200010051005100510051005100510051005E8
:1040300010051005100510051005100510051005D8
:1040400010051005100510051005100510051005C8
:1040500010051005100510051005100510051005B8
:104060001005100510051005102508251025100550
:104070001005100518863148414940EA488D504FD7
:10408000500F582F580F580F581058105810582FBD
:10409000502D50AD9B76F69FFF7FFF7FBC79698FD7
:1040A000506E500F5810601160315810580F581052
:1040B0005810580F580F580F580F580F580F580FC7
:1040C000580F580F580F580F580F580F580F580FB8
:1040D000580F580F580F580F580F580F580F580FA8
:1040E000580F580F580F580F580F580F580F580F98
:1040F000580F580F580F580F580F580F580F580F88
:10410000580F581058105810580F580F580F580F74
:1041100058105810580F580F580F580F582F506DEF
:10412000490B3929414848E75867682768077007ED
:1041300070076807680768076807680768076807FF
:1041400068076807700770077007700770077007C7
:1041500070077007700770077007700770077007A7
:104160007007700770077007700770077007700797
:104170007007700770077007700770077007700787
:104180007007700770077007700770077007700777
:104190007007700770077007700770077007700767
:1041A0007007700770077007680768276807680757
:1041B000680770077007702768066847AAD0DC7622
:1041C000A2EF58A658666087606760266806702769
:1041D00068076827682768276807680770287007D6
:1041E00068076827680768276027586748E84149D3
:1041F0002907104410041005080508250825100596
:104200001005100510051005100510051005100506
:1042100010051005100510051005100510051005F6
:1042200010051005100510051005100510051005E6
:1042300010051005100510051005100510051005D6
:1042400010051005100510050825082508041004A0
:1042500010050805102518A63107410948AC504D36
:10426000582F580F582F580F600F580F5810500ED6
:10427000486DA3B7FEDFFF9FFF9FBCBA612F504E72
:10428000582F580F5830580F500F5810580F580FBC
:104290006050580F58105810580F580F580F580F9B
:1042A000582F582F580F580F580F580F580F580F96
:1042B000580F580F580F580F580F580F580F580FC6
:1042C000580F580F580F580F580F580F580F580FB6
:1042D000580F580F580F580F580F580F580F580FA6
:1042E000580F581058105810580F580F580F580F93
:1042F00058105810580F580F580F580F582F506D0E
:10430000490B3929414848E758676827680770070B
:10431000700768076807680770077007680768070D
:1043200068077007700770077007700770077007DD
:1043300070077007700770077007700770077007C5
:1043400070077007700770077007700770077007B5
:1043500070077007700770077007700770077007A5
:104360007007700770077007700770077007700795
:104370007007700770077007700770077007700785
:10438000700768076807680768276827682768074D
:1043900068076807700768076827682768476046E6
:1043A0005846582660266006680770276807700719
:1043B00070276807602760276828700768077007FC
:1043C00070086807680768276807604750A7494969
:1043D0003128104410041005080508251025100583
:1043E0001005100510051005100510051005100525
:1043F0001005100510051005100510051005100515
:104400001005100510051005100510051005100504
:1044100010051005100510051005100510051005F4
:1044200010051005100510050805082510241004B6
:10443000102508050825080420A5392948EB48ACB3
:10444000506D502E502F582F601060106010502E5D
:10445000590EFEDFFF9FFF7FCD1B614F480D582F88
:10446000580F580F580F580F582F580F580F5830D3
:10447000500F5830581058105810582F582E504E72
:10448000504E584F582F580F581058105810581059
:10449000580F5810581058105810580F580F5810DF
:1044A00058105810581058105810581058105810CC
:1044B00058105810581058105810581058105810BC
:1044C00058105810581058105810580F580F5810AE
:1044D00058105810580F580F580F580F582F506D2C
:1044E000490B3929416749075867682868087008E7
:1044F0007007680768076808700870086807680729
:1045000068077008700770077007700770077007FA
:1045100070077007700770077007700770077007E3
:1045200070077007700770077007700770077007D3
:1045300070077007700770077007700770077007C3
:1045400070077007700770077007700770077007B3
:1045500070077007700770077007700770077007A3
:1045600070077007680768076807680768086808C1
:104570006808700870077007680768076827682769
:104580006827682768076807700770087008700850
:104590006808680868086828680868086808700873
:1045A000680868086808680868286027588750E81D
:1045B0004128208508041026080508051025100547
:1045C0001005100510051005100510051005100543
:1045D0001005100510051005100510051005100533
:1045E0001005100510051005100510051005100523
:1045F0001005100510051005100510051005100513
:104600001005100510051005100510051005100502
:104610001005082508250804100428A7414A412B45
:1046200040EB40AC504E580F601060106010500EC0
:10463000488DB439FF5FF63F7A11504D582F580F0F
:10464000580F580F582F582F580E602F58105810C9
:104650005830581058106010580F500E6950AB98D1
:10466000B3BA58AF582E580F581058105810580F4A
:10467000582F582F581058105810580F580F580FBF
:1046800058105810581058105810581058105810EA
:1046900058105810581058105810581058105810DA
:1046A00058105810601060105810581058105810BA
:1046B00058105810582F582F580F600F582F506D02
:1046C000490B392A41674907586768286808700804
:1046D0007008680768086808700870086807680745
:1046E0006807700870087008700870087008700813
:1046F00070087008700870087008700870087008FA
:1047000070087008700870087008700870087008E9
:1047100070087008700870087008700870087008D9
:1047200070087008700870087008700870087008C9
:1047300070087008700870087008700870087008B9
:1047400070087008700870087008700870087008A9
:104750007008700870087008700870087008700899
:104760007008700870087008700870086808680899
:1047700068086808700868086808680870087008A1
:10478000680868087008682868286027584750A893
:10479000492820A60804102508050805100510055D
:1047A0001005100510051005100510051005100561
:1047B0001005100510051005100510051005100551
:1047C0001005100510051005100510051005100541
:1047D0001005100510051005100510051005100531
:1047E0001005100510051005100510051005100521
:1047F0000825082510251025080418463109416AA6
:10480000414A40EA488D584F58106010600F582FA9
:10481000482C71D1CCDCB3D96110500D580F6030E9
:10482000582F580F580F582F600F600F58105810FE
:10483000580F581060305810500E508E9B35FE5F48
:10484000ED9F588E582E580F581058105810580F6A
:10485000582F582F581058105810580F580F580FDD
:104860005810581058105810581058105810581008
:1048700058105810581058105810581058105810F8
:1048800058105810601060105810581058105810D8
:1048900058105810580F582F580F600F582F506D40
:1048A000490B392A41674907586768286808700822
:1048B0007008680768086808700870086807680763
:1048C0006808700870087008700870087008700830
:1048D0007008700870087008700870087008700818
:1048E0007008700870087008700870087008700808
:1048F00070087008700870087008700870087008F8
:1049000070087008700870087008700870087008E7
:1049100070087008700870087008700870087008D7
:1049200070087008700870087008700870087008C7
:1049300070087008700870087008700870087008B7
:1049400070087008700870077007680768076808C3
:1049500068086808700870087008700770076807B2
:1049600068076828680768077028682860275887DC
:10497000492830C710250805080508051005100549
:104980001005080510051005100510051005100587
:10499000100510051005100510051005100510056F
:1049A000100510051005100510051005100510055F
:1049B000100510051005100510051005100510054F
:1049C000100510051005100510051005100510053F
:1049D000100508250805102508051005206630E893
:1049E000392A410B488B504D582F6010580F602FBB
:1049F000502E504D508F506F500E582F580F600F43
:104A0000580F582F582F580F601058105810580F23
:104A1000580F582F500F480E484C92F5FE7FFE5FFE
:104A2000A2F7502E582F580F580F5810600F580FDC
:104A3000582F582F580F580F5810580F580F580FFD
:104A4000580F581058105810581058105810581027
:104A50005810581058105810581058105810581016
:104A600058105810600F600F580F580F582F5810DB
:104A700058105810580F582F580F600F582F506D5E
:104A8000410B392941674907586768286808700849
:104A90007008680768086808700870086807680781
:104AA000680870087008700870087008700870084E
:104AB0007008700870087008700870087008700836
:104AC0007008700870087008700870087008700826
:104AD0007008700870087008700870087008700816
:104AE0007008700870087008700870087008700806
:104AF00070087008700870087008700870087008F6
:104B000070087008700870087008700870087008E5
:104B100070087008700870087008700870087008D5
:104B200070087008700770077007680768276807C3
:104B30006807700870087007700770087028702880
:104B400068286807682768076808682868485867F9
:104B500048E83907186508050825080510051005F7
:104B6000100510051005100510051005100510059D
:104B7000100510051005100510051005100510058D
:104B8000100510051005100510051005100510057D
:104B9000100510051005100510051005100510056D
:104BA000100510051005100510051005100510055D
:104BB0001005100508050825100510051005182515
:104BC00028A8412A490B488C504E58306010600F7D
:104BD000582F582E502F500F58106030580F580F24
:104BE000580F6030600F600F601060106010600F31
:104BF000580F580E504E50CE8293FE7FEDBE92D489
:104C000060CF502F582F580F600F60106010600F4A
:104C1000600F602F582F580F581058105810580F09
:104C2000582F582F58105810581058105810581006
:104C30005810581058105810581058105810581034
:104C4000581060106010600F582F582F582F583090
:104C500058106010580F582F580F580F582F506D7C
:104C6000410B394941674907586768086808700867
:104C7000700868076808680870087008680768079F
:104C8000680870087008700870087008700870086C
:104C90007008700870087008700870087008700854
:104CA0007008700870087008700870087008700844
:104CB0007008700870087008700870087008700834
:104CC0007008700870087008700870087008700824
:104CD0007008700870087008700870087008700814
:104CE0007008700870087008700870087008700804
:104CF00070087008700870087008700870087008F4
:104D000070086808682768276827682768076807A1
:104D100070077007700870086808680768076808F7
:104D20006808680768276827700868076828584770
:104D300048C74148208608040805102610051005BC
:104D4000100510251005100510051005100510059B
:104D500010051005100510051005100510051005AB
:104D6000100510051005100510051005100510059B
:104D7000100510051005100510051005100510058B
:104D8000100510051005100510051005100510057B
:104D9000100510051025080508051025100510053B
:104DA000184630E8494A48EA508D502E603060106D
:104DB000580F583058305830580F6010601060103D
:104DC0005810580F580F603060106010601060105D
:104DD000604F504D69709B96EE5FFEBF8251508DC3
:104DE000500D582F582F600F600F5810581060103A
:104DF000600F600F600F600F601060105810581047
:104E0000582F582F580F5810581058105810581025
:104E10005810581058105810581058105810581052
:104E2000581058106010580F582F582F582F582FBF
:104E3000601060105810581058105810582F508D8E
:104E4000410B394941674907586768086808700885
:104E500070086808680868087008700868086808BA
:104E6000680870087008700870087008700870088A
:104E70007008700870087008700870087008700872
:104E80007008700870087008700870087008700862
:104E90007008700870087008700870087008700852
:104EA0007008700870087008700870087008700842
:104EB0007008700870087008700870087008700832
:104EC0007008700870087008700870087008700822
:104ED0007008700870087008700870087008700812
:104EE00070086808682768276827680768077007D8
:104EF00070077007680768076828682868286828A6
:104F0000682868286006682770286807682860474E
:104F100050A7492820A608240805102610061005C9
:104F200008250825100510051005100510051005A9
:104F300010051005100510051005100510051005C9
:104F400010051005100510051005100510051005B9
:104F500010051005100510051005100510051005A9
:104F60001005100510051005100510051005100599
:104F70001005100510251005102510251025100509
:104F8000102520863948414A510C486D584F6030F1
:104F900058106030580F6030600F60106010601063
:104FA0005810583058106030581060106010601061
:104FB000500E484C82D3E65FFF9FCCFB402B504EF7
:104FC000582F5810600F600F60105810581058106C
:104FD00060106010600F601060106010601058105A
:104FE000582F582F58105810581058105810581043
:104FF0005810581058105810581058105810581071
:10500000581058105810580F582F582F582F582FE5
:10501000601060105810581058106030582F508D84
:10502000412B394941674907586868086808700882
:1050300070086808680868087008700868086808D8
:1050400068087008700870087008700870087008A8
:105050007008700870087008700870087008700890
:105060007008700870087008700870087008700880
:105070007008700870087008700870087008700870
:105080007008700870087008700870087008700860
:105090007008700870087008700870087008700850
:1050A0007008700870087008700870087008700840
:1050B0007008700870087008700870087008700830
:1050C0007008680868086808680868086808680858
:1050D000700870087028680768076807602760070D
:1050E0006027604768676027680870087008602755
:1050F00050A7492828E61065082510261006100636
:1051000010250805100510051005100510051005DF
:1051100010051005100510051005100510051005E7
:1051200010051005100610061006100610061006D1
:1051300010061006100610061006100610061006BF
:1051400010061026080608061006100610051005A1
:10515000100510051005100510261005080510256E
:105160001005102520C63128414A48EB486D504FA4
:1051700058305830580F600F600F600F601160108A
:105180005810581058105810580F603060115810AF
:10519000480D71D0CD7BFF7FFF1F71F0504D580F30
:1051A0005830581060106010601058105810581087
:1051B0006010601060106010601060106010581077
:1051C0005830581058106010601060106010601057
:1051D000601060106010601060106010601060104F
:1051E0006010601058105810582F582F582F600F0B
:1051F000601060105810581060106010582F506DDB
:10520000410B3949416749075868680868087008C0
:1052100070086808680868087008700868086808F6
:1052200068087008700870087008700870087008C6
:1052300070087008700870087008700870087008AE
:10524000700870087008700870087008700870089E
:10525000700870087008700870087008700870088E
:10526000700870087008700870087008700870087E
:10527000700870087008700870087008700870086E
:10528000700870087008700870087008700870085E
:10529000700870087008700870087008700870084E
:1052A000700870087008700868086808680868085E
:1052B000680868276807682768476047584760C8D4
:1052C0008A0DB352794B60476808700870086027F0
:1052D00058874908310720C6102508051006100612
:1052E00010260805100510051005100510051005FD
:1052F0001005100510051005100510051005100506
:1053000010051005100510051005100510051005F5
:1053100010051005100510051005100510051005E5
:1053200010051005080608061006100610051005E1
:10533000100510051006100510260805100510268A
:10534000080508050824186528E7414B40EC48ADDE
:10535000506F582F602F600F600F600F581058105B
:105360005810603058305810580F582F580F584F59
:105370006150D55DFF7FFF3FABF7486C500E60106A
:1053800060116011601060106010581058105810B3
:105390006010601060106010601060106010581095
:1053A00058105810581058105810581058105810BD
:1053B000581058106010601060106010601060107D
:1053C0006010601060105810600F600F600F600F69
:1053D000601060106010601060106010582F506DE9
:1053E000410B3949416749076068680868087008D7
:1053F00070087008680868087008700870087008FD
:1054000070087008700870087008700870087008DC
:1054100070087008700870087008700870087008CC
:1054200070087008700870087008700870087008BC
:1054300070087008700870087008700870087008AC
:10544000700870087008700870087008700870089C
:10545000700870087008700870087008700870088C
:10546000700870087008700870087008700870087C
:10547000700870087008700870087008700870086C
:105480007008700870097009680870297049680808
:10549000682760275806582658469ACFC475CCD638
:1054A000EE3BFEFFA2F050066828700868086828E6
:1054B000586748E741682907082510261006100696
:1054C000100510251005100610061006100610060F
:1054D000100610061006100610061006100610061C
:1054E000100610061006100610061006100610060C
:1054F00010061006100610061006100610061006FC
:1055000010061006080608061006100610061006FB
:10551000100610061006100610261026102510255D
:10552000102510251025082410643148414A40EB0D
:10553000488D586E580F6010601060106010603019
:10554000601060105830582F580F584E506E6990A8
:10555000BC99FF9FE63E9374590E502D602F581052
:105560006031601160116010601160106030603057
:1055700060306010601058106010580F580F603085
:10558000603060106010601060106010601060107B
:10559000601060106010601060106010601060108B
:1055A000601060106010601060106010601060107B
:1055B0006010601060106030601060106050508E9D
:1055C000490B3949416749076068682868087008CD
:1055D000700870086808680870087008700870081B
:1055E00070087008700870087008700870087008FB
:1055F00070087008700870087008700870087008EB
:1056000070087008700870087008700870087008DA
:1056100070087008700870087008700870087008CA
:1056200070087008700870087008700870087008BA
:1056300070087008700870087008700870087008AA
:10564000700870087008700870087008700870089A
:10565000700870087008700870087008700870088A
:105660007008700870097009682960086007602771
:10567000502660C879CB79EB92CEE5B9FFBFFFBF6A
:10568000FFDFFF9FBBD468A96008680870286828FE
:10569000586750C7416831281045080510061006A4
:1056A000100510251005100610061006100610062D
:1056B000100610061006100610061006100610063A
:1056C000100610061006100610061006100610062A
:1056D000100610061006100610061006100610061A
:1056E00010061006102610261006100610061006CA
:1056F000100610061006100610261026102610267A
:105700001026102510050805084520E73989414A6B
:1057100048EC486D584F58105810601060106010D9
:105720006010601060305830584F504E6990AC1780
:10573000FEDFFF9FBC99488B480C582F60306830C3
:105740005810601060106010581068516010580FA9
:1057500060305830582F500E6070584F6050603095
:1057600058106010601060106010601060106010C1
:1057700060106010601060106010601060106010A9
:105780006010601060106010601060106010601099
:10579000601060106010581060316030580F508EEB
:1057A000490B39294167490760686828680870080B
:1057B0007008700868086808700870087008700839
:1057C0007008700870087008700870087008700819
:1057D0007008700870087008700870087008700809
:1057E00070087008700870087008700870087008F9
:1057F00070087008700870087008700870087008E9
:1058000070087008700870087008700870087008D8
:1058100070087008700870087008700870087008C8
:1058200070087008700870087008700870087008B8
:1058300070087008700870087008700870087008A8
:1058400070087008680768286027604760C8716A38
:1058500092CFC495FEFFFF5FFF5FFF7FFFBFFF7F1B
:10586000FEBDEDDABBB4812B68496808680868287A
:10587000604758C849683148186508051006100681
:10588000100510251005100610061006100610064B
:105890001006100610061006100610061006100658
:1058A0001006100610061006100610061006100648
:1058B0001006100610061006100610061006100638
:1058C0001006100610061006100610061006100628
:1058D00010061006100610061026102610261006B8
:1058E00010061006100608060805104628E83108BC
:1058F000412A48EB508D504E580F601060106010D8
:1059000060106010600F580F502F79B2DD5CFF3FC0
:10591000FFBFFE9F92F5506E584F580F580F6030E2
:10592000600F600F58306030600F600F60106030A3
:105930005830502E504D7150A3177131580E6010D1
:1059400060106010601060106010601060106010D7
:1059500060106010601060106010601060106010C7
:1059600060106010601060106010601060106010B7
:105970006010601060106030580F580F6050506D0C
:10598000490B414A416749076068682868097008FF
:105990007008700868086808700870087008700857
:1059A0007008700870087008700870087008700837
:1059B0007008700870087008700870087008700827
:1059C0007008700870087008700870087008700817
:1059D0007008700870087008700870087008700807
:1059E00070087008700870087008700870087008F7
:1059F00070087008700870087008700870087008E7
:105A000070087008700870087008700870087008D6
:105A100070087008700870087008700870087008C6
:105A2000700868286027790AB311BB93C435E579FB
:105A3000FEFFFF3FFF1FEE5CC517AC34B413ABD3C2
:105A40008AAE716A68C96028680870287029682859
:105A5000602750874928396820A6100510061006CF
:105A60001005100510061006100610061006100688
:105A70001006100610061006100610061006100676
:105A80001006100610061006100610061006100666
:105A90001006100610061006100610061006100656
:105AA0001006100610061006100610061006100646
:105AB0001006100610061006100610061006100636
:105AC00010061006100610261006080510251846A8
:105AD00028C8412A48CB508D584E602F6010601066
:105AE0006010601060306030500EB3B9FEFFFF7F71
:105AF000FF9F9B54504C502E580F60106030600F29
:105B0000600F600F582F582F6030600F68106010C2
:105B1000582F504E79D1CC9BFE3F8A14582E600FDF
:105B200068116010601060106010601060106010EC
:105B300060106010601060106010601060106010E5
:105B400060106010601060106010601060106010D5
:105B5000601060106030580F60506050582F508DAA
:105B6000490B392941474907606868286809700866
:105B70007008700868086808700970087008700874
:105B80007008700870087008700870087008700855
:105B90007008700870087008700870087008700845
:105BA0007008700870087008700870087008700835
:105BB0007008700870087008700870087008700825
:105BC0007008700870087008700870087008700815
:105BD0007008700870087008700870087008700805
:105BE00070087008700870087008700870087008F5
:105BF00070087008700870087008700870087008E5
:105C00007008682858268A0CFE3DFE5DF5BAC4551A
:105C1000AB71A3319AF08A0D68E958675847584725
:105C20005847604860286829682868087008702804
:105C3000682858884908416928C7102510051006AA
:105C400010061006100610061006100610061006A4
:105C50001006100610061006100610061006100694
:105C60001006100610061006100610061006100684
:105C70001006100610061006100610061006100674
:105C80001006100610061006100610061006100664
:105C90001006100610061006102610061006100634
:105CA000100610060805102610071006100610052D
:105CB00018453108412A490B50AD586E582F6010D5
:105CC000601060106010600F500E8214EDBEFF5F18
:105CD000D51B508C502E580F603060106010601033
:105CE000600F602F582F602F600F681060105810E1
:105CF000504F50CEDD3DFF1FE51D58AE580E6010D1
:105D00006010601060106010601060106010601013
:105D10006010601060106010601060106010601003
:105D200060106010601060106010601060106010F3
:105D300060106010582F584F582E500E584E508DEE
:105D4000492C3909414848E76068682868097008A3
:105D50007008700868086808700970087008700892
:105D60007008700970087008700870087008700872
:105D70007008700870087008700870087008700863
:105D80007008700870087008700870087008700853
:105D90007008700870087008700870087008700843
:105DA0007008700870087008700870087008700833
:105DB0007008700870087008700870087008700823
:105DC0007008700870087008700870087008700813
:105DD0007008700870087008700870087008700803
:105DE00070086828582681ACE4F8D455A2F0714AAE
:105DF000586750055006602760276828682868089B
:105E000068286808680870296808680870087008B9
:105E1000682858684908416928E7102510051006C8
:105E200010061006100610061006100610061006C2
:105E300010061006100610061006100610061006B2
:105E400010061006100610061006100610061006A2
:105E50001006100610061006100610061006100692
:105E60001006100610061006100610061006100682
:105E70001006100610061026100610061006100652
:105E8000100610061006100610061807100610055A
:105E9000080418A63969414A490B50AD584E582F8D
:105EA0005830581060106010580F588FA337DCFD21
:105EB0009294502D582F6010601060106010603068
:105EC000602F580E602F6030601060106010582FE7
:105ED000402C8AB4FF1FFEDFA316584D602F6010C0
:105EE0006010603060106010601060106010601012
:105EF0006010601060106010601060106010601022
:105F00006010601060106010601060106010601011
:105F10006010582F502E504E7111608F586F508D59
:105F2000490B392A414848E76068682868097008C1
:105F300070087008680868087009700870087008B0
:105F40007008700970087008700870087008700890
:105F50007008700870087008700870087008700881
:105F60007008700870087008700870087008700871
:105F70007008700870087008700870087008700861
:105F80007008700870087008700870087008700851
:105F90007008700870087008700870087008700841
:105FA0007008700870087008700870087008700831
:105FB0007008700870087008700870087008700821
:105FC0007008680868286828684860286889602719
:105FD00060276027682868286808680870087008C3
:105FE00070087009700970097008700870296808D5
:105FF0006808606848E841483128104510051006D7
:1060000010261006100610061006100610061006C0
:1060100010061006100610061006100610061006D0
:1060200010061006100610061006100610061006C0
:1060300010061006100610061006100610061006B0
:1060400010061006100610061006100610061006A0
:106050001006100610061006100610061006100690
:106060001006100610251005100510051006102644
:106070000805104520E73108390A490B50CD506E0C
:10608000584F600F600F60306010580F586F60AF4E
:10609000504E584F580F60316010601160315810E9
:1060A000601060306010601068116811582F502D1A
:1060B000592EE5DEFE9FB4187151582F6010601004
:1060C0006030580F60106010601060106010601039
:1060D0006010601060106010601060106010601040
:1060E0006010601060106010601060106010601030
:1060F0006010582F586F6931CBDC81B3502D50AEF2
:1061000040CA394A416849076068682970097009BE
:1061100070087008680868097009700970087008CC
:1061200070097009700970087008700870087008AC
:10613000700870087008700870087008700870089F
:10614000700870087008700870087008700870088F
:10615000700870087008700870087008700870087F
:10616000700870087008700870087008700870086F
:10617000700870087008700870087008700870085F
:10618000700870087008700870087008700870084F
:10619000700870087008700870087008700870083F
:1061A0007008700870087008680868086808702926
:1061B00068087028680870087029700870087009ED
:1061C00070087009700970097008700870297008EB
:1061D0007029604850C841283928186510251006D4
:1061E00010061006100610061006100610061006FF
:1061F00010061006100610061006100610061006EF
:1062000010061006100610061006100610061006DE
:1062100010061006100610061006100610061006CE
:1062200010061006100610061006100610061006BE
:1062300010061006100610061006100610061006AE
:106240001006100610051005104608050805102652
:10625000102610250804184628C8390A490B48CCCE
:10626000508D586E602F6010601060305810580FBD
:10627000580F60306010601060316010581060106E
:10628000603060106010683160115810502E58CE88
:10629000A3B6FF5FC49A50CD502E580F60316010E6
:1062A000602F60306010601060106010601060102F
:1062B00060106010602F602F603060106010601000
:1062C000601060106010601060106010601060104E
:1062D0006010582F7151CC5BF57F7992502D50ADE5
:1062E000490B392A416849086068680970097009D2
:1062F00070097009700970097009700970097009D6
:1063000070097009700970097009700970097009C5
:1063100070097009700970097009700970097009B5
:1063200070097009700970097009700970097009A5
:106330007009700970097009700970097009700995
:106340007009700970097009700970097009700985
:106350007009700970097009700970097009700975
:106360007009700970097009700970097009700965
:106370007009700970097009700970097009700955
:106380007009700970097009700970097009700945
:106390007009700970097009700970097009700935
:1063A0007009700970097009700970087009700926
:1063B00068296048588848E8392818851005182643
:1063C0001006180610061006100610061006100615
:1063D000100610061006100610061006100610060D
:1063E00010061006100610061006100610061006FD
:1063F00010061006100610061006100610061006ED
:1064000010061006100610061006100610061006DC
:1064100010061006100610061006100610061006CC
:10642000100610061006100610061006102610267C
:106430001026102610251005182628A8412A412BC1
:1064400040EB48AC584E60306030580F60306030E0
:1064500060106010601060106010601060106010BC
:1064600060106010601060106010604F612F9B76AC
:10647000FEBFFEBF7A11588E582F6030580F601043
:106480006010601160106031601060106810600F63
:106490006030582F580E580E582F60506010601002
:1064A0006830601060106010601060106010601044
:1064B0006030500D7A31FE7FDD1E6930502E508DD8
:1064C000490B4129416849086068680970097009E9
:1064D00070097009700970097009700970097009F4
:1064E00070097009700970097009700970097009E4
:1064F00070097009700970097009700970097009D4
:1065000070097009700970097009700970097009C3
:1065100070097009700970097009700970097009B3
:1065200070097009700970097009700970097009A3
:106530007009700970097009700970097009700993
:106540007009700970097009700970097009700983
:106550007009700970097009700970097009700973
:106560007009700970097009700970097009700963
:106570007009700970097009700970097009700953
:106580007009700970097009700970097009700943
:1065900070096829606850C9392818A61025102587
:1065A0001006180610061006100610061006100633
:1065B000100610061006100610061006100610062B
:1065C000100610061006100610061006100610061B
:1065D000100610061006100610061006100610060B
:1065E00010061006100610061006100610061006FB
:1065F00010061006100610061006100610061006EB
:1066000010061006100610061006100610061006DA
:1066100010061006100610061005186730E9414AEA
:10662000394A40EB508D584F584F602F6010601022
:1066300060106010601060106010603060106010BA
:10664000601060106830600F580F504D8293EE1E3E
:10665000FF7FF61F506D500E60306030580F603075
:106660006010681160116010601068106810600F91
:10667000582F584F795268F06070580F6030603072
:10668000601060106030601060106010601060106A
:10669000580F504D8291FE9FBC1A508E584E588E06
:1066A00040EA412941684908606868097009700931
:1066B0007009700970097009700970097009700912
:1066C0007009700970097009700970097009700902
:1066D00070097009700970097009700970097009F2
:1066E00070097009700970097009700970097009E2
:1066F00070097009700970097009700970097009D2
:1067000070097009700970097009700970097009C1
:1067100070097009700970097009700970097009B1
:1067200070097009700970097009700970097009A1
:106730007009700970097009700970097009700991
:106740007009700968296829682968296809700929
:106750007009700970097009700970097009700971
:106760006829700970097009700970097009700949
:1067700070096829604858A9412920C610251025AC
:106780001006100610061006100610061006100659
:106790001006100610061006100610061006100649
:1067A0001006100610061006100610061006100639
:1067B0001006100610061006100610061006100629
:1067C0001006100610061006100610061006100619
:1067D0001006100610061006100610061006100609
:1067E00010061006100610061006100610061006F9
:1067F000100610061006102610061005184628C8A8
:106800003929412B48CC508D506E584F6030601064
:1068100060106010601060106010601060106010F8
:10682000601060106831580F586E616FCD1AFF7F8D
:10683000FF5FABB7504E6030603160106010603069
:106840006010681160106010683060106810602F70
:10685000502E9255F53F92356890580F6010601099
:106860006010681060106010601068316010603057
:10687000582F506ECCDAFEBF9AF6504D584E508DC0
:10688000490B412941684908606868097009700925
:106890007009700970097009700970097009700930
:1068A0007009700970097009700970097009700920
:1068B0007009700970097009700970097009700910
:1068C0007009700970097009700970097009700900
:1068D00070097009700970097009700970097009F0
:1068E00070097009700970097009700970097009E0
:1068F00070097009700970097009700970097009D0
:1069000070097009700970097009700970097009BF
:1069100070097009700970097009700970097009AF
:106920007009700968296829682968296829700927
:106930007009700970097009700970097009682977
:106940006829700970097009700970097009700967
:106950007009680960495888492928C710251025F9
:106960001026102610061006100610061006100637
:106970001006100610061006100610061006100667
:106980001006100610061006100610061006100657
:106990001006100610061006100610061006100647
:1069A0001006100610061006100610061006100637
:1069B0001006100610061006100610061006100627
:1069C0001006100610061006100610061006100617
:1069D00010061006100610261026100510051005CA
:1069E000208730E9412A48EB50AD506E582F602F78
:1069F0006010601060106010601060106010601017
:106A0000601160116010582E488CCCFBFF7FFF7F17
:106A1000DD7D610E584F603060116010603068306D
:106A20006010601060106010601060106010580EF0
:106A300058AEED3FDC9E60D0580E6850603060105C
:106A40006811601060106030601060116010600F9D
:106A5000584F60EFFEBFF63F8A54504E584E588D47
:106A6000490B39294168490860686809700970094B
:106A7000700970097009700970097009700970094E
:106A8000700970097009700970097009700970093E
:106A9000700970097009700970097009700970092E
:106AA000700970097009700970097009700970091E
:106AB000700970097009700970097009700970090E
:106AC00070097009700970097009700970097009FE
:106AD00070097009700970097009700970097009EE
:106AE00070097009700970097009700970097009DE
:106AF00070097009700970097009700970097009CE
:106B000070097009700968096809680970097009D5
:106B100070097009700970097009700970097009AD
:106B2000700970097009700968296829682968293D
:106B30006809682960495888490930E7102508051F
:106B40001026102610061006100610061006100655
:106B50001006100610061006100610061006100685
:106B60001006100610061006100610061006100675
:106B70001006100610061006100610061006100665
:106B80001006100610061006100610061006100655
:106B90001006100610061006100610061006100645
:106BA0001006100610061006100610061006100635
:106BB00010061006100610061006102610261005E6
:106BC000100518463929414A492B48CC506D584F79
:106BD0006030601060106010601060106010601114
:106BE00060116011580F586E8AD3FF3FFFBFFF5FDF
:106BF0009B14502C580F6010601060106810600FCC
:106C0000600F60106010601060106030582F586F77
:106C10008A74FE3FA317586E582F603060106010C2
:106C20006811681068306010601160116010603089
:106C3000584E9AF6FE9FBC597992502E604F58AE2E
:106C400048EB412A41684908606868297009700961
:106C5000700970097009700970097009700970096C
:106C6000700970097009700970097009700970095C
:106C7000700970097009700970097009700970094C
:106C8000700970097009700970097009700970093C
:106C9000700970097009700970097009700970092C
:106CA000700970097009700970097009700970091C
:106CB000700970097009700970097009700970090C
:106CC00070097009700970097009700970097009FC
:106CD00070097009700970097009700970097009EC
:106CE00070097009700970097009700970097009DC
:106CF00070097009700970097009700970097009CC
:106D00007009700970096809682968296829682963
:106D1000680968296829586848E930E8184508056D
:106D20001026102610061006100610061006100673
:106D300010061006100610061006100610061006A3
:106D40001006100610061006100610061006100693
:106D50001006100610061006100610061006100683
:106D60001006100610061006100610061006100673
:106D70001006100610061006100610061006100663
:106D80001006100610061006100610061006100653
:106D90001006100610061026100610061026100603
:106DA00010051005208630E8414A492B48CC508E0A
:106DB000584F5830603060106010601060106011E3
:106DC0006811601060507131CD1BFF9FFF7FEE1E78
:106DD00079D1582E6050603060306030600F6010A4
:106DE00068306010600F60306030602F500D508D43
:106DF000C47AFEBF79D2586F602F600F6010683080
:106E00006810681068106010601160316810602FA1
:106E1000504DDD1EFE3F825260B0580F604F588DBE
:106E200048EB412A4168490860686829700970097F
:106E3000700970097009700970097009700970098A
:106E4000700970097009700970097009700970097A
:106E5000700970097009700970097009700970096A
:106E6000700970097009700970097009700970095A
:106E7000700970097009700970097009700970094A
:106E8000700970097009700970097009700970093A
:106E9000700970097009700970097009700970092A
:106EA000700970097009700970097009700970091A
:106EB000700970097009700970097009700970090A
:106EC0007009700970097009700970097009680902
:106ED00068097009700970097009700970097009F2
:106EE00068097009700970097029682970097009AA
:106EF000700970096829606950E938E81866082542
:106F000010261006100610061006100610061006B1
:106F100010061006100610061006100610061006C1
:106F200010061006100610061006100610061006B1
:106F300010061006100610061006100610061006A1
:106F40001006100610061006100610061006100691
:106F50001006100610061006100610061006100681
:106F60001006100610061006100610061006100671
:106F70001006100610061026102610061006100621
:106F8000100610261005184628C73109412A490C59
:106F900050AD506E584F603060106010681168102E
:106FA0006811681068919235CCBBFF3FE5BE8252F4
:106FB000608E600F600F601060106030601168318B
:106FC0006810601060106030600F582E60EE7A31EB
:106FD000E5BEFE5F58AE500E602F68306010601046
:106FE0006810681168106010601160316010580EF0
:106FF000612FF5FFE55E610F582F6030604F506DD7
:10700000490B392941684908606868297009700985
:1070100070097009700970097009700970097009A8
:107020007009700970097009700970097009700998
:107030007009700970097009700970097009700988
:107040007009700970097009700970097009700978
:107050007009700970097009700970097009700968
:107060007009700970097009700970097009700958
:107070007009700970097009700970097009700948
:107080007009700970097009700970097009700938
:107090007009700970097009700970097009700928
:1070A0007009700970097009700970097009700918
:1070B00070097009700970097009680968296829E0
:1070C000682968296828682868286828700970096C
:1070D000700970096829606950E938E82086102530
:1070E00010061006100610061006100610061006F0
:1070F00010061006100610061006100610061006E0
:1071000010061006100610061006100610061006CF
:1071100010061006100610061006100610061006BF
:1071200010061006100610061006100610061006AF
:10713000100610061006100610061006100610069F
:10714000100610061006100610061006100610068F
:10715000100610061006100610061026102710261E
:107160001006100610061005100520A73128414A08
:10717000490B48CC508E584F603060106810681032
:1071800068106810600F584F7171BBFA9AB5588E2D
:10719000600E6810683068306030603060316011B7
:1071A0006010681168106830602F506E92F4EE3FE6
:1071B000FF1FABB7504E6030603060306010601021
:1071C000681068106810681060306030602F584E8A
:1071D0009AF5FE7FA357588E580F6010604F588D58
:1071E000490B3929416849086068682970097009A4
:1071F00070097009700970097009700970097009C7
:1072000070097009700970097009700970097009B6
:1072100070097009700970097009700970097009A6
:107220007009700970097009700970097009700996
:107230007009700970097009700970097009700986
:107240007009700970097009700970097009700976
:107250007009700970097009700970097009700966
:107260007009700970097009700970097009700956
:107270007009700970097009700970097009700946
:107280007009700970097029700970097009700916
:1072900070097009702970087029682960086008F1
:1072A0006008580768A9816C89CD91CE680870097B
:1072B000700970097029604948A84109208608258D
:1072C00010261006100610061006100610061006EE
:1072D00010061006100610061006100610061006FE
:1072E00010061006100610061006100610061006EE
:1072F00010061006100610061006100610061006DE
:1073000010061006100610061006100610061006CD
:1073100010061006100610061006100610061006BD
:1073200010061006100610061006100610061006AD
:10733000100610061006100610061006100610069D
:10734000100610061007100710061025186520C635
:107350003928494A48EB50AD586E604F6830681084
:10736000601068306030602F582E584E584F603093
:107370006810681068106010603060306011601133
:107380006811681168106830582E60EEDDDDFF7FEF
:10739000FEBF6990582E6010601060306810681051
:1073A000681060106810601060306030580E588EA1
:1073B000C459FEBF6950586E60306030602F588EDF
:1073C000490B3929416849086068682970097009C2
:1073D00070097009700970097009700970097009E5
:1073E00070097009700970097009700970097009D5
:1073F00070097009700970097009700970097009C5
:1074000070097009700970097009700970097009B4
:1074100070097009700970097009700970097009A4
:107420007009700970097009700970097009700994
:107430007009700970097009700970097009700984
:107440007009700970097009700970097009700974
:107450007009700970097009700970097009700964
:10746000700970097009680970297029680968082D
:10747000682868086828600758066047710A712BF9
:10748000712B79CD9AD0B3B4CC77B33360486828E8
:10749000702970296809604950C941292087080569
:1074A000100610061006100610061006100610062C
:1074B000100610061006100610061006100610061C
:1074C000100610061006100610061006100610060C
:1074D00010061006100610061006100610061006FC
:1074E00010061006100610061006100610061006EC
:1074F00010061006100610061006100610061006DC
:1075000010061006100610061006100610061006CB
:1075100010061006100610061006100610061006BB
:1075200010261007100710071027102608251045F1
:1075300020C63949412A490C50AD506D582E602F54
:10754000602F603068106010601060106010601074
:107550006010681168106810681060106011601188
:10756000681168106830600F502E698FFF7FFFBF71
:10757000DD7D60EF602F6010601060106810681093
:1075800060106010681068316030582F584E58CE27
:10759000D51BFEFF58CE582E600F68306030588ED5
:1075A00048EB4129416849086069682970097009F8
:1075B0007009700970097009700A70097009700902
:1075C0007009700A700970097009700970097009F2
:1075D00070097009700970097009700970097009E3
:1075E00070097009700970097009700970097009D3
:1075F00070097009700970097009700970097009C3
:1076000070097009700970097009700970097009B2
:1076100070097009700970097009700970097009A2
:107620007009700970097009700970097009700992
:107630007009700970097009700970097009700982
:1076400070097009702A7009700968086828602834
:10765000606968EA796B8A2E8A8FA372D518EE1B4F
:10766000F67DFF3FFF7FFF5FFF3FCC7760896008BB
:10767000682968097009604950C9494A20A7082546
:107680001006100710061006100610061006100649
:10769000100610061006100610061006100610063A
:1076A000100610061006100610061006100610062A
:1076B000100610061006100610061006100610061A
:1076C000100610061006100610061006100610060A
:1076D00010061006100610061006100610061006FA
:1076E00010061006100610061006100610061006EA
:1076F00010061006100610061006100610061006DA
:10770000100610061027100610261027100608066F
:10771000104620873129412A48EB48CB508D588E9E
:10772000604F602F6010681068106810681060105B
:1077300060106011681068106810681060106010A8
:10774000601060106010602E506DABD7FF9FFF5F20
:10775000B3D8588E600F6810601060106810681001
:107760006010601068106010602F582E6930ABB741
:10777000FE7FFE7F586E580F601068306030588E64
:1077800048EB412941684908606968297009700916
:10779000700970097009700A700A700A700970091E
:1077A000700A700A7009700970097009700970090F
:1077B0007009700970097009700970097009700901
:1077C00070097009700970097009700970097009F1
:1077D00070097009700970097009700970097009E1
:1077E00070097009700970097009700970097009D1
:1077F00070097009700970097009700970097009C1
:1078000070097009700970097009700970097009B0
:1078100070097009700970097009700970097009A0
:107820007009700970097009680968299A10BB34D9
:10783000C3D5D497ED5AFE5EFF1FFF3FFF5FFF7F6A
:10784000FF7FFF9FFEFFFE9EFE9FC45670EA6829E1
:10785000682968097029682950A9492928C710464C
:107860001006100610061007100710071007100763
:107870001007100710071007100710071007100750
:107880001007100710071007100710071007100740
:107890001007100710071007100710071007100730
:1078A0001007100710071007100710071007100720
:1078B0001007100710071007100710071007100710
:1078C0001007100610061006100610061006100706
:1078D00010071007100710071007100710071007F0
:1078E0001007100610261006100610271027102764
:1078F00008060806186620A73909412B510C50AC20
:10790000506D606F602F6010681068106810601014
:10791000601160316811681068106810681060307C
:1079200060306030600F608F8232FEDFFF9FEE5E5E
:107930008212582E68106810681160116810681063
:107940006810601068106010602F582E8232FEDFC1
:10795000FF7FC49A504E6030683068106030588E97
:1079600048EB41294168490860696829700A700A32
:1079700070097009700A700A700A700A700A700A39
:10798000700A700A700A700A700A700A700A700A27
:10799000700A700A700A700A700A700A700A700A17
:1079A000700A700A700A700A700A700A700A700A07
:1079B000700A700A700A700A700A700A700A700AF7
:1079C000700A700A700A700A700A700A700A700AE7
:1079D000700A700A700A700A700A700A700A700AD7
:1079E000700A700A700A700A700A700A700A700AC7
:1079F000700A700A700A700A700A700A700A700AB7
:107A0000700A700A6809702A68296049AAD3E4B923
:107A1000DCB9C436B393B393B3B3ABB3ABB2ABB2CD
:107A2000ABB2AB929AF192B09AB081AD602868087F
:107A3000702A700A780A68295088492928E810664F
:107A40001006100610061007100710071007100781
:107A5000100710071007100710071007100710076E
:107A6000100710071007100710071007100710075E
:107A7000100710071007100710071007100710074E
:107A8000100710071007100710071007100710073E
:107A9000100710071007100710071007100710072E
:107AA0001007100610061006100610061007100723
:107AB000100710071007100710071007100710070E
:107AC00010071006100610261026100710071007C2
:107AD0001007100708061026186728E8412A492BC6
:107AE00050CC50AD586E604F602F603060306031C8
:107AF00060316011681168116811681168116011B6
:107B000060116030580E586DCCDBFF9FEE5F931410
:107B100068F0602F681068106810601168116811B3
:107B20006811681068306830600F608EB459FF7F4C
:107B3000FF5F8AB3502D6030681060106030588F3E
:107B4000490B41294168490860696829700A700A2F
:107B500070097009700A700A700A700A700A700A57
:107B6000700A700A700A700A700A700A700A700A45
:107B7000700A700A700A700A700A700A700A700A35
:107B8000700A700A700A700A700A700A700A700A25
:107B9000700A700A700A700A700A700A700A700A15
:107BA000700A700A700A700A700A700A700A700A05
:107BB000700A700A700A700A700A700A700A700AF5
:107BC000700A700A700A700A700A700A700A700AE5
:107BD000700A700A700A700A700A700A700A700AD5
:107BE000700A700A700A680968296029896E9A719A
:107BF000920F712B502750475047504750475026FF
:107C00005026584758275827582760286809702A4F
:107C1000702A7009700968295889490928E710668F
:107C20001005182610061007100710071007100778
:107C3000100710071007100710071007100710078C
:107C4000100710071007100710071007100710077C
:107C5000100710071007100710071007100710076C
:107C6000100710071007100710071007100710075C
:107C7000100710071007100710071007100710074C
:107C80001007100610061006100610071007100740
:107C9000100710071007100710071007100710072C
:107CA00010071006100610261027100610061007E1
:107CB00010071007102708060805106628E8414A33
:107CC000492B48EC50CD588E586E604F6030603074
:107CD00060116011681168116811681168116011F4
:107CE00060106030608F71B1E5DDFF9FDD7D50CDAC
:107CF000584E600F6830681068106811681168117C
:107D00006811681068106010600F60AEEE7FFF9F12
:107D1000FF5F7A31582D6030681068106050588FBE
:107D2000490B41294168490860696809700A700A6D
:107D300070097009700A700A700A700A700A700A75
:107D4000700A700A700A700A700A700A700A700A63
:107D5000700A700A700A700A700A700A700A700A53
:107D6000700A700A700A700A700A700A700A700A43
:107D7000700A700A700A700A700A700A700A700A33
:107D8000700A700A700A700A700A700A700A700A23
:107D9000700A700A700A700A700A700A700A700A13
:107DA000700A700A700A700A700A700A700A700A03
:107DB000700A700A700A700A700A700A700A700AF3
:107DC000700A700A782A70097009680968096829B8
:107DD000684960286029682960086008682968493E
:107DE0006029682968087029682968297009700A5B
:107DF000700A700A700A68295889490928E81886A3
:107E000010051806100610071007100710071007B6
:107E100010071007100710071007100710071007AA
:107E2000100710071007100710071007100710079A
:107E3000100710071007100710071007100710078A
:107E4000100710071007100710071007100710077A
:107E5000100710071007100710071007100710076A
:107E6000100710071007100710071007100710075A
:107E7000100710071007100710071007100710074A
:107E800010271027102610061007180718071807C4
:107E9000100710061026104610461046186620A738
:107EA00028E8392A410B48CC50AD588E604F6030DD
:107EB000603060106030603068306811681168119F
:107EC0006810602F81D3E55EFF3FFF7FBC3A60AF53
:107ED000602F6010683060106810681168116811B8
:107EE0006811681168306030602F7150FF3FFFDF0C
:107EF000FEFF71F0584E6830681068316050588E3F
:107F0000490B41094168490860696809700A700AAB
:107F1000700A700A700A700A700A700A700A700A91
:107F2000700A700A700A700A700A700A700A700A81
:107F3000700A700A700A700A700A700A700A700A71
:107F4000700A700A700A700A700A700A700A700A61
:107F5000700A700A700A700A700A700A700A700A51
:107F6000700A700A700A700A700A700A700A700A41
:107F7000700A700A700A700A700A700A700A700A31
:107F8000700A700A700A700A700A700A700A700A21
:107F9000700A700A700A700A700A700A700A700A11
:107FA000700A700A7009780A700A700970097029DD
:107FB0007029702970296809702A702A700A680966
:107FC000700A700A700A700970097029700A700AC4
:107FD000680A700A700A6829588948E9310820A798
:107FE00010261006100710071007100710071007BB
:107FF00010071007100710071007100710071007C9
:1080000010071007100710071007100710071007B8
:1080100010071007100710071007100710071007A8
:108020001007100710071007100710071007100798
:108030001007100710071007100710071007100788
:108040001007100710071007100710071007100778
:108050001007100710071007100710071007100768
:1080600010071027102710271007180718071807E0
:108070001007102710261026102610261026082577
:10808000106620A7390A410B48EB50CC508D586E32
:10809000604F602F602F602F683068116811681082
:1080A0006810602F7131AB78D51BEDDE7991580ED9
:1080B00060106830603060306810681168116811B5
:1080C000681168116830600F582EAB57FFBFFF9FD3
:1080D000D57C612F582E6810601060106030586E8B
:1080E000490B4129414849086069682A700A700AA9
:1080F000700A700A700A700A700A700A700A700AB0
:10810000700A700A700A700A700A700A700A700A9F
:10811000700A700A700A700A700A700A700A700A8F
:10812000700A700A700A700A700A700A700A700A7F
:10813000700A700A700A700A700A700A700A700A6F
:10814000700A700A700A700A700A700A700A700A5F
:10815000700A700A700A700A700A700A700A700A4F
:10816000700A700A700A7009700970097009700944
:10817000700A700A700A700A700A700A700A700A2F
:10818000700A700A700A700A700A700A700A700A1F
:10819000700A700A700A700A700A700A700A700A0F
:1081A000700A700A700A700A700A7009700A700A00
:1081B000700A700A700A6829586950E9390820C79E
:1081C00010261007100710071007100710071007D8
:1081D00010071007100710071007100710071007E7
:1081E00010071007100710071007100710071007D7
:1081F00010071007100710071007100710071007C7
:1082000010071007100710071007100710071007B6
:1082100010071007100710071007100710071007A6
:1082200010071007102710271027102710271027D6
:108230001007100710071007100710071007100786
:108240001007100710271027102710071807180706
:108250001027102710271027102710271027102766
:1082600010261026208728A730E9412A492B48EC00
:1082700050AD588E582F6830681168116811681019
:108280006830602F582E584E71319235604F600F14
:1082900068306830603068306810681168116811A3
:1082A000681168116830602F588DDD5CFFBFFF5F7B
:1082B000AB96588D602F6810681168316050588EE9
:1082C000490C412A414849086069682A700A700AC5
:1082D000700A700A700A700A700A700A700A700ACE
:1082E000700A700A700A700A700A700A700A700ABE
:1082F000700A700A700A700A700A700A700A700AAE
:10830000700A700A700A700A700A700A700A700A9D
:10831000700A700A700A700A700A700A700A700A8D
:10832000700A700A700A700A700A700A700A700A7D
:10833000700A700A700A700A700A700A700A700A6D
:10834000700A700A700A700A700A700A700A700A5D
:10835000700A700A700A700A700A700A700A700A4D
:10836000700A700A700A700A700A700A700A700A3D
:10837000700A700A700A700A700A700A700A700A2D
:10838000700A700A700A700A700A700A700A700A1D
:10839000700A700A700A6829604950C9392820C7D4
:1083A00010261007100710071007100710071007F6
:1083B0001007100710071007100710071007100705
:1083C00010071007100710071007100710071007F5
:1083D00010071007100710071007100710071007E5
:1083E00010071007100710071007100710071007D5
:1083F00010071007100710071007100710071007C5
:1084000010071007100710071007100710071007B4
:1084100010071007100710071007100710071007A4
:108420001007100710071007100710071007100794
:108430001007100710071007100710071007100784
:10844000100710270805102620A73129394A412B8B
:10845000490B50CD58AE604F603060106810681006
:108460006830603068506830600F68306010683184
:10847000601068106810681168116811681168113F
:10848000681168116810584E50ACF65FFFBFFEDFF0
:108490009AD4582D68306811683168316030588E30
:1084A000490B392A414748E86069680A700A700A2E
:1084B000700A700A700A700A700A700A700A700AEC
:1084C000700A700A700A700A700A700A700A700ADC
:1084D000700A700A700A700A700A700A700A700ACC
:1084E000700A700A700A700A700A700A700A700ABC
:1084F000700A700A700A700A700A700A700A700AAC
:10850000700A700A700A700A700A700A700A700A9B
:10851000700A700A700A700A700A700A700A700A8B
:10852000700A700A700A700A700A700A700A700A7B
:10853000700A700A700A700A700A700A700A700A6B
:10854000700A700A700A700A700A700A700A700A5B
:10855000700A700A700A700A700A700A700A700A4B
:10856000700A700A700A700A700A680A680A700A4B
:10857000700A700A702B682A606950C9392820E790
:1085800010261827100710071007100710071007EC
:108590001007100710071007100710071007100723
:1085A0001007100710071007100710071007100713
:1085B0001007100710071007100710071007100703
:1085C00010071007100710071007100710071007F3
:1085D00010071007100710071007100710071007E3
:1085E00010071007100710071007100710071007D3
:1085F00010071007100710071007100710071007C3
:1086000010071007100710071007100710071007B2
:1086100010071007100710071007100710071007A2
:1086200010071007102610061006186728E83109F1
:10863000392A410B48CC50AD588F6070605068307B
:10864000683068106810683168316010681168110E
:108650006831681068116811681168116811681133
:10866000681160316010586E8AF3FEFFFEFFCD1B6B
:1086700081B2602F68306811681168316030588E9F
:10868000490B3929414748E86069680A700A700A4D
:10869000700A700A700A700A700A700A700A700A0A
:1086A000700A700A700A700A700A700A700A700AFA
:1086B000700A700A700A700A700A700A700A700AEA
:1086C000700A700A700A700A700A700A700A700ADA
:1086D000700A700A700A700A700A700A700A700ACA
:1086E000700A700A700A700A700A700A700A700ABA
:1086F000700A700A700A700A700A700A700A700AAA
:10870000700A700A700A700B700A700A700A700A98
:10871000700A700A700A700A700A700A700A700A89
:10872000700A700A700A700A700A700A700A700A79
:10873000700A700A700A700A700A700A700A700A69
:10874000700A700A700A700A680A680A680A680A79
:10875000700B680B680B682A586950C939282107C3
:10876000102518261007100710071007100710070C
:108770001007100710071007100710071007100741
:108780001007100710071007100710071007100731
:108790001007100710071007100710071007100721
:1087A0001007100710071007100710071007100711
:1087B0001007100710071007100710071007100701
:1087C00010071007100710071007100710071007F1
:1087D00010071007100710071007100710071007E1
:1087E00010071007100710071007100710071007D1
:1087F00010071007100710071007100710071007C1
:108800001007100718271027100610061026184604
:1088100020A830E9412A410B48CC50AD588E606FFA
:10882000605068307031681168317051681068119B
:108830007031681070117011681168116811683119
:1088400060316030605058AECD1BFFBFEE3E7A51B4
:10885000608E603068306810681168116030588F21
:10886000490B3929414848E86069680A700A700A6A
:10887000700A700A700A700A700A700A700A700A28
:10888000700A700A700A700A700A700A700A700A18
:10889000700A700A700A700A700A700A700A700A08
:1088A000700A700A700A700A700A700A700A700AF8
:1088B000700A700A700A700A700A700A700A700AE8
:1088C000700A700A700A700A700A700A700A700AD8
:1088D000700A700A700A700A700A700A700A700AC8
:1088E000700A700A700A700B700B700B700A700AB5
:1088F000680A680A680A700A700A700A700A700AC0
:10890000700A700A700A700A700A700A700A700A97
:10891000700A700A700A700A700A680A680A680A9F
:10892000680A680A680A680968296829682A680A5A
:10893000680A680A680A602A606950C939282107EC
:108940001025100610071007100710071007100752
:10895000100710071007100710071007100710075F
:10896000100710071007100710071007100710074F
:10897000100710071007100710071007100710073F
:10898000100710071007100710071007100710072F
:10899000100710071007100710071007100710071F
:1089A000100710071007100710071007100710070F
:1089B00010071007100710071007100710071007FF
:1089C00010071007100710071007100710071007EF
:1089D00010071007100710071007100710071007DF
:1089E00010071007100610061827180710071007A1
:1089F0001027184728C831083929492A48EC50ADB2
:108A0000508E6050683168116810683168106831A4
:108A10006810681068116811681168116811681190
:108A2000683060307111B399F67FFFBFDDBD590D1D
:108A3000502D603060506030681168116031588F7F
:108A4000490C412A414849086069682A700A700A3D
:108A5000700A700A700A700A700A700A700A700A46
:108A6000700A700A700A700A700A700A700A700A36
:108A7000700A700A700A700A700A700A700A700A26
:108A8000700A700A700A700A700A700A700A700A16
:108A9000700A700A700A700A700A700A700A700A06
:108AA000700A700A700A700A700A700A700A700AF6
:108AB000700A700A700A700A700A700A700A700AE6
:108AC000700A700A700B700B700B700B700B700AD1
:108AD000700A700A700A700A700A700A700A700AC6
:108AE000700A700A700A700A700A700A700A700AB6
:108AF000700A700A700A700A700A700A682A682A76
:108B0000682A682A702A682968296829682A680AF0
:108B1000700A700A680A682A606950C939482927AA
:108B20001025102610071007100710071007100750
:108B3000100710071007100710071007100710077D
:108B4000100710071007100710071007100710076D
:108B5000100710071007100710071007100710075D
:108B6000100710071007100710071007100710074D
:108B7000100710071007100710071007100710073D
:108B8000100710071007100710071007100710072D
:108B9000100710071007100710071007100710071D
:108BA000100710071007100710071007100710070D
:108BB00010071007100710071007100710071007FD
:108BC00010071007100610061007180818081808D4
:108BD000100710061025188629073949414B490C02
:108BE00048ED50AE584E605068506850685068303C
:108BF00068106810681168116811681168116811AF
:108C00006810603089B4E4FEFEDFFF9FE57D610FF0
:108C1000604F601060306830681168116830608F94
:108C200048EC410A414849086069682A700A700A9C
:108C3000700A700A700B700B700A700A700A700A62
:108C4000700A700A700A700A700A700A700A700A54
:108C5000700A700A700A700A700A700A700A700A44
:108C6000700A700A700A700A700A700A700A700A34
:108C7000700A700A700A700A700A700A700A700A24
:108C8000700A700A700A700A700A700A700A700A14
:108C9000700A700A700A700A700A700A700A700A04
:108CA000700A700A700A700A700A700A700A700AF4
:108CB000700A700A700A700A700A700A700A700AE4
:108CC000700A700A700B700B700B700B700B700BCE
:108CD000700A700A700A702A702A702A702A682A2C
:108CE000682A702A700A700A702A702A702A700A1C
:108CF000700A700A700A682A606950E94169296837
:108D0000104610271027102710271027102710278C
:108D1000102710271027102710271027102710279B
:108D2000102710271027102710271027102710278B
:108D3000102710271027102710271027102710277B
:108D4000102710271027102710271027102710276B
:108D5000102710271027102710271027102710275B
:108D6000102710271027102710271027102710274B
:108D7000102710271027102710271027102710273B
:108D8000102710271027102710271027102710272B
:108D9000102710271027102710271027102710271B
:108DA0001027102710271027100818081807180771
:108DB0001807184710460826104618872909392A27
:108DC000412A410A490C50CC50AD586E604F683072
:108DD00068316810681168116810681068116811AE
:108DE00068116810602F68F0A357E51EB359606FD3
:108DF0006810701168116811701168116830608E08
:108E0000490B4129414849086069682A700A700A7B
:108E1000700A700A700B700B700A700A700A700B7F
:108E2000700A700A700A700A700A700A700A700A72
:108E3000700A700A700A700A700A700A700A700A62
:108E4000700A700A700A700A700A700A700A700A52
:108E5000700A700A700A700A700A700A700A700A42
:108E6000700A700A700A700A700A700A700A700A32
:108E7000700A700A700A700A700A700A700A700A22
:108E8000700A700A700A702A700A700A700A700AF2
:108E9000700A700A700A700A700A700A700A700A02
:108EA000700A700A700B700B700B700B700B700BEC
:108EB000700B700A700A702A702A702A702A702A41
:108EC000702A700A700B700A702A702A700A700A71
:108ED000700A700A700A682A606950C9418931694C
:108EE00010461027102710271027102710271027AB
:108EF00010271027102710271027102710271027BA
:108F000010271027102710271027102710271027A9
:108F10001027102710271027102710271027102799
:108F20001027102710271027102710271027102789
:108F30001027102710271027102710271027102779
:108F40001027102710271027102710271027102769
:108F50001027102710271027102710271027102759
:108F60001027102710271027102710271027102749
:108F70001027102710271027102710271027102739
:108F80001027102710271027100710071807180799
:108F900018071006102610260826102610461866F8
:108FA00028C731083929412B490B50ED58AE588E4E
:108FB000582F685068306830683068106811681140
:108FC00070116810682F582E584F606F60506830CD
:108FD0006810701170116811701168116830608E1E
:108FE000490B4129414848E8606A682A700A700ABA
:108FF000700A700B700B700B700A700A700B700B9C
:10900000700B700A700A700A700A700A700A700A8F
:10901000700A700A700A700A700A700A700A700A80
:10902000700A700A700A700A700A700A700A700A70
:10903000700A700A700A700A700A700A700A700A60
:10904000700A700A700A700A700A700A700A700A50
:10905000700A700A700A700A700A700A700A700A40
:10906000700A700A702A702A702A700A700A700AD0
:10907000700A700A700A782B700A700A700A700AF7
:10908000782B700A702B702B700B702B700A700A83
:10909000702A700A700A700A702A700A700A702AA0
:1090A000702A702A702B702B702A680A702B702B14
:1090B000700A702B700A682A606950C9416931488A
:1090C0001046100710071807180718071807180781
:1090D0001807180718071807180718071807180798
:1090E0001807180718071807180718071807180788
:1090F0001807180718071807180718071807180778
:109100001807180718071807180718071807180767
:109110001807180718071807180718071807180757
:1091200018071007100710271027102710271027DF
:109130001027102710271027102710271027102777
:109140001027102710271027102710271027102767
:109150001027102710271027102710271027102757
:10916000102710271027102710271027100718077F
:10917000102710271027102710261026102610065B
:109180001826182620A720C83109414A412B48EB50
:1091900050AC588D606E684F683068117011701156
:1091A00068116830682F683068306811683068303E
:1091B0007011701170116811683168316030608E03
:1091C00050EB4109414848E8606A680A700A700A31
:1091D000700B700B700B700B700A700A700B700BB9
:1091E000700B700B700B700B700B700B700B700BA7
:1091F000700B700B700B700B700B700B700B700B97
:10920000700B700B700B700B700B700B700B700B86
:10921000700B700B700B700B700B700B700B700B76
:10922000700B700B700B700B700B700B700B700B66
:10923000700B700B700B700B700B700B700B700B56
:10924000700B700B700A700A700A700A700A700A4C
:10925000700A700A700A700A702A700A700A702AFE
:1092600068096809682A680A680A6809600968095B
:10927000682A60296029602960296029602960289E
:109280005808580858295829582960296009680A37
:10929000702B700A700B680A606958C941693148BF
:1092A000104610271007180718071807180718077F
:1092B00018071807180718071807180718071807B6
:1092C00018071807180718071807180718071807A6
:1092D0001807180718071807180718071807180796
:1092E0001807180718071807180718071807180786
:1092F0001807180718071807180718071807180776
:109300001807180710071007100710071007100795
:109310001007100710071007100710071007100795
:109320001007100710071007100710071007100785
:109330001007100710071007100710071007100775
:109340001007102710271027102710271027102785
:1093500010271027102710271027100710071807AD
:10936000180718271026106618A72929396A416A94
:10937000492B48EC50CD588E606F6850683068308B
:1093800068306830682F6830701170126811683169
:109390007031701170116811683168316030608E01
:1093A00050EB4109414848E8606A680A700A700B4E
:1093B000700B700B700B700B700A700A700B700BD7
:1093C000700B700B700B700B700B700B700B700BC5
:1093D000700B700B700B700B700B700B700B700BB5
:1093E000700B700B700B700B700B700B700B700BA5
:1093F000700B700B700B700B700B700B700B700B95
:10940000700B700B700B700B700B700B700B700B84
:10941000700B700B700B700B700B700B700B700B74
:10942000700B700B700B700B700B700B700B700B64
:10943000700B700A702B680A682A602960096049FD
:10944000604960495828604970CB70EB68CA68EA87
:1094500068EA60CA716C79AC718C79CD822E822EEB
:10946000824E824E824E7A4E822E822E796D70AB63
:10947000682A700A700B682A606A58C941693148C5
:1094800010461026100710071007100710071007C6
:109490001007100710071007100710071007100714
:1094A0001007100710071007100710071007100704
:1094B00010071007100710071007100710071007F4
:1094C00010071007100710071007100710071007E4
:1094D00010071007100710071007100710071007D4
:1094E00010071007100710071007100710071007C4
:1094F00010071007100710071007100710071007B4
:1095000010071007100710071007100710071007A3
:109510001007100710071007100710071007100793
:10952000100710071807180718071027102710270B
:109530001007100818081807180718071807180741
:1095400018081807102710261026186620A728E8E4
:109550003109392A412B48EB48CC50AD588E608FE9
:10956000604F604F604F684F701170126811681142
:109570006811681070106810683168316030608F51
:10958000510B4129414848E9606A682B700B700B08
:10959000700B700B700B700B700B700A700B700BF4
:1095A000700B700B700B700B700B700B700B700BE3
:1095B000700B700B700B700B700B700B700B700BD3
:1095C000700B700B700B700B700B700B700B700BC3
:1095D000700B700B700B700B700B700B700B700BB3
:1095E000700B700B700B700B700B700B700B700BA3
:1095F000700B700B700B700B700B700B700B700B93
:10960000700B700B700B700B700B700B700B700B82
:10961000700B700B680A682A70AB9A10BB14B2F317
:10962000AAF3B313AAF2BB94D437D457CC57D49728
:10963000CC77CCB7E59BF63DFE7DFEDFFF5FFF5F9D
:10964000FF5FFF5FFF7FFF5FFF7FFF1FED5BAAF301
:10965000684A682A700B680A604A58C941693168CB
:1096600010461026100710071007100710071007E4
:109670001007100710071007100710071007100732
:109680001007100710071007100710071007100722
:109690001007100710071007100710071007100712
:1096A0001007100710071007100710071007100702
:1096B00010071007100710071007100710071007F2
:1096C00010071007100710071007100710071007E2
:1096D00010071007100710071007100710071007D2
:1096E00010071007100710071007100710071007C2
:1096F00010071007100710071007100710071007B2
:109700001007180718071807180718071007100779
:10971000100818081808180818071807180710075D
:1097200010071007182718271006100610261826ED
:109730001867208730E9390A412B492C48EC50CD75
:1097400050AD58AD58AD606E6830701168316831F9
:109750006811701170117011681168316031608F7B
:10976000490C4129414848E9606A682B700B700B2D
:10977000700B700B700B700B700B700B700B700B11
:10978000700B700B700B700B700B700B700B700B01
:10979000700B700B700B700B700B700B700B700BF1
:1097A000700B700B700B700B700B700B700B700BE1
:1097B000700B700B700B700B700B700B700B700BD1
:1097C000700B700B700B700B700B700B700B700BC1
:1097D000700B700B700B700B700B700B700B700BB1
:1097E000700B700B700B700B700B700B700B700BA1
:1097F000700B702B684B684B70ACA292DC59E4DAAA
:10980000E4DAE4DADCD9E4F9E4F9DCF9F5DCFEBF0A
:10981000FE7EFE9EFF3FFFBFFFBFFF9FFFDFFFDF1C
:10982000FFDFFFDFFFDFFFBFFFDFFF9FFDFDB35463
:10983000686A682A700B680A684A58C941693168C1
:109840001046102610071007100710071007100702
:109850001007100710071007100710071007100750
:109860001007100710071007100710071007100740
:109870001007100710071007100710071007100730
:109880001007100710071007100710071007100720
:109890001007100710071007100710071007100710
:1098A0001007100710071007100710071007100700
:1098B00010071007100710071007100710071007F0
:1098C00010071007100710071007100710071007E0
:1098D00010071007100710071007100710071007D0
:1098E0001007180718071807180818081808180884
:1098F000180818081808180818081808100710275A
:10990000102710271007180718071808180710073E
:109910001007102718271847208728C8390A412B15
:10992000412B492B48EB50CC588D606E684F683006
:109930007031701170117011701268126831589086
:10994000490C392A41484909606A682B700B700B31
:10995000700B700B700B700B700B700B700B700B2F
:10996000700B700B700B700B700B700B700B700B1F
:10997000700B700B700B700B700B700B700B700B0F
:10998000700B700B700B700B700B700B700B700BFF
:10999000700B700B700B700B700B700B700B700BEF
:1099A000700B700B700B700B700B700B700B700BDF
:1099B000700B700B700B700B700B700B700B700BCF
:1099C000700B700B700B700B700B700B700B700BBF
:1099D000700B700B680B682A602A604A816E9A715E
:1099E00092509230923092308A0F9250BBD5DCF96F
:1099F000D4D9CCD8EDDCFE9EFE9EF69EFEBEF6BE11
:109A0000F6BEF6BDF69DFEBDFEBEFE3DC41689CF78
:109A1000684A680A700B702A684A58C941693168F7
:109A20001046102610071007100710071007100720
:109A3000100710071007100710071007100710076E
:109A4000100710071007100710071007100710075E
:109A5000100710071007100710071007100710074E
:109A6000100710071007100710071007100710073E
:109A7000100710071007100710071007100710072E
:109A8000100710071007100710071007100710071E
:109A9000100710071007100710071007100710070E
:109AA00010071007100710071007100710071007FE
:109AB00010071007100710071007100710071007EE
:109AC00010071007180718081808180818081808A9
:109AD0001808180818081808180818081008102777
:109AE000102710271807180718071808180818084B
:109AF00018081828100710061026186728C83129DA
:109B0000394A394A414A490B50EC58CD58AE608E1B
:109B1000606F605060506830683168316050588FB5
:109B2000490C392A41484909606A682B700B700B4F
:109B3000700B700B700B700B700B700B700B700B4D
:109B4000700B700B700B700B700B700B700B700B3D
:109B5000700B700B700B700B700B700B700B700B2D
:109B6000700B700B700B700B700B700B700B700B1D
:109B7000700B700B700B700B700B700B700B700B0D
:109B8000700B700B700B700B700B700B700B700BFD
:109B9000700B700B700B700B700B700B700B700BED
:109BA000700B700B700B700B700B700B700B700BDD
:109BB000700B700B700B700B702B680A682A686B47
:109BC000684A684A604A686B684A604A686A688B93
:109BD000608A608A608A60CA60CA60CA60CA60C9F6
:109BE00060C960C960EA60CA60AA68CB688A602AF6
:109BF000682B680B700B682B606A58C94169314843
:109C00001846100618071808180818081808180821
:109C10001808180818081808180818081808180844
:109C20001808180818081808180818081808180834
:109C30001808180818081808180818081808180824
:109C40001808180818081808180818081808180814
:109C50001808180818081808180818081808180804
:109C600018081808180718071807180718071807FA
:109C700018071807180718071807180718071807EC
:109C800018071807180818081808180818081808D6
:109C900018081808180818081808180818081808C4
:109CA0001808180810081008102810271027102767
:109CB00010071007180818081808180818081808B6
:109CC0001008100710071007100710071028102899
:109CD0001007100710071027182710271026102626
:109CE000186620A73109310A390A410B490B48ECA3
:109CF00048EC48EC50CD50AD608E606E608D58CD14
:109D0000492B3929414850E9606A702B700B700B60
:109D1000700B700B700B700B700B700B700B700B6B
:109D2000700B700B700B700B700B700B700B700B5B
:109D3000700B700B700B700B700B700B700B700B4B
:109D4000700B700B700B700B700B700B700B700B3B
:109D5000700B700B700B700B700B700B700B700B2B
:109D6000700B700B700B700B700B700B700B700B1B
:109D7000700B700B700B700B700B700B700B700B0B
:109D8000700B700B700B700B700B700B700B700BFB
:109D9000700B780B700B700B700B702B680A680AD5
:109DA000704B682A682B680B680B702B682B682A2D
:109DB000682A682A682A602A60296029602960293F
:109DC00060296029602A602A682A682A682B682B23
:109DD000680B702C700B682B606A58C94169314858
:109DE000184610071807180818081808180818083F
:109DF0001808180818081808180818081808180863
:109E00001808180818081808180818081808180852
:109E10001808180818081808180818081808180842
:109E20001808180818081808180818081808180832
:109E30001808180818081808180818081808180822
:109E40001808180818081807180718071807180717
:109E5000180718071807180718071807180718070A
:109E600018071808180818081808180818081808F3
:109E700018081808180818081808180818081808E2
:109E80001808180810081008102810271027102785
:109E900010271008100810081808180818081808C3
:109EA0001808180810081028102810271007100785
:109EB0001027100718281007100710071007102781
:109EC0001026102610461047188728A830E9390AAE
:109ED000390A392A412B490B50EC50CC50CC510B4C
:109EE000414A3948414850E9606A700B700B700B69
:109EF000700B700B700C700B700B700B700B700B89
:109F0000700B700B700B700B700B700B700B700B79
:109F1000700B700B700B700B700B700B700B700B69
:109F2000700B700B700B700B700B700B700B700B59
:109F3000700B700B700B700B700B700B700B700B49
:109F4000700B700B700B700B700B700B700B700B39
:109F5000700B700B700B700B700B700B700B700B29
:109F6000700B700B700B700B700B700B700B700B19
:109F7000700B700B700B700B700B700B700B700B09
:109F8000700B700B702B702B702B702B702B702B39
:109F9000702B702B702B702B702B702B702B702BE9
:109FA000702B702B702B702B700B700B702B702B19
:109FB000702B700C700B682B604A58CA418931694C
:109FC000104710271008180818081808180818084B
:109FD0001808180818081808180818081808180881
:109FE0001808180818081808180818081808180871
:109FF0001808180818081808180818081808180861
:10A000001808180818081808180818081808180850
:10A010001808180818081808180818081808180840
:10A020001808180818081808180818081808180830
:10A030001808180818081808180818081808180820
:10A040001808180818081808180818081808180810
:10A050001808180818081808180818081808180800
:10A0600018081808180818081808182818281808B0
:10A0700018081808180818081808180818081808E0
:10A080001808180818081828182818281828182830
:10A090001828180818081808180818281828182741
:10A0A0001827102710271007100710071827184720
:10A0B0002068208828C930E938EA412B414B3929EA
:10A0C00039883167414850E9606A700B700B700B3A
:10A0D000700B700B700C700C700B700B700B700BA6
:10A0E000700B700B700B700B700B700B700B700B98
:10A0F000700B700B700B700B700B700B700B700B88
:10A10000700B700B700B700B700B700B700B700B77
:10A11000700B700B700B700B700B700B700B700B67
:10A12000700B700B700B700B700B700B700B700B57
:10A13000700B700B700B700B700B700B700B700B47
:10A14000700B700B700B700B700B700B700B700B37
:10A15000700B700B700B700B700B700B700B700B27
:10A16000700B700B700B700B700B700B700B700B17
:10A17000700B700B700B700B700B700B700B700B07
:10A18000700B700B702B700B780C780C700B702BA5
:10A19000702B700C700B682B604A50CA41692928DB
:10A1A000102610271008180818081808180818088A
:10A1B000180818081808180818081808180818089F
:10A1C000180818081808180818081808180818088F
:10A1D000180818081808180818081808180818087F
:10A1E000180818081808180818081808180818086F
:10A1F000180818081808180818081808180818085F
:10A20000180818081808180818081808180818084E
:10A21000180818081808180818081808180818083E
:10A22000180818081808180818081808180818082E
:10A23000180818081808180818081808180818081E
:10A24000180818081808180818081808180818080E
:10A2500018081808180818081808180818081808FE
:10A2600018081808180818081808180818081808EE
:10A2700018081808180818081808180818081808DE
:10A2800018081808180818081008100710271027B1
:10A29000102718271847208828C8312A314A314901
:10A2A00039883186414850E9606A702B700B700B19
:10A2B000700B700B700C700C700B700B700B700BC4
:10A2C000700B700B700B700B700B700B700B700BB6
:10A2D000700B700B700B700B700B700B700B700BA6
:10A2E000700B700B700B700B700B700B700B700B96
:10A2F000700B700B700B700B700B700B700B700B86
:10A30000700B700B700B700B700B700B700B700B75
:10A31000700B700B700B700B700B700B700B700B65
:10A32000700B700B700B700B700B700B700B700B55
:10A33000700B700B700B700B700B700B700B700B45
:10A34000700B700B700B700B700B700B700B700B35
:10A35000700B700B700B700B700B700B700B700B25
:10A36000780B700B702B700B780C780C700B702BBB
:10A37000702B700C700B682B606A50C9412829083B
:10A3800010261807180818081808180818081808B8
:10A3900018081808180818081808180818081808BD
:10A3A00018081808180818081808180818081808AD
:10A3B000180818081808180818081808180818089D
:10A3C000180818081808180818081808180818088D
:10A3D000180818081808180818081808180818087D
:10A3E000180818081808180818081808180818086D
:10A3F000180818081808180818081808180818085D
:10A40000180818081808180818081808180818084C
:10A41000180818081808180818081808180818083C
:10A42000180818081808180818081808180818082C
:10A43000180818081808180818081808180818081C
:10A44000180818081808180818081808180818080C
:10A4500018081808180818081808180818081808FC
:10A4600018081808180818081808102810271007C6
:10A4700010071007100710261826184718671886A7
:10A480003147318741484909606A682B700B700B6E
:10A49000700B700B700C700C700B700B700B700BE2
:10A4A000700B700B700B700B700B700B700B700BD4
:10A4B000700B700B700B700B700B700B700B700BC4
:10A4C000700B700B700B700B700B700B700B700BB4
:10A4D000700B700B700B700B700B700B700B700BA4
:10A4E000700B700B700B700B700B700B700B700B94
:10A4F000700B700B700B700B700B700B700B700B84
:10A50000700B700B700B700B700B700B700B700B73
:10A51000700B700B700B700B700B700B700B700B63
:10A52000700B700B700B700B700B700B700B700B53
:10A53000700B700B700B700B700B700B700B700B43
:10A54000700B700B700B700B780C780C700B702B01
:10A55000700C700C700B682B604A50A939282908C0
:10A5600010061807180818081808180818081808F6
:10A5700018081808180818081808180818081808DB
:10A5800018081808180818081808180818081808CB
:10A5900018081808180818081808180818081808BB
:10A5A00018081808180818081808180818081808AB
:10A5B000180818081808180818081808180818089B
:10A5C000180818081808180818081808180818088B
:10A5D000180818081808180818081808180818087B
:10A5E000180818081808180818081808180818086B
:10A5F000180818081808180818081808180818085B
:10A60000180818081808180818081808180818084A
:10A61000180818081808180818081808180818083A
:10A62000180818081808180818081808180818082A
:10A63000180818081808180818081808180818081A
:10A6400018081808180818081808102810271027C4
:10A65000102818281827182710071006102610464B
:10A660002927316741484909606A702B700B700BCC
:10A67000700B700B700C700C700B700B700B700CFF
:10A68000700B700B700B700B700B700B700B700BF2
:10A69000700B700B700B700B700B700B700B700BE2
:10A6A000700B700B700B700B700B700B700B700BD2
:10A6B000700B700B700B700B700B700B700B700BC2
:10A6C000700B700B700B700B700B700B700B700BB2
:10A6D000700B700B700B700B700B700B700B700BA2
:10A6E000700B700B700B700B700B700B700B700B92
:10A6F000700B700B700B700B700B700B700B700B82
:10A70000700B700B700B700B700B700C700C700C6E
:10A71000700C700C700C700C700C700C700C700C59
:10A72000700C700C700B700C780C780C780B700B34
:10A73000780C780C780B700B604A50C939282908BE
:10A7400010271008180818081808180818081808FA
:10A7500018081808180818081808180818081808F9
:10A7600018081808180818081808180818081808E9
:10A7700018081808180818081808180818081808D9
:10A7800018081808180818081808180818081808C9
:10A7900018081808180818081808180818081808B9
:10A7A00018081808180818081808180818081808A9
:10A7B0001808180818081808180818081808180899
:10A7C0001808180818081808180818081808180889
:10A7D0001808180818081808180818081808180879
:10A7E0001808180818081808180818081808180869
:10A7F0001808180818081808180818081808180859
:10A800001808180818081808180818081808180848
:10A810001808180818081808180818081808180838
:10A820001808180818281808180810081008100721
:10A830001028180818281828182718271027104635
:10A840002928318841484909606A702B702B700BA8
:10A85000700B700B700C700C700B700B700B700C1D
:10A86000700C700C700C700C700C700C700C700C08
:10A87000700C700C700C700C700C700C700C700CF8
:10A88000700C700C700C700C700C700C700C700CE8
:10A89000700C700C700C700C700C700C700C700CD8
:10A8A000700C700C700C700C700C700C700C700CC8
:10A8B000700C700C700C700C700C700C700C700CB8
:10A8C000700C700C700C700C700C700C700C700CA8
:10A8D000700C700C700C700C700C700C700C700C98
:10A8E000700C700C700C700C700C700C700C700C88
:10A8F000700C700C700C700C700C700C700C700C78
:10A90000700C700C700C700C780C780C780B700B51
:10A91000780C780C700B680B606A50C939292908CB
:10A920001027100818081808180818081808180818
:10A930001808180818081808180818081808180817
:10A940001808180818081808180818081808180807
:10A9500018081808180818081808180818081808F7
:10A9600018081808180818081808180818081808E7
:10A9700018081808180818081808180818081808D7
:10A9800018081808180818081808180818081808C7
:10A9900018081808180818081808180818081808B7
:10A9A00018081808180818081808180818081808A7
:10A9B0001808180818081808180818081808180897
:10A9C0001808180818081808180818081808180887
:10A9D0001808180818081808180818081808180877
:10A9E0001808180818081808180818081808180867
:10A9F0001808180818081808180818081808180857
:10AA00001808180818081808180818081828182806
:10AA1000100810081808182810071007100710262B
:10AA200029083989414848E9606A702B700B700B1E
:10AA3000700B700C700C700C700B700B700C700C39
:10AA4000700C700C700C700C700C700C700C700C26
:10AA5000700C700C700C700C700C700C700C700C16
:10AA6000700C700C700C700C700C700C700C700C06
:10AA7000700C700C700C700C700C700C700C700CF6
:10AA8000700C700C700C700C700C700C700C700CE6
:10AA9000700C700C700C700C700C700C700C700CD6
:10AAA000700C700C700C700C700C700C700C700CC6
:10AAB000700C700C700C700C700C700C700C700CB6
:10AAC000700C700C700C700C700C700C700C700CA6
:10AAD000700C780C780B780B700B700B700B700B84
:10AAE000700B700B702C702C700C700C700C700C48
:10AAF000700C700C700B682B588A50E9310820E8F4
:10AB00001027100818081808180818081808180836
:10AB10001808180818081808180818081808180835
:10AB20001808180818081808180818081808180825
:10AB30001808180818081808180818081808180815
:10AB40001808180818081808180818081808180805
:10AB500018081808180818081808180818081808F5
:10AB600018081808180818081808180818081808E5
:10AB700018081808180818081808180818081808D5
:10AB800018081808180818081808180818081808C5
:10AB900018081808180818081808180818081808B5
:10ABA00018081808180818081808180818081808A5
:10ABB0001808180818081808180818081808180895
:10ABC0001808180818081808180818081808180885
:10ABD0001808180818081808180818081808180875
:10ABE0001808180818081808180818081828182825
:10ABF00018081808180818081828182810281047C6
:10AC000029083168414948E9606A702B700B700B64
:10AC1000700C700C700C700C700B700B700C700C56
:10AC2000700C700C700C700C700C700C700C700C44
:10AC3000700C700C700C700C700C700C700C700C34
:10AC4000700C700C700C700C700C700C700C700C24
:10AC5000700C700C700C700C700C700C700C700C14
:10AC6000700C700C700C700C700C700C700C700C04
:10AC7000700C700C700C700C700C700C700C700CF4
:10AC8000700C700C700C700C700C700C700C700CE4
:10AC9000700C700C700C700C700C700C700C700CD4
:10ACA000700C700C700C700C700C700C700C700BC5
:10ACB000700C700B780B700B700B700B700B700BB3
:10ACC000700C700C702B702C700C700C700C700C65
:10ACD000700C700C702B684B58AA48E9310820C8DA
:10ACE000102718081808180818081808180818084D
:10ACF0001808180818081808180818081808180854
:10AD00001808180818081808180818081808180843
:10AD10001808180818081808180818081808180833
:10AD20001808180818081808180818081808180823
:10AD30001808180818081808180818081808180813
:10AD40001808180818081808180818081808180803
:10AD500018081808180818081808180818081808F3
:10AD600018081808180818081808180818081808E3
:10AD700018081808180818081808180818081808D3
:10AD800018081808180818081808180818081808C3
:10AD900018081808180818081808180818081808B3
:10ADA00018081808180818081808180818081808A3
:10ADB0001808180818081808180818081808180893
:10ADC0001808180818281808100810081828180853
:10ADD0001828180818281828100810081008102714
:10ADE00029083169414848E9606B702B700B700B82
:10ADF000700C700C700C700C700B700B700C700C75
:10AE0000700C700C700C700C700C700C700C700C62
:10AE1000700C700C700C700C700C700C700C700C52
:10AE2000700C700C700C700C700C700C700C700C42
:10AE3000700C700C700C700C700C700C700C700C32
:10AE4000700C700C700C700C700C700C700C700C22
:10AE5000700C700C700C700C700C700C700C700C12
:10AE6000700C700C700C700C700C700C700C700C02
:10AE7000700C700C700C700C700C700C700C700CF2
:10AE8000700C700C702C680B700B702C700B700BAE
:10AE9000700B700B700B702C680B680B702C700CA7
:10AEA000702C700C700B700B700B700B700C700CA6
:10AEB000700C702C702C684B58AA490931081887FF
:10AEC000182810081808180818081808180818086A
:10AED0001808180818081808180818081808180872
:10AEE0001808180818081808180818081808180862
:10AEF0001808180818081808180818081808180852
:10AF00001808180818081808180818081808180841
:10AF10001808180818081808180818081808180831
:10AF20001808180818081808180818081808180821
:10AF30001808180818081808180818081808180811
:10AF40001808180818081808180818081808180801
:10AF500018081808180818081808180818081808F1
:10AF600018081808180818081808180818081808E1
:10AF700018081808180818081808180818081808D1
:10AF800018081808180818081808180818081808C1
:10AF900018081808180818081808180818081808B1
:10AFA00018081808180818081808180818081808A1
:10AFB0001808180818081808180818281008102762
:10AFC00029083169414948E9606B702B700B700B9F
:10AFD000700C700C700C700C700B700B700C700C93
:10AFE000700C700C700C700C700C700C700C700C81
:10AFF000700C700C700C700C700C700C700C700C71
:10B00000700C700C700C700C700C700C700C700C60
:10B01000700C700C700C700C700C700C700C700C50
:10B02000700C700C700C700C700C700C700C700C40
:10B03000700C700C700C700C700C700C700C700C30
:10B04000700C700C700C700C700C700C700C700C20
:10B05000700C700C700C700C700C700C700C700C10
:10B06000700C700C700B702C700B700B680B682BD5
:10B07000704C682B682B682B684C684C682B682BCD
:10B08000682B682B702B702B702B704C700B700C16
:10B09000700C680B702C684B58AA490A30E9186785
:10B0A0001828180818081808180818081808180880
:10B0B0001808180818081808180818081808180890
:10B0C0001808180818081808180818081808180880
:10B0D0001808180818081808180818081808180870
:10B0E0001808180818081808180818081808180860
:10B0F0001808180818081808180818081808180850
:10B10000180818081808180818081808180818083F
:10B11000180818081808180818081808180818082F
:10B12000180818081808180818081808180818081F
:10B13000180818081808180818081808180818080F
:10B1400018081808180818081808180818081808FF
:10B1500018081808180818081808180818081808EF
:10B1600018081808180818081808180818081808DF
:10B1700018081808180818081808180818081808CF
:10B1800018081808180818081808180818081808BF
:10B1900018081808180818081808180810081027A0
:10B1A00029083169414948E9606B702B700B700CBC
:10B1B000700C700C700C700C700C700C700C700CAF
:10B1C000700C700C700C700C700C700C700C700C9F
:10B1D000700C700C700C700C700C700C700C700C8F
:10B1E000700C700C700C700C700C700C700C700C7F
:10B1F000700C700C700C700C700C700C700C700C6F
:10B20000700C700C700C700C700C700C700C700C5E
:10B21000700C700C700C700C700C700C700C700C4E
:10B22000700C700C700C700C700C700C700C700C3E
:10B23000700C700C700C700C700C700C700C700C2E
:10B24000700C700C700C702C702B682B708D708CC7
:10B25000580A582A584A582A582A582A602A604AAE
:10B26000602A600A602A602A602A682A700B700CC3
:10B27000780C780C780C684B58AA490A30C91847E2
:10B28000182818081808180818081808180818089E
:10B2900018081808180818081808180818081808AE
:10B2A000180818081808180818081808180818089E
:10B2B000180818081808180818081808180818088E
:10B2C000180818081808180818081808180818087E
:10B2D000180818081808180818081808180818086E
:10B2E000180818081808180818081808180818085E
:10B2F000180818081808180818081808180818084E
:10B30000180818081808180818081808180818083D
:10B31000180818081808180818081808180818082D
:10B32000180818081808180818081808180818081D
:10B33000180818081808180818081808180818080D
:10B3400018081808180818081808180818081808FD
:10B3500018081808180818081808180818081808ED
:10B3600018081808180818081808180818081808DD
:10B37000180818081808180818081828100810279E
:10B3800029083169414948E9606B702C702C700CB8
:10B39000700C700C700C700C700C700C700C700CCD
:10B3A000700C700C700C700C700C700C700C700CBD
:10B3B000700C700C700C700C700C700C700C700CAD
:10B3C000700C700C700C700C700C700C700C700C9D
:10B3D000700C700C700C700C700C700C700C700C8D
:10B3E000700C700C700C700C700C700C700C700C7D
:10B3F000700C700C700C700C700C700C700C700C6D
:10B40000700C700C700C700C700C700C700C700C5C
:10B41000700C700C700C700C700C700C700C700C4C
:10B42000700C700C700C700C702C704CB294D3F9C2
:10B43000AAF4A2F4A2F3A313A313A313A312A312B7
:10B44000A2F29A918A3092718A1068AB682B700BC5
:10B45000780C780C780C682B58AA490A28C8104731
:10B4600010081809180818081808180818081808E3
:10B4700018081808180818081808180818081808CC
:10B4800018081808180818081808180818081808BC
:10B4900018081808180818081808180818081808AC
:10B4A000180818081808180818081808180818089C
:10B4B000180818081808180818081808180818088C
:10B4C000180818081808180818081808180818087C
:10B4D000180818081808180818081808180818086C
:10B4E000180818081808180818081808180818085C
:10B4F000180818081808180818081808180818084C
:10B50000180818081808180818081808180818083B
:10B51000180818081808180818081808180818082B
:10B52000180818081808180818081808180818081B
:10B53000180818081808180818081808180818080B
:10B5400018081808180818081808180818081808FB
:10B55000180818081808180818281828100710279D
:10B5600029083169414948E9606B702C702C700CD6
:10B57000700C700C700C700C700C700C700C700CEB
:10B58000700C700C700C700C700C700C700C700CDB
:10B59000700C700C700C700C700C700C700C700CCB
:10B5A000700C700C700C700C700C700C700C700CBB
:10B5B000700C700C700C700C700C700C700C700CAB
:10B5C000700C700C700C700C700C700C700C700C9B
:10B5D000700C700C700C700C700C700C700C700C8B
:10B5E000700C700C700C700C700C700C700C700C7B
:10B5F000700C700C700C700C700C700C700C700C6B
:10B60000700C700C700C700C702C682BA232D4393A
:10B61000DC9AF5BDFF1FFF7FFF7FFF9FFF9FFF7F2E
:10B62000FFBFFF1FF69FFE9FEDFDAB7570ED680B32
:10B63000700B700C700C682B58AA490A28A81027A8
:10B640001008180818081808180818081808180802
:10B6500018081808180818081808180818081808EA
:10B6600018081808180818081808180818081808DA
:10B6700018081808180818081808180818081808CA
:10B6800018081808180818081808180818081808BA
:10B6900018081808180818081808180818081808AA
:10B6A000180818081808180818081808180818089A
:10B6B000180818081808180818081808180818088A
:10B6C000180818081808180818081808180818087A
:10B6D000180818081808180818081808180818086A
:10B6E000180818081808180818081808180818085A
:10B6F000180818081808180818081808180818084A
:10B700001808180818081808180818081808180839
:10B710001808180818081808180818081808180829
:10B720001808182818281828182818281828180859
:10B7300018091809180818081828182810071027B9
:10B7400029083168414950E9606B702C700C700C0D
:10B75000700C700C700C700C700C700C700C700C09
:10B76000700C700C700C700C700C700C700C700CF9
:10B77000700C700C700C700C700C700C700C700CE9
:10B78000700C700C700C700C700C700C700C700CD9
:10B79000700C700C700C700C700C700C700C700CC9
:10B7A000700C700C700C700C700C700C700C700CB9
:10B7B000700C700C700C700C700C700C700C700CA9
:10B7C000700C700C700C700C700C700C700C700C99
:10B7D000700C700C700C700C700C700C700C700C89
:10B7E000700C700C780C700C702C680B602A70CC8C
:10B7F0009230B3B5F5FDFE9FFEBFFF1FFF7FFF9F99
:10B80000FFDFFFBFFF9FFF9FFF9FDD3B712D684B59
:10B81000702C702C700C684B58CA490A28A8102745
:10B820001028180818081808180818081808180800
:10B830001808180818081808180818081808180808
:10B8400018081808180818081808180818081808F8
:10B8500018081808180818081808180818081808E8
:10B8600018081808180818081808180818081808D8
:10B8700018081808180818081808180818081808C8
:10B8800018081808180818081808180818081808B8
:10B8900018081808180818081808180818081808A8
:10B8A0001808180818081808180818081808180898
:10B8B0001808180818081808180818081808180888
:10B8C0001808180818081808180818081808180878
:10B8D0001808180818081808180818081808180868
:10B8E0001808180818081808180818081808180858
:10B8F0001808180818081808180818081808180848
:10B9000018081808182818281808180818281808D7
:10B910001809180918081808180818081008102716
:10B9200029083168414950E9606B700C700C700C4B
:10B93000700C700C700C700C700C700C700C700C27
:10B94000700C700C700C700C700C700C700C700C17
:10B95000700C700C700C700C700C700C700C700C07
:10B96000700C700C700C700C700C700C700C700CF7
:10B97000700C700C700C700C700C700C700C700CE7
:10B98000700C700C700C700C700C700C700C700CD7
:10B99000700C700C700C700C700C700C700C700CC7
:10B9A000700C700C700C700C700C700C700C700CB7
:10B9B000700C700C700C700C700C700C700C700CA7
:10B9C000700C700C700C700C700C702C680B682A6A
:10B9D000708B688A70EC690B690B820EB3D5DD3A07
:10B9E000F5FDFE7EFE9FFEBFFF1FC417604A682B59
:10B9F000702C700C702C684B50CA4109208810279D
:10BA00001828180818081808180818081808180816
:10BA10001808180818081808180818081808180826
:10BA20001808180818081808180818081808180816
:10BA30001808180818081808180818081808180806
:10BA400018081808180818081808180818081808F6
:10BA500018081808180818081808180818081808E6
:10BA600018081808180818081808180818081808D6
:10BA700018081808180818081808180818081808C6
:10BA800018081808180818081808180818081808B6
:10BA900018081808180818081808180818081808A6
:10BAA0001808180818081808180818081808180896
:10BAB0001808180818081808180818081808180886
:10BAC0001808180818081808180818081808180876
:10BAD0001808180818081808180818081808180866
:10BAE0001808180818081808180818081808180856
:10BAF00018091809180818081808182810281047D5
:10BB000029083168414950E9606B700C700C700C69
:10BB1000700C700C700C700C700C700C700C700C45
:10BB2000700C700C700C700C700C700C700C700C35
:10BB3000700C700C700C700C700C700C700C700C25
:10BB4000700C700C700C700C700C700C700C700C15
:10BB5000700C700C700C700C700C700C700C700C05
:10BB6000700C700C700C700C700C700C700C700CF5
:10BB7000700C700C700C700C700C700C700C700CE5
:10BB8000700C700C700C700C700C700C700C700CD5
:10BB9000700C700C700C700C700C700C700C700CC5
:10BBA000700C700C700C700C700C700B702C702B77
:10BBB000680B682B680A602A604A5829586A588AB4
:10BBC00058AA714D81EE8A2FBBB59230684B682B15
:10BBD000700C702C702C606B50EA41092088102783
:10BBE0001828180818081808180818081808180835
:10BBF0001808180818081808180818081808180845
:10BC00001808180818081808180818081808180834
:10BC10001808180818081808180818081808180824
:10BC20001808180818081808180818081808180814
:10BC30001808180818081808180818081808180804
:10BC400018081808180818081808180818081808F4
:10BC500018081808180818081808180818081808E4
:10BC600018081808180818081808180818081808D4
:10BC700018081808180818081808180818081808C4
:10BC800018081808180818081808180818081808B4
:10BC900018081808180818081808180818081808A4
:10BCA0001808180818081808180818081808180894
:10BCB0001808180818081808180818081808180884
:10BCC0001808180818081808180918091808180971
:10BCD00018091809180818081808182810281047F3
:10BCE00029083168414848E9606B702C702C700C51
:10BCF000700C700C700C700C700C700C700C700C64
:10BD0000700C700C700C700C700C700C700C700C53
:10BD1000700C700C700C700C700C700C700C700C43
:10BD2000700C700C700C700C700C700C700C700C33
:10BD3000700C700C700C700C700C700C700C700C23
:10BD4000700C700C700C700C700C700C700C700C13
:10BD5000700C700C700C700C700C700C700C700C03
:10BD6000700C700C700C700C700C700C700C700CF3
:10BD7000700C700C700C700C700C700C700C700CE3
:10BD8000700C700C700C700C700C700C700C700CD3
:10BD9000700C700C702C682C682C682B682B602B36
:10BDA000604B604B604A604B684B682B682C682C7A
:10BDB000700C700C702C686B48E939091847102812
:10BDC000182818081809180918091809180918094D
:10BDD000180918091809180918091809180918095B
:10BDE000180918091809180918091809180918094B
:10BDF000180918091809180918091809180918093B
:10BE0000180918091809180918091809180918092A
:10BE1000180918091809180918091809180918091A
:10BE2000180918091809180918091809180918090A
:10BE300018091809180918091809180918091809FA
:10BE400018091809180918091809180918091809EA
:10BE500018091809180818091809180918091809DB
:10BE600018091809180918091809180918091809CA
:10BE700018091809180918091809180918091809BA
:10BE800018091809180918091809180918091809AA
:10BE9000180918091809180918091809180918099A
:10BEA000180918081808180818091809180918098D
:10BEB0001809180918081808180818081028104731
:10BEC0002908316841484909606B700C700C700C8E
:10BED000700D700C700C700C700C700D700C700C80
:10BEE000700C700C700C700C700C700C700C700C72
:10BEF000700C700C700C700C700C700C700C700C62
:10BF0000700C700C700C700C700C700C700C700C51
:10BF1000700C700C700C700C700C700C700C700C41
:10BF2000700C700C700C700C700C700C700C700C31
:10BF3000700C700C700C700C700C700C700C700C21
:10BF4000700C700C700C700C700C700C700C700C11
:10BF5000700C700C700C700C700C700C700C700C01
:10BF6000700C700C700C700C700C700C700C700CF1
:10BF7000700C700C700D700C700C700C700C700CE0
:10BF8000700C682C682C682C700C700C682C682C59
:10BF9000700C700C700C606B490931091848182836
:10BFA000182918081809180918091809180918096A
:10BFB0001809180918091809180918091809180979
:10BFC0001809180918091809180918091809180969
:10BFD0001809180918091809180918091809180959
:10BFE0001809180918091809180918091809180949
:10BFF0001809180918091809180918091809180939
:10C000001809180918091809180918091809180928
:10C010001809180918091809180918091809180918
:10C020001809180918091809180918091809180908
:10C0300018091809180918091809180918091809F8
:10C0400018091809180918091809180918091809E8
:10C0500018091809180918091809180918091809D8
:10C0600018091809180918091809180918091809C8
:10C0700018091809180918091809180918091809B8
:10C0800018091809180818091809180918091809A9
:10C09000180918091808182918091809102810472C
:10C0A0002928318841484909606B700C700C700C6C
:10C0B000700C700C700C700C700D700D700D700C9D
:10C0C000700C700C700C700C700C700C700C700C90
:10C0D000700C700C700C700C700C700C700C700C80
:10C0E000700C700C700C700C700C700C700C700C70
:10C0F000700C700C700C700C700C700C700C700C60
:10C10000700C700C700C700C700C700C700C700C4F
:10C11000700C700C700C700C700C700C700C700C3F
:10C12000700C700C700C700C700C700C700C700C2F
:10C13000700C700C700C700C700C700C700C700C1F
:10C14000700C700C700C700C700C700C700C700C0F
:10C15000700C700C700C700C700C700C700C700CFF
:10C16000700C700C700C700C700C700C702C702CAF
:10C17000700C700C702C608B490931081848180835
:10C180001829180818091809180918091809180988
:10C190001809180918091809180918091809180997
:10C1A0001809180918091809180918091809180987
:10C1B0001809180918091809180918091809180977
:10C1C0001809180918091809180918091809180967
:10C1D0001809180918091809180918091809180957
:10C1E0001809180918091809180918091809180947
:10C1F0001809180918091809180918091809180937
:10C200001809180918091809180918091809180926
:10C210001809180918091809180918091809180916
:10C220001809180918091809180918091809180906
:10C2300018091809180918091809180918091809F6
:10C2400018091809180918091809180918091809E6
:10C2500018091809180918091809180918091809D6
:10C2600018091809180818091809180918091809C7
:10C270001809180918091809180918091028104769
:10C280002908318841484909606B700C700C700CAA
:10C29000700C700C700C700C700D700D700D700DBA
:10C2A000700C700C700C700D700D700D700D700DA9
:10C2B000700D700D700D700D700D700D700D700D96
:10C2C000700D700D700D700D700D700D700D700D86
:10C2D000700D700D700D700D700D700D700D700D76
:10C2E000700D700D700C700C700C700C700C700C6C
:10C2F000700C700C700C700C700C700C700C700C5E
:10C30000700C700C700D700D700D700D700D700D47
:10C31000700D700D700D700D700D700D700D700D35
:10C32000700D700D700C700C700C700C700C700C2B
:10C33000700C700C700C700C700C700C700C700D1C
:10C34000700D700D700C700C700D700D702C702CC9
:10C35000700C700C682C588B492928E8182818088C
:10C3600018291809180918091809180918091809A5
:10C3700018091809180918091809180918091809B5
:10C3800018091809180918091809180918091809A5
:10C390001809180918091809180918091809180995
:10C3A0001809180918091809180918091809180985
:10C3B0001809180918091809180918091809180975
:10C3C0001809180918091809180918091809180965
:10C3D0001809180918091809180918091809180955
:10C3E0001809180918091809180918091809180945
:10C3F0001809180918091809180918091809180935
:10C400001809180918091809180918091809180924
:10C410001809180918091809180918091809180914
:10C420001809180918091809180918091809180904
:10C4300018091809180918091809180918091809F4
:10C4400018091809180818091809180918091809E5
:10C450001809180918091809180918091028104787
:10C4600029083168414848E9606B700C700C700C09
:10C47000700D700C700C700C700D700D700D700DD7
:10C48000700C700C700C700D700D700D700D700DC7
:10C49000700D700C700D700D700C700C700C700CB9
:10C4A000700D700D700C700D700D700D700D700DA5
:10C4B000700D700C700D700D700C700C700C700C99
:10C4C000700D700D700C700C700C700C700C700C8A
:10C4D000700C700C700C700C700C700C700C700C7C
:10C4E000700C700D700C700D700D700D700D700D66
:10C4F000700D700C700D700D700D700D700D700D55
:10C50000700D700D700D700D700D700D700D700D43
:10C51000700D700D700C700C700C700C700D700D37
:10C52000700D700D700D700D700D700D700D700C24
:10C53000700D702C684B58AA412928C81828180972
:10C5400018091829180918091809180918091809C3
:10C5500018091809180918091809180918091809D3
:10C5600018091809180918091809180918091809C3
:10C5700018091809180918091809180918091809B3
:10C5800018091809180918091809180918091809A3
:10C590001809180918091809180918091809180993
:10C5A0001809180918091809180918091809180983
:10C5B0001809180918091809180918091809180973
:10C5C0001809180918091809180918091809180963
:10C5D0001809180918091809180918091809180953
:10C5E0001809180918091809180918091809180943
:10C5F0001809180918091809180918091809180933
:10C600001809180918091809180918091809180922
:10C610001809180918091809180918091809180912
:10C620001809180918081809180918091809180903
:10C6300018091809180918091809180910281047A5
:10C6400029283188414848E9606B700C702C700CC7
:10C65000700D700D700C700C700D700D700D700DF4
:10C66000700C700C700C700C700C700C700C700CEA
:10C67000700C700C700C700C700C700C700C700CDA
:10C68000700C700C700C700C700C700C700C700CCA
:10C69000700C700C700C700C700C700C700C700CBA
:10C6A000700C700C700C700C700C700C700C700CAA
:10C6B000700C700C700D700D700C700C700C700C98
:10C6C000700D700D700C700C700C700C700C700C88
:10C6D000700C700C700D700D700C700C700C700C78
:10C6E000700D700D700D700D700D700D700D700D62
:10C6F000700D700C700C700C700C700D700D700D56
:10C70000700D700D700D700D700D700D700D700D41
:10C71000700D682C606B50CA412920A718081809B1
:10C7200018091829180918091809180918091809E1
:10C7300018091809180918091809180918091809F1
:10C7400018091809180918091809180918091809E1
:10C7500018091809180918091809180918091809D1
:10C7600018091809180918091809180918091809C1
:10C7700018091809180918091809180918091809B1
:10C7800018091809180918091809180918091809A1
:10C790001809180918091809180918091809180991
:10C7A0001809180918091809180918091809180981
:10C7B0001809180918091809180918091809180971
:10C7C0001809180918091809180918091809180961
:10C7D0001809180918091809180918091809180951
:10C7E0001809180918091809180918091809180941
:10C7F0001809180918091809180918091809180931
:10C800001809180918091809180918091809180920
:10C8100018091809180918091809180910281047C3
:10C8200029283188414848E9606B700C702C702DC4
:10C83000700D700D700C700C700D700D700D700D12
:10C84000700C700C700C700D700D700D700D700D03
:10C85000700D700D700D700D700D700D700D700DF0
:10C86000700D700D700D700D700D700D700D700DE0
:10C87000700D700D700D700D700D700D700D700DD0
:10C88000700D700D700D700D700D700D700D700DC0
:10C89000700D700D700D700D700D700D700D700DB0
:10C8A000700D700D700D700D700D700D700D700DA0
:10C8B000700D700D700D700D700D700D700D700D90
:10C8C000700D700D700D700D700D700D700D700D80
:10C8D000700C700C700C700C700C700C700D700D76
:10C8E000700D700D780D780D700D700D700D700D50
:10C8F000700D684C588A48EA4129208718081809A1
:10C90000180918091809180918091809180918091F
:10C91000180918091809180918091809180918090F
:10C9200018091809180918091809180918091809FF
:10C9300018091809180918091809180918091809EF
:10C9400018091809180918091809180918091809DF
:10C9500018091809180918091809180918091809CF
:10C9600018091809180918091809180918091809BF
:10C9700018091809180918091809180918091809AF
:10C98000180918091809180918091809180918099F
:10C99000180918091809180918091809180918098F
:10C9A000180918091809180918091809180918097F
:10C9B000180918091809180918091809180918096F
:10C9C000180918091809180918091809180918095F
:10C9D000180918091809180918091809180918094F
:10C9E000180918091809180918091809180918093F
:10C9F00018091809180918091809180918291047D9
:10CA00002908318841485109606B700D700C702DF8
:10CA1000700D700D700D700D700D700D700D700D2E
:10CA2000700D702D700D700D700D700D700D700DFE
:10CA3000700D700D700D700D700D700D700D700D0E
:10CA4000700D700D700D700D700D700D700D700DFE
:10CA5000700D700D700D700D700D700D700D700DEE
:10CA6000700D700D700D700D700D700D700D700DDE
:10CA7000700D700D702D700D700D700D700D700DAE
:10CA8000700D702D700D700D700D700D700D700D9E
:10CA9000700D700D702D700D700D700D700D700D8E
:10CAA000700D700D700D700D700D700D700D702D7E
:10CAB000702D702C702C702C702C700D700D700DF2
:10CAC000700D780D780D780D700D700D700D700D66
:10CAD000702D684C58AA4909394A1867180818096E
:10CAE000180918091809180918091809180918093E
:10CAF000180918091809180918091809180918092E
:10CB0000180918091809180918091809180918091D
:10CB1000180918091809180918091809180918090D
:10CB200018091809180918091809180918091809FD
:10CB300018091809180918091809180918091809ED
:10CB400018091809180918091809180918091809DD
:10CB500018091809180918091809180918091809CD
:10CB600018091809180918091809180918091809BD
:10CB700018091809180918091809180918091809AD
:10CB8000180918091809180918091809180918099D
:10CB9000180918091809180918091809180918098D
:10CBA000180918091809180918091809180918097D
:10CBB000180918091809180918091809180918096D
:10CBC000180918091809180918091809180918095D
:10CBD00018091809180918091809182918291848CE
:10CBE000292831884149510A686C702D702D702DAB
:10CBF000700D700D700D700D700D700D700D700D4D
:10CC0000700D702D700D700D702D702D702D702D9C
:10CC1000700D700D700D700D700D700D700D700D2C
:10CC2000700D700D700D700D702D702D702D702D9C
:10CC3000700D700D700D700D700D700D700D700D0C
:10CC4000700D700D700D700D702D702D702D702D7C
:10CC5000700D700D700D700D700D700D700D700DEC
:10CC6000700D700D700D700D702D702D702D702D5C
:10CC7000700D700D700D700D700D700D700D700DCC
:10CC8000700D700D700D700D700D702D702D702D5C
:10CC9000700D702D702D700D702D700D780D780D3C
:10CCA000780D780D700D780D700D700D700D700D84
:10CCB000702C606B50CA492A3109184718091809A5
:10CCC000182918091809180918091809180918093C
:10CCD000180918091809180918091809180918094C
:10CCE000180918091809180918091809180918093C
:10CCF000180918091809180918091809180918092C
:10CD0000180918091809180918091809180918091B
:10CD1000180918091809180918091809180918090B
:10CD200018091809180918091809180918091809FB
:10CD300018091809180918091809180918091809EB
:10CD400018091809180918091809180918091809DB
:10CD500018091809180918091809180918091809CB
:10CD600018091809180918091809180918091809BB
:10CD700018091809180918091809180918091809AB
:10CD8000180918091809180918091809180918099B
:10CD9000180918091809180918091809180918098B
:10CDA000180918091809180918091809182918293B
:10CDB000180918091809180918091829100910481C
:10CDC000292831684149510A686C702D702D702DE9
:10CDD000700D700D700D700D700D700D700D700D6B
:10CDE000700D700D700D700D700D700D700D700D5B
:10CDF000700D700D700D700D700D700D700D700D4B
:10CE0000700D700D700D700D700D700D700D700D3A
:10CE1000700D700D700D700D700D700D700D700D2A
:10CE2000700D700D700D700D700D700D700D700D1A
:10CE3000700D700D700D700D700D700D700D700D0A
:10CE4000700D700D700D700D700D700D700D700DFA
:10CE5000700D700D700D700D700D700D700D700DEA
:10CE6000700D700D702C700C680B702C680C682C99
:10CE7000704D682D680C702D702D700D782D700D13
:10CE8000780D780D780D700D700D700D700D700DA2
:10CE9000702C608B50EA414931091848180918096B
:10CEA000182918291829182918291829182918297A
:10CEB000182918291809180918091809180918092A
:10CEC000180918091829182918291829182918299A
:10CED000182918291809180918091809180918090A
:10CEE000180918091809180918091809180918093A
:10CEF000180918091809180918091809180918092A
:10CF00001809180918291829182918291829182959
:10CF100018291829180918091809180918091809C9
:10CF20001809180918291829182918291829182939
:10CF300018291829180918091809180918091809A9
:10CF40001809180918291829182918291829182919
:10CF50001829182918091809180918091809180989
:10CF600018091809180918091809180918091809B9
:10CF700018091809182918291829182918291829E9
:10CF80001829182918091809180918091829180939
:10CF9000180918091809180918091829100910483A
:10CFA000292831684149510A686C702D702D702D07
:10CFB000700D700D700D700D700D700D700D700D89
:10CFC000700D700D700D700D700D700D700D700D79
:10CFD000700D700D700D700D700D700D700D700D69
:10CFE000700D700D700D700D700D700D700D700D59
:10CFF000700D700D700D700D700D700D700D700D49
:10D00000700D700D700D700D700D700D700D700D38
:10D01000700D700D700D700D700D700D700D700D28
:10D02000700D700D700D700D700D700D700D700D18
:10D03000700D700D700D700D700D700D700D700D08
:10D04000700D702D702C706C80EE78AD684B600A9E
:10D05000602B600B684C600B682C680C680C700DC2
:10D06000782D700C782D700D702D782E700D700D40
:10D07000682C608B4909414928E9184818091809A2
:10D080001829182918091809180918091809180958
:10D090001809180918091809180918091809180988
:10D0A0001809180918091809180918091809180978
:10D0B0001809180918091809180918091809180968
:10D0C0001809180918091809180918091809180958
:10D0D0001809180918091809180918091809180948
:10D0E0001809180918091809180918091809180938
:10D0F0001809180918091809180918091809180928
:10D100001809180918091809180918091809180917
:10D110001809180918091809180918091809180907
:10D1200018091809180918091809180918091809F7
:10D1300018091809180918091809180918091809E7
:10D1400018091809180918091809180918091809D7
:10D1500018091809180918091809180918091809C7
:10D1600018091809180918091809180918091809B7
:10D170001809180918091809180918291009184850
:10D18000292831684149510A686C702D702D702D25
:10D19000700D700D700D700D700D700D700D700DA7
:10D1A000700D700D700D700D700D700D700D700D97
:10D1B000700D700D700D700D700D700D700D700D87
:10D1C000700D700D700D700D700D700D700D700D77
:10D1D000700D700D700D700D700D700D700D700D67
:10D1E000700D700D700D700D700D700D700D700D57
:10D1F000700D700D700D700D700D700D700D700D47
:10D20000700D700D700D700D700D700D700D700D36
:10D21000700D700D700D700D700D700D700D700D26
:10D22000700D700D680B9170FD3EF4BCB335A2B368
:10D230009AB29271718E714D710D606B604B684C3A
:10D24000680C682C682C702C700D700E700D702D91
:10D25000682C588A4909392920A81828180918095A
:10D2600018091809180918091809180918091809B6
:10D2700018091809180918091809180918091809A6
:10D280001809180918091809180918091809180996
:10D290001809180918091809180918091809180986
:10D2A0001809180918091809180918091809180976
:10D2B0001809180918091809180918091809180966
:10D2C0001809180918091809180918091809180956
:10D2D0001809180918091809180918091809180946
:10D2E0001809180918091809180918091809180936
:10D2F0001809180918091809180918091809180926
:10D300001809180918091809180918091809180915
:10D310001809180918091809180918091809180905
:10D3200018091809180918091809180918091809F5
:10D3300018091809180918091809180918091809E5
:10D3400018091809180918091809180918091809D5
:10D35000180918091809180918091829100918486E
:10D3600029283168414948EA606C700D702D700DB4
:10D37000700D700D700D700D700D700D700D700DC5
:10D38000700D700D700D700D700D700D700D700DB5
:10D39000700D700D700D700D700D700D700D700DA5
:10D3A000700D700D700D700D700D700D700D700D95
:10D3B000700D700D700D700D700D700D700D700D85
:10D3C000700D700D700D700D700D700D700D700D75
:10D3D000700D700D700D700D700D700D700D700D65
:10D3E000700D700D700D700D700D700D700D700D55
:10D3F000700D700D700D700D700D700D700D700D45
:10D40000700D700D680C810FC377DC7AFDFFFEBFD5
:10D41000FF3FFEFFD59AC4F8BC97ABB49AD29A925C
:10D42000923168CC602A704C680D700D700D700DD3
:10D43000684C58CB494A39492088102818091809DE
:10D4400018091809180918091809180918091809D4
:10D4500018091809180918091809180918091809C4
:10D4600018091809180918091809180918091809B4
:10D4700018091809180918091809180918091809A4
:10D480001809180918091809180918091809180994
:10D490001809180918091809180918091809180984
:10D4A0001809180918091809180918091809180974
:10D4B0001809180918091809180918091809180964
:10D4C0001809180918091809180918091809180954
:10D4D0001809180918091809180918091809180944
:10D4E0001809180918091809180918091809180934
:10D4F0001809180918091809180918091809180924
:10D500001809180918091809180918091809180913
:10D510001809180918091809180918091809180903
:10D5200018091809180918091809180918091809F3
:10D530001809180918091809180918291829184864
:10D54000292831684149510A686C702D702D700D81
:10D55000700D700D700D700D700D700D700D700DE3
:10D56000700D700D700D700D700D700D700D700DD3
:10D57000700D700D700D700D700D700D700D700DC3
:10D58000700D700D700D700D700D700D700D700DB3
:10D59000700D700D700D700D700D700D700D700DA3
:10D5A000700D700D700D700D700D700D700D700D93
:10D5B000700D700D700D700D700D700D700D700D83
:10D5C000700D700D700D700D700D700D700D700D73
:10D5D000700D700D700D700D700D700D700D700D63
:10D5E000700D700D682C686C604B818FBBB6E57B4D
:10D5F000FEFFFF1FFF9FFF9FFF9FFF7FF65EE59CE3
:10D60000D4FA8A5070ED708C680D700E782E702DE3
:10D61000686C58AA496A31491868102818291809ED
:10D6200018091809180918091809180918091809F2
:10D6300018091809180918091809180918091809E2
:10D6400018091809180918091809180918091809D2
:10D6500018091809180918091809180918091809C2
:10D6600018091809180918091809180918091809B2
:10D6700018091809180918091809180918091809A2
:10D680001809180918091809180918091809180992
:10D690001809180918091809180918091809180982
:10D6A0001809180918091809180918091809180972
:10D6B0001809180918091809180918091809180962
:10D6C0001809180918091809180918091809180952
:10D6D0001809180918091809180918091809180942
:10D6E0001809180918091809180918091809180932
:10D6F0001809180918091809180918091809180922
:10D700001809180918091809180918091809180911
:10D7100018091809180918091809180918291848A2
:10D72000292831684149510A686C702D702D700D9F
:10D73000700D700D700D700D700D700D700D700D01
:10D74000700D700D700D700D700D700D700D700DF1
:10D75000700D700D700D700D700D700D700D700DE1
:10D76000700D700D700D700D700D700D700D700DD1
:10D77000700D700D700D700D700D700D700D700DC1
:10D78000700D700D700D700D700D700D700D700DB1
:10D79000700D700D700D700D700D700D700D700DA1
:10D7A000700D700D700D700D700D700D700D700D91
:10D7B000700D700D700D700D700D700D700D700D81
:10D7C000700D700D704E680C680C684C70CD712E29
:10D7D00079CFC417EDBDFEBFFF1FFF7FFF9FFF5F27
:10D7E000FF5FFE9FC3F78990704E680D700D682D26
:10D7F000686C58CA41493129184810291829180954
:10D800001809180918091809180918091809180910
:10D810001809180918091809180918091809180900
:10D8200018091809180918091809180918091809F0
:10D8300018091809180918091809180918091809E0
:10D8400018091809180918091809180918091809D0
:10D8500018091809180918091809180918091809C0
:10D8600018091809180918091809180918091809B0
:10D8700018091809180918091809180918091809A0
:10D880001809180918091809180918091809180990
:10D890001809180918091809180918091809180980
:10D8A0001809180918091809180918091809180970
:10D8B0001809180918091809180918091809180960
:10D8C0001809180918091809180918091809180950
:10D8D0001809180918091809180918091809180940
:10D8E0001809180918091809180918091809180930
:10D8F00018091809180918091809180918291848C1
:10D90000292831684149510A606C700D700D702DE5
:10D91000700D700D700D700D700D700D700D700D1F
:10D92000700D702D700D700D700D700D700D700DEF
:10D93000700D700D700D700D700D700D700D700DFF
:10D94000700D700D700D700D700D700D700D700DEF
:10D95000700D700D700D700D700D700D700D700DDF
:10D96000700D700D700D700D700D700D700D700DCF
:10D97000700D700D700D700D700D700D700D700DBF
:10D98000700D700D700D700D700D700D700D700DAF
:10D99000700D700D700D700D700D700D700D700D9F
:10D9A000700D700D700D702E702D680D682D682C27
:10D9B000600B606B586B60CC92B2CC78E59BF65EE6
:10D9C000FF1FFF1FB335684C680D702E782E682D31
:10D9D000606B50EA390928E9100818291829180934
:10D9E000180918091809180918091809180918092F
:10D9F000180918091809180918091809180918091F
:10DA0000180918091809180918091809180918090E
:10DA100018091809180918091809180918091809FE
:10DA200018091809180918091809180918091809EE
:10DA300018091809180918091809180918091809DE
:10DA400018091809180918091809180918091809CE
:10DA500018091809180918091809180918091809BE
:10DA600018091809180918091809180918091809AE
:10DA7000180918091809180918091809180918099E
:10DA8000180918091809180918091809180918098E
:10DA9000180918091809180918091809180918097E
:10DAA000180918091809180918091809180918096E
:10DAB000180918091809180918091809180918095E
:10DAC00018091809180918091809180A180918094D
:10DAD00018091809180918091809180918291848DF
:10DAE00029283168414848EA606C702E700D700D2D
:10DAF000700E700E700D700D780E780E700D700D2A
:10DB0000700D700D700D700D700D700D700D700D2D
:10DB1000700D700D700D700D700D700D700D700D1D
:10DB2000700D700D700D700D700D700D700D700D0D
:10DB3000700D700D700D700D700D700D700D700DFD
:10DB4000700D700D700D700D700D700D700D700DED
:10DB5000700D700D700D700D700D700D700D700DDD
:10DB6000700D780D780D780D780D780D780D780D95
:10DB7000780E780E780E780E780E780E780E780E75
:10DB8000780D780D700E700E700E700E700D702D79
:10DB9000702D702D682C682C602B606B712D8A5154
:10DBA000AB55C3D78150682C680C782E780E702D39
:10DBB00058CB490A30E91868182918291809180992
:10DBC000182918091809180918091809180918092D
:10DBD000180918091809180918091809180918093D
:10DBE000180918091809180918091809180918092D
:10DBF000180918091809180918091809180918091D
:10DC0000180918091809180918091809180918090C
:10DC100018091809180918091809180918091809FC
:10DC200018091809180918091809180918091809EC
:10DC300018091809180918091809180918091809DC
:10DC400018091809180918091809180918091809CC
:10DC500018091809180918091809180918091809BC
:10DC600018091809180918091809180918091809AC
:10DC7000180918091809180918091809180918099C
:10DC8000180918091809180918091809180918098C
:10DC9000180918091809180918091809180918097C
:10DCA0001809180918091809180A180A180918096A
:10DCB00018091809180918091809182918291848DD
:10DCC00029283168414848EA606C702E700E780E41
:10DCD000780E700E700E700E780E780E700D700D3E
:10DCE000700E780E780E780E780E780E780E780E0C
:10DCF000780E780E780E780E780E780E780E780EF4
:10DD0000780E780E780E780E780E780E780E780EE3
:10DD1000780E780E780E780E780E780E780E780ED3
:10DD2000780E780E780E780E780E780E780E780EC3
:10DD3000780E780E780E780E780E780E780E780EB3
:10DD4000780E780D780D780D780D780D780D780EA9
:10DD5000780E780E780E780E780E780E780E780E93
:10DD6000700E700E700E700E780E780E700E700EB3
:10DD7000700E700E700D702D702D682C602C604C24
:10DD8000606C686C706D680C700D782E780E702D5C
:10DD900050CA412A28C918681809180A1809180908
:10DDA000182918091809180918091809180918094B
:10DDB000180918091809180918091809180918095B
:10DDC00018091809180918291829182918291829AB
:10DDD000182918291829182918291829182918293B
:10DDE000182918091809180918091809180918090B
:10DDF000180918091809180918091809180918091B
:10DE0000180918091809180918091809180918090A
:10DE100018091809180918091809180918091809FA
:10DE200018091809180918091809180918091809EA
:10DE300018091809180918091809180918091809DA
:10DE400018091809180918091809180918091809CA
:10DE500018091809180918091809180918091809BA
:10DE600018091809180918091809180918091809AA
:10DE7000180918091809180918091809180918099A
:10DE80001809180918291829180A180A180A180A46
:10DE9000180A1809180918091809182918291848FA
:10DEA00029283168414850EA606C702E700E780E57
:10DEB000780E700E700E700E780E780E700D700D5C
:10DEC000700E780E780E780E780E780E780E780E2A
:10DED000780E780E780E780E780E780E780E780E12
:10DEE000780E780E780E780E780E780E780E780E02
:10DEF000780E780E780E780E780E780E780E780EF2
:10DF0000780E780E780E780E780E780E780E780EE1
:10DF1000780E780E780E780E780E780E780E780ED1
:10DF2000780E780E700E780E780E780E780E780EC9
:10DF3000780E780E780E780E700E700E700E700ED1
:10DF4000702E702E700E700E700E702E702E702E41
:10DF5000702E702D702E702D702D702D702D702DD7
:10DF6000682D682D680D700D702E700D780E684D3F
:10DF700050CA412A28A918491809182A1809180945
:10DF8000182A180918091809180918091809180968
:10DF90001809180918091809180918091809180979
:10DFA0001809180918091809180918091809180969
:10DFB0001809180918091809180918091809180959
:10DFC0001809180918091809180918091809180949
:10DFD0001809180918091809180918091809180939
:10DFE0001809180918091809180918091809180929
:10DFF0001809180918091809180918091809180919
:10E000001809180918091809180918091809180908
:10E0100018091809180918091809180918091809F8
:10E0200018091809180918091809180918091809E8
:10E0300018091809180918091809180918091809D8
:10E0400018091809180918091809180918091809C8
:10E0500018091809180918091809180918091809B8
:10E060001809180918091809180A180A18091809A6
:10E0700018091809180918091829182918291848F9
:10E0800029283168414950EA606D702E700E780E73
:10E09000780E700E700E700E780E780E700D700D7A
:10E0A000700E700E700E700E700E700E700E700E80
:10E0B000700E700E700E700E700E700E700E700E70
:10E0C000700E700E700E700E700E700E700E700E60
:10E0D000700E700E700E700E700E700E700E700E50
:10E0E000700E700E700E700E700E700E700E700E40
:10E0F000700E700E700E700E700E700E700E700E30
:10E10000700E700E700E700E700E700E700E700E1F
:10E11000700E700E700E700D700E700E700E702EF0
:10E12000702E702E700E700E700E700E702E702E7F
:10E13000702E702E702E700E700E700E700D700D91
:10E14000700D702D702E784E782E700D700D686CDD
:10E1500048CA390A206818291809180A180918091C
:10E16000180A180A180918091809180918091809A5
:10E170001809180918091809180918091809180997
:10E180001809180918091809180918091809180987
:10E190001809180918091809180918091809180977
:10E1A0001809180918091809180918091809180967
:10E1B0001809180918091809180918091809180957
:10E1C0001809180918091809180918091809180947
:10E1D0001809180918091809180918091809180937
:10E1E0001809180918091809180918091809180927
:10E1F0001809180918091809180918091809180917
:10E200001809180918091809180918091809180906
:10E2100018091809180918091809180918091809F6
:10E2200018091809180918091809180918091809E6
:10E2300018091809180918091809180918091809D6
:10E240001809180918091809180A180A180A1809C3
:10E25000180A180918091809182918291829184816
:10E2600029283168414950EA606D702E700E780E91
:10E27000780E700E700E700E780E780E700E700E96
:10E28000700E700E700E700E700E700E700E700E9E
:10E29000700E700E700E700E700E700E700E700E8E
:10E2A000700E700E700E700E700E700E700E700E7E
:10E2B000700E700E700E700E700E700E700E700E6E
:10E2C000700E700E700E700E700E700E700E700E5E
:10E2D000700E700E700E700E700E700E700E700E4E
:10E2E000700E700E700E700E700E700E700E700E3E
:10E2F000700E700E700D700E700E700E700E700E2F
:10E30000700E700E780E780E780E700E700E700E05
:10E31000700E700E780E700E700E780E780E780EED
:10E32000780D782E702E700E700E702E704D60ACC1
:10E33000490A30C920281809180A180A18091809A2
:10E34000180A180A180A180A180A180A180A180ABD
:10E35000180A180A180A180A180A180A180A180AAD
:10E36000180A180A180A180A180A180A180A180A9D
:10E37000180A180A180A180A180A180A180A180A8D
:10E38000180A180A180A180A180A180A180A180A7D
:10E39000180A180A180A180A180A180A180A180A6D
:10E3A000180A180A180A180A180A180A180A180A5D
:10E3B000180A180A180A180A180A180A180A180A4D
:10E3C000180A180A180A180A180A180A180A180A3D
:10E3D000180A180A180A180A180A180A180A180A2D
:10E3E000180A180A180A180A180A180A180A180A1D
:10E3F000180A180A180A180A180A180A180A180A0D
:10E40000180A180A180A180A180A180A180A180AFC
:10E41000180A180A180A180A180A180A180A180AEC
:10E42000180A180A18091809180A180A180A180ADE
:10E43000180A180A180A1809180A18291829184851
:10E4400029283168414950EA606D702E700E700EB7
:10E45000780E700E700E700E780E780E700E700EB4
:10E46000700E700E700E700E700E700E700E700EBC
:10E47000700E700E700E700E700E700E700E700EAC
:10E48000700E700E700E700E700E700E700E700E9C
:10E49000700E700E700E700E700E700E700E700E8C
:10E4A000700E700E700E700E700E700E700E700E7C
:10E4B000700E700E700E700E700E700E700E700E6C
:10E4C000700E700E700E700E700E700E700E702E3C
:10E4D000702E702E702E702E700E700E700E700ECC
:10E4E000780E780E780E780E780E780E700E700E0C
:10E4F000700F700F780F780F780E780E780E700D01
:10E50000700D700E700E700E700E702E606C58CB09
:10E51000492A30C918281809180A180A180A180AA6
:10E52000180A180A180A180A180A180A180A180ADB
:10E53000180A180A180A180A180A180A180A180ACB
:10E54000180A180A180A180A180A180A180A180ABB
:10E55000180A180A180A180A180A180A180A180AAB
:10E56000180A180A180A180A180A180A180A180A9B
:10E57000180A180A180A180A180A180A180A180A8B
:10E58000180A180A180A180A180A180A180A180A7B
:10E59000180A180A180A180A180A180A180A180A6B
:10E5A000180A180A180A180A180A180A180A180A5B
:10E5B000180A180A180A180A180A180A180A180A4B
:10E5C000180A180A180A180A180A180A180A180A3B
:10E5D000180A180A180A180A180A180A180A180A2B
:10E5E000180A180A180A180A180A180A180A180A1B
:10E5F000180A180A180A180A180A180A180A180A0B
:10E60000180A180A1809180A180A180A180A180AFB
:10E61000180A180A180A1809180A182A182918486E
:10E6200029283168414950EA606D702E700E700ED5
:10E63000700E700E700E700E780E780E700E700EDA
:10E64000700E700E700E700E700E700E700E700EDA
:10E65000700E700E700E700E700E700E700E700ECA
:10E66000700E700E700E700E700E700E700E700EBA
:10E67000700E700E700E700E700E700E700E700EAA
:10E68000700E700E700E700E700E700E700E700E9A
:10E69000700E700E700E700E700E700E700E700E8A
:10E6A000700E700E700E700E700E700E702E702E3A
:10E6B000702E702E702E700E700E780E780E780EF2
:10E6C000780E780E780D700D700D700E700E700E45
:10E6D000700E700E700E700E700E780E782E780E12
:10E6E000700E700E700E700E700E702E588B50EBF8
:10E6F000412A28A81808200A180A180A180A180A0D
:10E70000180A180A180A180A180A180A180A180AF9
:10E71000180A180A180A180A180A180A180A180AE9
:10E72000180A180A180A180A180A180A180A180AD9
:10E73000180A180A180A180A180A180A180A180AC9
:10E74000180A180A180A180A180A180A180A180AB9
:10E75000180A180A180A180A180A180A180A180AA9
:10E76000180A180A180A180A180A180A180A180A99
:10E77000180A180A180A180A180A180A180A180A89
:10E78000180A180A180A180A180A180A180A180A79
:10E79000180A180A180A180A180A180A180A180A69
:10E7A000180A180A180A180A180A180A180A180A59
:10E7B000180A180A180A180A180A180A180A180A49
:10E7C000180A180A180A180A180A180A180A180A39
:10E7D000180A180A180A180A180A180A180A180A29
:10E7E000180A180A18091809180A180A180A180A1B
:10E7F000180A180A180A180A180A182A182918488C
:10E8000029093168414950EA606D702E700E700E12
:10E81000700E700E700E700E780E780E700E700EF8
:10E82000700E700E700E700E700E700E700E700EF8
:10E83000700E700E700E700E700E700E700E700EE8
:10E84000700E700E700E700E700E700E700E700ED8
:10E85000700E700E700E700E700E700E700E700EC8
:10E86000700E700E700E700E700E700E700E700EB8
:10E87000700E700E700E700E700E700E700E700EA8
:10E88000700E700E700E700E700E700E700E700E98
:10E89000700E700E702E700E700E700E700E780E60
:10E8A000780E780E780D700D700D700E700E702E43
:10E8B000702E700E782E700E700E700E700E700E20
:10E8C000702E702E700E700E700E684D58CB490A67
:10E8D000390920681809200A180A180A180A180A9B
:10E8E000180A182A180A180A180A180A180A180AF8
:10E8F000180A180A180A180A180A180A180A180A08
:10E90000180A180A180A180A180A180A180A180AF7
:10E91000180A180A180A180A180A180A180A180AE7
:10E92000180A180A180A180A180A180A180A180AD7
:10E93000180A180A180A180A180A180A180A180AC7
:10E94000180A180A180A180A180A180A180A180AB7
:10E95000180A180A180A180A180A180A180A180AA7
:10E96000180A180A180A180A180A180A180A180A97
:10E97000180A180A180A180A180A180A180A180A87
:10E98000180A180A180A180A180A180A180A180A77
:10E99000180A180A180A180A180A180A180A180A67
:10E9A000180A180A180A180A180A180A180A180A57
:10E9B000180A180A180A180A180A180A180A180A47
:10E9C000180A180A180A180A180A180A180A180A37
:10E9D000180A180A180A180A180A182A18291848AA
:10E9E00029293169414950EA606D702E700E700E10
:10E9F000700E700E700E700E780E780E700E700E17
:10EA0000700E700E700E700E700E700E700E700E16
:10EA1000700E700E700E700E700E700E700E700E06
:10EA2000700E700E700E700E700E700E700E700EF6
:10EA3000700E700E700E700E700E700E700E700EE6
:10EA4000700E700E700E700E700E700E700E700ED6
:10EA5000700E700E700E700E700E700E700E700EC6
:10EA6000700E700E700E700E700E700E700E700EB6
:10EA7000700E700E702E700E702E702E702D700D28
:10EA8000702D702D700E780E780E700E700E702E28
:10EA9000700E702E700E782E700E700E700E782F15
:10EAA000700E700E702E702E702E686D50CB412A35
:10EAB000310918471809200A180A180A180A180AEA
:10EAC000180A180A180A180A180A180A180A180A36
:10EAD000180A180A180A180A180A180A180A180A26
:10EAE000180A180A180A180A180A180A180A180A16
:10EAF000180A180A180A180A180A180A180A180A06
:10EB0000180A180A180A180A180A180A180A180AF5
:10EB1000180A180A180A180A180A180A180A180AE5
:10EB2000180A180A182A182A182A182A182A182A15
:10EB3000182A182A180A180A180A180A180A180A85
:10EB4000180A180A180A180A180A180A180A180AB5
:10EB5000180A180A180A180A180A180A180A180AA5
:10EB6000180A180A180A180A180A180A180A180A95
:10EB7000180A180A180A180A180A180A180A180A85
:10EB8000180A180A180A180A180A180A180A180A75
:10EB9000180A180A180A180A180A180A180A180A65
:10EBA000180A180A180A180A180A180A180A180A55
:10EBB000180A180A180A180A182A182A18291848A8
:10EBC00029093169414950EA606D702E700E700E4E
:10EBD000700E700E700E700E780E780E700E700E35
:10EBE000700E700E700E700E700E700E700E700E35
:10EBF000700E700E700E700E700E700E700E700E25
:10EC0000700E700E700E700E700E700E700E700E14
:10EC1000700E700E700E700E700E700E700E700E04
:10EC2000700E700E700E700E700E700E700E700EF4
:10EC3000700E700E700E700E700E700E700E700EE4
:10EC4000700E700E702E702E780E780E780E780F73
:10EC5000780F780F700E700E704E682D708E78CF12
:10EC6000684D684D680D700E704F702E680D702ED7
:10EC7000700E700E700E700E780E784F700E780F4A
:10EC8000782F700E702E702E702D606C48EA414AFD
:10EC900030E918481809200A180A180A180A182A08
:10ECA000182A182A180A180A180A182A182A182AB4
:10ECB000182A182A182A182A182A182A182A182A44
:10ECC000182A182A182A182A182A182A182A182A34
:10ECD000182A182A182A182A182A182A182A182A24
:10ECE000182A182A180A182A182A182A182A182A34
:10ECF000182A182A182A182A182A182A182A182A04
:10ED0000182A182A182A182A182A182A182A182AF3
:10ED1000182A182A182A182A182A182A182A182AE3
:10ED2000182A182A182A182A182A182A182A182AD3
:10ED3000182A182A182A182A182A182A182A182AC3
:10ED4000182A182A182A182A182A182A182A182AB3
:10ED5000182A182A182A182A182A182A182A182AA3
:10ED6000182A182A182A182A182A182A182A182A93
:10ED7000182A182A182A182A182A182A182A182A83
:10ED8000182A182A182A182A180A180A180A182AD3
:10ED9000180A180A180A182A182A182A18291848A6
:10EDA000290931694149490A606D702E700E700E53
:10EDB000700E700E702E702E780E780E700E702EF3
:10EDC000700E700F700E700E700E700E700E700E52
:10EDD000700E700E700E700E700E700E700E700E43
:10EDE000700E700E700E700E700E700E700E700E33
:10EDF000700E700E700E700E700E700E700E700E23
:10EE0000700E700E700E700E700E700E700E700E12
:10EE1000700E700E700E700E700E700E700E700E02
:10EE2000700E700E702E702E700E780F780F780F97
:10EE3000780F780F700E782F680D708EC358E49C91
:10EE40009A73690E68AE604C602C602D682D684E18
:10EE5000680E702E700E780E700E780E700E780E92
:10EE6000700E702E702E702D684D588C492A394ABC
:10EE700020A918281809180A180A182A182A182A5E
:10EE8000182A182A180A180A180A180A180A180A32
:10EE9000180A180A180A180A180A180A180A180A62
:10EEA000180A180A182A182A182A182A182A182A92
:10EEB000182A182A182A182A182A182A182A182A42
:10EEC000182A182A180A180A180A180A182A182AB2
:10EED000180A180A180A180A180A180A180A180A22
:10EEE000180A180A180A180A180A180A180A180A12
:10EEF000180A180A182A182A180A180A180A180AC2
:10EF0000182A182A180A180A180A180A180A180AB1
:10EF1000180A180A180A180A180A180A180A180AE1
:10EF2000180A180A180A180A180A180A180A180AD1
:10EF3000180A180A180A180A180A180A180A180AC1
:10EF4000180A180A180A180A180A180A180A180AB1
:10EF5000180A180A180A180A180A180A180A180AA1
:10EF6000180A182A182A182A180A180A180A182A11
:10EF7000180A180A180A182A182A182A18291848C4
:10EF8000290931694149490A606D702E700E700E71
:10EF9000700E700E702E702E780E780E700E702E11
:10EFA000700F700F700E700E700E700E700E700E6F
:10EFB000700E700E700E700E700E700E700E700E61
:10EFC000700E700E700E700E700E700E700E700E51
:10EFD000700E700E700E700E700E700E700E700E41
:10EFE000700E700E700E700E700E700E700E700E31
:10EFF000700E700E700E700E700E700E700E700E21
:10F00000700E700E700E700E700E700F780F780FFD
:10F01000780F780F782F700E680D686EAAB5E49C93
:10F02000F55EFE7FDCFCB3769293923268ED604C25
:10F03000686D602C702D702E700E780E782F780F02
:10F04000700E700E702E704D686D58AB494B312AA2
:10F0500018681829182A180A200A182A182A182A9B
:10F06000182A182A180A180A180A180A180A180A50
:10F07000180A180A180A180A180A180A180A180A80
:10F08000180A180A182A182A182A182A182A182AB0
:10F09000182A182A182A182A182A182A182A182A60
:10F0A000182A182A180A180A180A180A180A180A10
:10F0B000180A180A180A180A180A180A180A180A40
:10F0C000180A180A180A180A180A180A180A180A30
:10F0D000180A180A180A180A180A180A180A180A20
:10F0E000180A180A180A180A180A180A180A180A10
:10F0F000180A180A180A180A180A180A180A180A00
:10F10000180A180A180A180A180A180A180A180AEF
:10F11000180A180A180A180A180A180A180A180ADF
:10F12000180A180A180A180A180A180A180A180ACF
:10F13000180A180A180A180A180A180A180A180ABF
:10F14000180A182A182A182A180A180A180A182A2F
:10F15000180A180A180A182A182A182A18291848E2
:10F16000290931694149490A606D702E700E700E8F
:10F17000700E700E700E700E700E700E700E700E9F
:10F18000700E700F700F700E700E700E700E700E8D
:10F19000700E700E700E700E700E700E700E700E7F
:10F1A000700E700E700E700E700E700E700E700E6F
:10F1B000700E700E700E700E700E700E700E700E5F
:10F1C000700E700E700E700E700E700E700E700E4F
:10F1D000700E700E700E700E700E700E700E700E3F
:10F1E000700E700E702F702F700F700F780F780FD9
:10F1F000780F780F700E784F704E682D686D606CC8
:10F200007990C418F61EFF3FFF5FFEBFC4B8A35439
:10F210009AF481D068AC600B680C702D700E700E83
:10F22000782F780E700E684D608C50CB412A3109D2
:10F2300018491829182A180A180A180A182A182A00
:10F24000180A180A180A180A182A182A182A182A2E
:10F25000182A182A180A180A180A180A180A180A5E
:10F26000180A180A180A180A180A180A180A180A8E
:10F27000180A180A182A182A182A182A182A182ABE
:10F28000182A182A180A180A180A182A182A182ACE
:10F29000180A180A180A180A180A180A180A180A5E
:10F2A000180A180A182A182A182A182A182A182A8E
:10F2B000182A182A182A180A180A180A180A180ADE
:10F2C000180A182A182A182A182A182A182A182A4E
:10F2D000182A182A180A180A180A180A180A180ADE
:10F2E000180A180A182A182A182A182A182A182A4E
:10F2F000182A182A182A182A182A182A182A182AFE
:10F30000182A182A180A180A180A180A180A180AAD
:10F31000180A180A180A180A180A180A180A180ADD
:10F32000180A180A180A180A180A180A180A180ACD
:10F33000180A180A180A182A182A182A1829184800
:10F34000290931694149490A606D702E700E700EAD
:10F35000700E700E700E700E700E700E700E700EBD
:10F36000700E700F700F700E700E700E700E700EAB
:10F37000700E700E700E700E700E700E700E700E9D
:10F38000700E700E700E700E700E700E700E700E8D
:10F39000700E700E700E700E700E700E700E700E7D
:10F3A000700E700E700E700E700E700E700E700E6D
:10F3B000700E700E700E700E700E700E700E700E5D
:10F3C000700E700E700E700E700E700E700F780F43
:10F3D000780F780F782F702E700E702E684D602D7C
:10F3E000604D60ACA374E5DCFEFFFF7FFF7FFF5F35
:10F3F000FE9FC4787A0F692D68CD684D682D702EF8
:10F40000780E700E702E684D60AC50EB390A20A952
:10F410001829180A182A182A180A180A182A182A3D
:10F42000180A180A180A180A182A182A182A182A4C
:10F43000182A180A180A180A180A180A180A180A9C
:10F44000180A180A180A180A180A180A180A180AAC
:10F45000180A180A182A182A182A182A182A182ADC
:10F46000182A182A180A180A180A180A180A180A4C
:10F47000180A180A180A180A180A180A180A180A7C
:10F48000180A180A182A182A182A182A182A182AAC
:10F49000182A182A180A180A180A180A180A180A1C
:10F4A000180A180A182A182A182A182A182A182A8C
:10F4B000182A182A180A180A180A180A180A180AFC
:10F4C000180A180A182A182A182A182A182A182A6C
:10F4D000182A182A182A182A182A182A182A182A1C
:10F4E000182A182A180A180A180A180A180A180ACC
:10F4F000180A180A180A180A180A180A180A180AFC
:10F50000180A180A180A180A180A180A180A180AEB
:10F51000180A180A180A182A182A182A182918481E
:10F52000292931694149510A606D702E702E702E63
:10F53000700E700E702E702E780F780F700E702E69
:10F54000700F700F700E700E700E700E700E700EC9
:10F55000700E700E700E700E700E700E700E700EBB
:10F56000700E700E700E700E700E700E700E700EAB
:10F57000700E700E700E700E700E700E700E700E9B
:10F58000700E700E700E700E700E700E700E700E8B
:10F59000700E700E700E700E700E700E700E700E7B
:10F5A000700E700E700E700E700E700E700E700E6B
:10F5B000700E700E700E782F700E702E782E700EEA
:10F5C000700E682D70EE714EAB34FE1FFEFFFF3FD4
:10F5D000FF9FFF1FFE9FE5BCCC5981B0684D702E88
:10F5E000700E780F702E686D58AC48EB30C91868F3
:10F5F000182A180A182A182A180A180A182A182A5B
:10F60000180A180A180A182A182A182A182A182A4A
:10F61000182A182A182A182A182A182A182A182ADA
:10F62000182A182A182A182A182A182A182A182ACA
:10F63000182A182A182A182A182A182A182A182ABA
:10F64000182A182A180A182A182A182A182A182ACA
:10F65000182A182A182A182A182A182A182A182A9A
:10F66000182A182A182A182A182A182A182A182A8A
:10F67000182A182A182A182A182A180A180A182ABA
:10F68000182A182A182A182A182A182A182A182A6A
:10F69000182A182A182A182A182A182A182A182A5A
:10F6A000182A182A182A182A182A182A182A182A4A
:10F6B000182A182A182A182A182A182A182A182A3A
:10F6C000182A182A182A182A182A182A182A182A2A
:10F6D000182A182A182A182A182A182A182A182A1A
:10F6E000182A182A182A182A180A180A180A182A6A
:10F6F000182A180A180A182A182A182A182918481D
:10F70000292931694149510A606D702E702E702E81
:10F71000700E700E702E700E700F780F700E700ECF
:10F72000700F700F702F702F702F702F702F702F21
:10F73000702F702F700F700F700F700F700F700F91
:10F74000700F700F702F702F702F702F702F702F01
:10F75000702F702F700F700F700F700F700F700F71
:10F76000700F700F700F700F700F700F700F700FA1
:10F77000700F700F700F700F700F700F700F700F91
:10F78000700F700E700E702E702E702E700E700E28
:10F79000700E700E700E700E782F780F780E780F36
:10F7A000780F780E680D684D602C608C716E9B33FD
:10F7B000DD5BFEFFFF9FFF7FFEBFAAF5604D702E51
:10F7C000782F700E702E606D58CB490A2888182843
:10F7D000202A180B182A182A180A180A182A182A70
:10F7E000180A200A180A182A182A182A182A182A61
:10F7F000182A182A182A182A182A182A182A182AF9
:10F80000182A182A182A182A182A182A182A182AE8
:10F81000182A182A182A182A182A182A182A182AD8
:10F82000182A182A182A182A182A182A182A182AC8
:10F83000182A182A182A182A182A182A182A182AB8
:10F84000182A182A182A182A182A182A182A182AA8
:10F85000182A182A182A182A182A182A182A182A98
:10F86000182A182A182A182A182A182A182A182A88
:10F87000182A182A182A182A182A182A182A182A78
:10F88000182A182A182A182A182A182A182A182A68
:10F89000182A182A182A182A182A182A182A182A58
:10F8A000182A182A182A182A182A182A182A182A48
:10F8B000182A182A182A182A182A182A182A182A38
:10F8C000182A182A182A182A182A182B182A182A27
:10F8D000182A202A180A180A182A182A1829184833
:10F8E000292931684149510A686D702E702E700EB9
:10F8F000700F780F700E700E700F780F780E700EFC
:10F90000700F700F700F700F700F700F700F700FFF
:10F91000700F700F700F700F700F700F700F700FEF
:10F92000700F700F700F700F700F700F700F700FDF
:10F93000700F700F700F700F700F700F700F700FCF
:10F94000700F700F700F700F700F700F780F780FAF
:10F95000780F780F780F780F700F700F700F700F8F
:10F96000700F700F700E782F782E780E700E700F4B
:10F97000702F700F702F782F700E780E780E780E13
:10F98000780F780F700E702E702E682D682D582B02
:10F99000690DA314DCFBFDFFED1D790F684D702E82
:10F9A000702E702E686E588D510B38E91848184922
:10F9B000180A200B200A180A180B182B182A182AC4
:10F9C000200A200A180A182A182A182A182A182A77
:10F9D000182A182A182A182A182A182A182A182A17
:10F9E000182A182A182A182A182A182A182A182A07
:10F9F000182A182A182A182A182A182A182A182AF7
:10FA0000182A182A182A182A182A182A182A182AE6
:10FA1000182A182A182A182A182A182A182A182AD6
:10FA2000182A182A182A182A182A182A182A182AC6
:10FA3000182A182A182A182A182A182A182A182AB6
:10FA4000182A182A182A182A182A182A182A182AA6
:10FA5000182A182A182A182A182A182A182A182A96
:10FA6000182A182A182A182A182A182A182A182A86
:10FA7000182A182A182A182A182A182A182A182A76
:10FA8000182A182A182A182A182A182A182A182A66
:10FA9000182A182A182A182A182A182A182A182A56
:10FAA000182A182A182A180A180B180B182A182AA4
:10FAB000180A180A180A180A182A182A182A184898
:10FAC000292931684149510A686D702E702E700FD6
:10FAD000780F780F700F700F700F780F780E780E08
:10FAE000700F700F700F700F700F700F700F700F1E
:10FAF000700F700F700F700F700F700F700F700F0E
:10FB0000700F700F700F700F700F700F700F700FFD
:10FB1000700F700F700F700F700F700F700F700FED
:10FB2000700F700F700F700F700F780F780F780FC5
:10FB3000780F780F780F780F780F700F700F700FA5
:10FB4000700F700F700E702F782F780E780F700F67
:10FB5000700F700F702F702F700E780E780E780F58
:10FB6000780F780F782F780F780F700F702F704EF6
:10FB7000604C688C81B0BB57C378688E680D702E5E
:10FB8000784E682D686E58AC490A30E81848182934
:10FB9000200A200B200A200A180B182B182A182AD2
:10FBA000200A200A180A182B182B182B182B182B90
:10FBB000182B182B182B182B182B182B182B182B2D
:10FBC000182B182B182B182B182B182B182B182B1D
:10FBD000182B182B182B182B182B182B182B182B0D
:10FBE000182B182A182A182A182A182A182A182A04
:10FBF000182A182A182A182A182A182A182A182AF5
:10FC0000182A182A182A182A182A182A182A182AE4
:10FC1000182A182A182A182A182A182A182A182AD4
:10FC2000182A182A182A182A182A182A182A182AC4
:10FC3000182A182A182A182A182A182A182A182AB4
:10FC4000182A182A182A182A182A182A182A182AA4
:10FC5000182A182A182A182A182A182A182A182A94
:10FC6000182A182A182A182A182A182A182A182A84
:10FC7000182A182A182A182A182A182A182A182A74
:10FC8000182A182A180A180A180B182B182A182AC2
:10FC9000180A180A180A180A182A182A182A1849B5
:10FCA000292931684149510A686D702E702E702FD4
:10FCB000780F780F700F700F700F780F780E780E26
:10FCC000700F700F700F700F700F700F700F700F3C
:10FCD000700F700F700F700F700F700F700F700F2C
:10FCE000700F700F700F700F700F700F700F700F1C
:10FCF000700F700F700F700F700F700F700F700F0C
:10FD0000700F700F700F700F700F780F780F780FE3
:10FD1000780F780F780F780F780F700F700F700FC3
:10FD2000700F702E702E702E700E700F780F780F6F
:10FD3000700E700E700E700E700F700F780F780FBF
:10FD4000780F700F700F700E780F780F700E702E86
:10FD5000680D682C604C70CE7910602D702F700F7C
:10FD6000780E704E608C50EC412A20A81849182A51
:10FD7000200B200B200A200A180B182B182A182AEF
:10FD8000200A200A180A182B182B182B182B182BAE
:10FD9000182B182B182B182B182B182B182B182B4B
:10FDA000182B182B182B182B182B182B182B182B3B
:10FDB000182B182B182B182B182B182B182B182B2B
:10FDC000182B182A182A182A182A182A182A182A22
:10FDD000182A182A182A182A182A182A182A182A13
:10FDE000182A182A182A182A182A182A182A182A03
:10FDF000182A182A182A182A182A182A182A182AF3
:10FE0000182A182A182A182A182A182A182A182AE2
:10FE1000182A182A182A182A182A182A182A182AD2
:10FE2000182A182A182A182A182A182A182A182AC2
:10FE3000182A182A182A182A182A182A182A182AB2
:10FE4000182A182A182A182A182A182A182A182AA2
:10FE5000182A182A182A182A182A182A182A182A92
:10FE6000182A182A180A180A180B180B182A182A00
:10FE7000180A180A182A180A182A182A182A1849B3
:10FE8000292931684149510A686D702F702F702FF0
:10FE9000780F780F700F700F700F780F780E780F43
:10FEA000700F700F700F700F700F700F700F700F5A
:10FEB000700F700F700F700F700F700F700F700F4A
:10FEC000700F700F700F700F700F700F700F700F3A
:10FED000700F700F700F700F700F700F700F700F2A
:10FEE000700F700F700F700F780F780F780F780FFA
:10FEF000780F780F780F780F780F700F700F700FE2
:10FF0000700F700F702E702E700F780F780F780FA3
:10FF1000780E782E700E700E700F700F700F700FBD
:10FF2000780F780F782F700E780F782F780F700F6A
:10FF3000700E784F704E682D682E682E7830700FD6
:10FF4000700E684D50AB490A390A1868184A182AC9
:10FF5000200B200B200A200A180B180B182B182A2C
:10FF6000180A180A180A180B180B180B180B180B7C
:10FF7000180B180B180B180B180B180B180B180B69
:10FF8000180B180B180B180B180B180B180B180B59
:10FF9000180B180B180B180B180B180B180B180B49
:10FFA000180B182A182A182A182A182A182A182A60
:10FFB000182A182A182A182A182A182A182A182A31
:10FFC000182A182A182A182A182A182A182A182A21
:10FFD000182A182A182A182A182A182A182A182A11
:10FFE000182A182A182A182A182A182A182A182A01
:10FFF000182A182A182A182A182A182A182A182AF1
:020000040804EE
:10000000182A182A182A182A182A182A182A182AE0
:10001000182A182A182A182A182A182A182A182AD0
:10002000182A182A182A182A182A182A182A182AC0
:10003000182A182A182A182A182A182A182A182AB0
:10004000182A182A180A180A180B180B182A182A1E
:10005000180A180A202B180A180A182A182A1849E8
:10006000292931684149510A686D702F702F702F0E
:10007000780F780F782F702F780F780F780F780F10
:10008000780F700F780F780F780F780F780F780F40
:10009000780F780F780F780F780F780F780F780F28
:1000A000780F780F780F780F780F780F780F780F18
:1000B000780F780F780F780F780F780F780F780F08
:1000C000780F780F780F780F780F780F780F780FF8
:1000D000780F780F780F780F780F780F780F780FE8
:1000E000780F780F780F78107810782F702F700FA6
:1000F000780E782F780E780E700F700F702F702F8B
:10010000700F700F702F702F782F700F700F782F67
:10011000780F780F702E702E702F702F7810780F48
:10012000784F608D48EA412928C91848182A182BA9
:10013000202B200B200A202A182B182B182B182BC9
:10014000182A182A182B182B182B182B182B182B99
:10015000182B182B182B182B182B182B182B182B87
:10016000182B182B182B182B182B182B182B182B77
:10017000182B182B182B182B182B182B182B182B67
:10018000182B182B182B182B182B182B182B182B57
:10019000182B182B182B182B182B182B182B182B47
:1001A000182B182B182B182B182B182B182B182B37
:1001B000182B182B182B182B182B180A180A182B69
:1001C000182B182B182B182B182B182B182B182B17
:1001D000182B182B182B182B182B182B182B182B07
:1001E000182B182B182B182B182B182B182B182BF7
:1001F000182B182B182B182B182B182B182B182BE7
:10020000182B182B182B182B182B182B182B182BD6
:10021000182B182B182B182B182B182B182B182BC6
:10022000182B182B182A182B182B182B182B182AB8
:10023000182B202B202B202B182B182A182A184972
:10024000292931684149510A686D702F702F702F2C
:10025000780F780F780F702F780F780F780F780F4E
:10026000780F700F780F780F780F780F780F780F5E
:10027000780F780F780F780F780F780F780F780F46
:10028000780F780F780F780F780F780F780F780F36
:10029000780F780F780F780F780F780F780F780F26
:1002A000780F780F780F780F780F780F780F780F16
:1002B000780F780F780F780F780F780F780F780F06
:1002C000780F780F781078107810700F700E700E0D
:1002D000700E700E780F780F700F702F702F702FB8
:1002E000702F702F700E702F702F700F700F700F97
:1002F000780F7810782F700F700F702F7810700FA4
:10030000706E60AC494A394920A91829182A180B7F
:10031000200B200B200B202A182B182B182B182B06
:10032000182A182A182B182B182B182B182B182BB7
:10033000182B182B182B182B182B182B182B182BA5
:10034000182B182B182B182B182B182B182B182B95
:10035000182B182B182B182B182B182B182B182B85
:10036000182B182B182B182B182B182B182B182B75
:10037000182B182B182B182B182B182B182B182B65
:10038000182B182B182B182B182B182B182B182B55
:10039000182B182B182B182B182B182B182B182B45
:1003A000182B182B182B182B182B182B182B182B35
:1003B000182B182B182B182B182B182B182B182B25
:1003C000182B182B182B182B182B182B182B182B15
:1003D000182B182B182B182B182B182B182B182B05
:1003E000182B182B182B182B182B182B182B182BF5
:1003F000182B182B182B182B182B182B182B182BE5
:10040000182B182B182A182B182B182B182B182AD6
:10041000182B202B200B202B182B182A182A1849B0
:10042000292931684149510A686D702F702F702F4A
:10043000780F780F780F702F780F780F780F780F6C
:10044000780F700F780F780F780F780F780F780F7C
:10045000780F780F780F780F780F780F780F780F64
:10046000780F780F780F780F780F780F780F780F54
:10047000780F780F780F780F780F780F780F780F44
:10048000780F780F780F780F780F780F780F780F34
:10049000780F780F780F780F780F780F780F780F24
:1004A000780F780F78107810780F700E702E702EED
:1004B000702F700F780F780F780F780F780F702FDC
:1004C000702F702F702F702F700F702F784F782F24
:1004D000780F780F700E782F785078307010702F5A
:1004E000608D50CA414A31291889182A182B180BD7
:1004F000200B180B200B202B182B182B182B182B2C
:10050000182B182B182B182B182B182B182B182BD3
:10051000182B182B182B182B182B182B182B182BC3
:10052000182B182B182B182B182B182B182B182BB3
:10053000182B182B182B182B182B182B182B182BA3
:10054000182B182B182B182B182B182B182B182B93
:10055000182B182B182B182B182B182B182B182B83
:10056000182B182B182B182B182B182B182B182B73
:10057000182B182B182B182B182B182B182B182B63
:10058000182B182B182B182B182B182B182B182B53
:10059000182B182B182B182B182B182B182B182B43
:1005A000182B182B182B182B182B182B182B182B33
:1005B000182B182B182B182B182B182B182B182B23
:1005C000182B182B182B182B182B182B182B182B13
:1005D000182B182B182B182B182B182B182B182B03
:1005E000182B182B182A182B182B182B182B182AF5
:1005F000182B202B200B200B182B182B182A1849EE
:10060000292931684149510A686D702F702F702F68
:10061000780F780F780F700F780F780F780F780FAA
:10062000780F700F780F780F780F780F780F780F9A
:10063000780F780F780F780F780F780F780F780F82
:10064000780F780F780F780F780F780F780F780F72
:10065000780F780F780F780F780F780F780F780F62
:10066000780F780F780F780F780F780F780F780F52
:10067000780F780F780F780F780F780F780F780F42
:10068000780F780F78107810780F700E704E706EAB
:10069000706F684E702F702F700F780F780F780F73
:1006A000702F702F702F700F780F780F700E700EE4
:1006B000782F780F782F780F780F700F7830684E7A
:1006C00058AC492A310920C81829182B182B200B9F
:1006D000200B180B182B182B182A182A182B200B54
:1006E000200B202B202B182B182B182B182B182BFA
:1006F000182B182B182B182B182B182B182B182BE2
:10070000182B182B182B182B182B182B182B182BD1
:10071000182B182B182B182B182B182B182B182BC1
:10072000182B182B182B182B182B182B182B182BB1
:10073000182B182B182B182B182B182B182B182BA1
:10074000182B182B182B182B182B182B182B182B91
:10075000182B182B182B182B182B182B182B182B81
:10076000182B182B182B182B182B182B182B182B71
:10077000182B182B182B182B182B182B182B182B61
:10078000182B182B182B182B182B182B182B182B51
:10079000182B182B182B182B182B182B182B182B41
:1007A000182B182B182B182B182B182B182B182B31
:1007B000182B182B182B182B182B182B182B182B21
:1007C000182B182B182A182B180B182B182B182A33
:1007D000182B202B202B200B200B182B182A184904
:1007E000292931684149510A686D702F700F702FA7
:1007F000780F780F780F700F780F780F780F780FC9
:10080000780F700F780F780F780F780F780F780FB8
:10081000780F780F780F780F780F780F780F780FA0
:10082000780F780F780F780F780F780F780F780F90
:10083000780F780F780F780F780F780F780F780F80
:10084000780F780F780F700F700F780F780F780F80
:10085000780F780F780F780F780F780F780F700F68
:10086000700F780F780F780F782F700E704E899276
:10087000C399A295819170CF682E702F780F780F51
:100880007810780F780F780F7810780F782F700F16
:10089000700E702F782F782F780F780F702F604D93
:1008A00050CB412A28A81848180A202B180B180AE0
:1008B000202B180B182B182B182A182A182B200B52
:1008C000200B200B202B182B182B182B182B182B38
:1008D000182B182B182B182B182B182B182B182B00
:1008E000182B182B182B182B182B182B182B182BF0
:1008F000182B182B182B182B182B182B182B182BE0
:10090000182B182B182B182B182B182B182B182BCF
:10091000182B182B182B182B182B182B182B182BBF
:10092000182B182B182B182B182B182B182B182BAF
:10093000182B182B182B182B182B182B182B182B9F
:10094000182B182B182B182B182B182B182B182B8F
:10095000182B182B182B182B182B182B182B182B7F
:10096000182B182B182B182B182B182B182B182B6F
:10097000182B182B182B182B182B182B182B182B5F
:10098000182B182B182B182B182B182B182B182B4F
:10099000182B182B182B182B182B182B182B182B3F
:1009A000182B182B182A182B180B182B182B182B50
:1009B000182B202B200B200B200B182B182A184942
:1009C000290931684149510A686D702F700F702FE5
:1009D000780F780F780F700F780F780F780F780FE7
:1009E000780F700F780F780F780F780F780F780FD7
:1009F000780F780F780F780F780F780F780F780FBF
:100A0000780F780F780F780F780F780F780F780FAE
:100A1000780F780F780F780F780F780F780F780F9E
:100A2000780F780F700F780F782F700F700F700F8E
:100A3000700F700F780F780F780F780F780F780F8E
:100A4000700F780F780F700F782F702F600D91D284
:100A5000FDBFFDFFC4198A32710F602C704E702FDC
:100A6000700E7830700F700F7810780F700F702F35
:100A7000702E700E700E782F780F780F704F608D7B
:100A8000490B392A20891829200B200B200B200A1A
:100A9000202B180B182C182B182A182A182B200B6F
:100AA000200B200B200B182B182B182B182B182B76
:100AB000182B182B182B182B182B182B182B182B1E
:100AC000182B182B182B182B182B182B182B182B0E
:100AD000182B182B182B182B182B182B182B182BFE
:100AE000182B182B182B182B182B182B182B182BEE
:100AF000182B182B182B182B182B182B182B182BDE
:100B0000182B182B182B182B182B182B182B182BCD
:100B1000182B182B202B182B182B182B182B182BB5
:100B2000182B202B182B182B182B182B182B182BA5
:100B3000182B182B182B182B182B182B182B182B9D
:100B4000182B182B182B182B182B182B182B182B8D
:100B5000182B182B182B182B182B182B182B182B7D
:100B6000182B182B182B182B182B182B182B182B6D
:100B7000182B182B182B182B182B182B182B182B5D
:100B8000182B182B182B182B180B180B182B182B8D
:100B9000182B200B200B200B200B182B182A184980
:100BA000292931684149510A686D702F702F702FC3
:100BB0007810780F780F700F780F780F780F780F04
:100BC000780F7010780F780F780F780F780F780FF4
:100BD000780F780F780F780F780F780F780F780FDD
:100BE000780F780F780F780F780F780F780F780FCD
:100BF000780F780F780F780F780F780F780F780FBD
:100C0000780F780F782F700F700F700F7830783062
:100C10007830782F700F700F780F780F780F780F6B
:100C2000780F780F780F782F780F702F704F688EAD
:100C3000AAF6FDFFFE7FF5DFBBD779AF60AC602C75
:100C4000682D702E704F700F7810781078107830F3
:100C5000782F784F700F782F7810702F686E58CDDE
:100C6000490B30EA2049200A200B200C200B202AB7
:100C7000202B180B182C182B182A182A182B200B8D
:100C8000200B200B202B202B202B202B202B202B4C
:100C9000202B202B202B202B182B182B182B182B1C
:100CA000202B202B202B202B202B202B182B182BFC
:100CB000182B182B202B202B202B202B202B202BEC
:100CC000202B202B182B182B182B182B202B202BEC
:100CD000202B202B202B202B202B202B182B182BCC
:100CE000182B182B202B202B202B202B202B202BBC
:100CF000202B202B202B182B182B182B182B182BC4
:100D0000182B202B202B202B202B202B202B202B93
:100D1000202B202B182B182B182B182B202B202B9B
:100D2000202B202B202B202B202B202B182B182B7B
:100D3000182B182B202B202B202B202B202B202B6B
:100D4000202B202B202B202B202B202B202B202B4B
:100D5000202B202B202B202B202B202B202B202B3B
:100D6000202B202B202B202B202B202B202B202B2B
:100D7000202B202B202B200B200B182B182A184956
:100D8000292931694149510A686D702F702F702FE0
:100D90007810780F7830783078107810780F780FD6
:100DA00078107830780F780F780F780F780F780FE9
:100DB000780F780F780F780F780F780F780F780FFB
:100DC000780F780F780F780F780F780F780F780FEB
:100DD000780F780F780F780F780F780F780F780FDB
:100DE000780F782F782F783078307830700F700F38
:100DF000700F782F700F700F780F780F780F780FB3
:100E0000780F780F780F700F7830702F682F684E3A
:100E1000604D68CEA2F5E53DFE9FFEFFDCFBA3140E
:100E200089D1606D604D684E702F782F78107810E2
:100E3000700F700F780F780F782F704E608D510CF7
:100E4000410B2889202A200B200C200B200B202A64
:100E5000202B180B202C202B182A182A182A182B84
:100E6000200B200B202B202B202B202B202B202B6A
:100E7000202B202B202B202B202B202B202B202B1A
:100E8000202B202B202B202B202B202B202B202B0A
:100E9000202B202B202B202B202B202B202B202BFA
:100EA000202B202B202B202B202B202B202B202BEA
:100EB000202B202B202B202B202B202B202B202BDA
:100EC000202B202B202B202B202B202B202B202BCA
:100ED000202B202B202B202B202B202B202B202BBA
:100EE000202B202B202B202B202B202B202B202BAA
:100EF000202B202B202B202B202B202B202B202B9A
:100F0000202B202B202B202B202B202B202B202B89
:100F1000202B202B202B202B202B202B202B202B79
:100F2000202B202B202B202B202B202B202B202B69
:100F3000202B202B202B202B202B202B202B202B59
:100F4000202B202B202B202B202B202B202B202B49
:100F5000202B202B202B202B202B182B182A184934
:100F6000292931694149510A686D702F702F700F1E
:100F7000781078107830783078107810780F780FF3
:100F80007810783078107810781078107810781001
:100F90007810781078107810781078107810781011
:100FA0007810781078107810781078107810781001
:100FB00078107810781078107810781078107810F1
:100FC00078107810700F78307830700F700F78309C
:100FD0007850700F700F700F700F78307810780F96
:100FE000780F780F700F782F702F702F7030783047
:100FF0007030702F684D68CE92D3F61EFF3FFF5FB2
:10100000F61EB3B69AB381B1604D682E782F700F7B
:10101000702F7850780F700F702F606D50CC492B67
:1010200038EA2049202A200B200B200B180A202BFD
:10103000202B180B200B200B202A182A182B182BDA
:10104000200B200B202B202B202B202B202B202B88
:10105000202B202B202B202B202B202B202B202B38
:10106000202B202B202B202B202B202B202B202B28
:10107000202B202B202B202B202B202B202B202B18
:10108000202B202B202B202B202B202B202B202B08
:10109000202B202B202B202B202B202B202B202BF8
:1010A000202B202B202B202B202B202B202B202BE8
:1010B000202B202B202B202B200B200B200B200B58
:1010C000202B202B202B202B202B202B202B202BC8
:1010D000202B202B202B202B202B202B202B202BB8
:1010E000202B202B202B202B202B202B202B202BA8
:1010F000202B202B202B202B202B202B202B202B98
:10110000202B202B202B202B202B202B202B202B87
:10111000202B202B202B202B202B202B202B202B77
:10112000202B202B202B202B202B202B202B202B67
:10113000202B202B202B202B202B182B182A184952
:10114000292931694149510A686D702F702F700F3C
:10115000781078107810701078107810780F780F59
:10116000781070107810780F780F780F780F780F4C
:10117000780F780F780F780F780F780F780F780F37
:10118000780F780F780F780F780F780F780F780F27
:10119000780F780F780F780F780F780F780F780F17
:1011A000780F780F700F700F700F700F7030702FF6
:1011B000700F702F700F700F700F700F780F780F07
:1011C000780F780F700F702F7030703070107810AB
:1011D00078107810702F684D608CA335FE5FFF3F4C
:1011E000FF7FFF5FFE9FC458714E606D702F783097
:1011F0007030700F7810700F684E608D490B414A47
:1012000030CA2029202A202B200B200B182B182B2A
:10121000182B202B200B200B202B202A182B182BCF
:10122000202B200B202B202B202B202B202B202B86
:10123000202B202B202B202B202B202B202B202B56
:10124000202B202B202B202B202B202B202B202B46
:10125000202B202B202B202B202B202B202B202B36
:10126000202B202B202B202B202B202B202B202B26
:10127000202B202B202B202B202B202B202B202B16
:10128000202B202B202B202B202B202B202B202B06
:10129000202B202B202B202B202B200B200B202B36
:1012A000202B202B202B202B202B202B202B202BE6
:1012B000202B202B202B202B202B202B202B202BD6
:1012C000202B202B202B202B202B202B202B202BC6
:1012D000202B202B202B202B202B202B202B202BB6
:1012E000202B202B202B202B202B202B202B202BA6
:1012F000202B202B202B202B202B202B202B202B96
:10130000202B202B202B202B202B202B202B202B85
:10131000202B202B202B202B202B182B182A184970
:10132000292931694149510A686D702F702F703039
:10133000781078107810701078107810780F780F77
:10134000781070107810780F780F780F780F780F6A
:10135000780F780F780F780F780F780F780F780F55
:10136000780F780F780F780F780F780F780F780F45
:10137000780F780F780F780F780F780F780F780F35
:10138000780F780F700F700F783078307030700FE2
:10139000700F700F702F700F700F700F700F700F35
:1013A000780F70107830700F781078107810780FF0
:1013B000700F7850700F784F682E70EF9AB4CC9AF7
:1013C000FF1FFF9FFF7FFF1FE57CA2B4684E700FD9
:1013D000783070107810702F688E58CC414A31499F
:1013E000288A202A202A202B202B182B182B182B58
:1013F000182B200B200B280B200B200A182B182B46
:10140000202B200B202B202B200B200B200B200B24
:10141000200B200B202B202B200B200B200B200B34
:10142000202B202B202B202B202B202B200B200BA4
:10143000200B200B200B200B200B200B200B200B54
:10144000200B200B200B200B200B200B202B202B04
:10145000202B202B202B202B202B202B200B200B74
:10146000200B200B200B200B200B200B200B200B24
:10147000200B200B202B202B202B200B200B202B94
:10148000202B202B202B202B200B200B200B200B84
:10149000200B200B200B200B200B200B202B202BB4
:1014A000202B202B202B202B202B202B200B200B24
:1014B000200B200B200B200B200B200B200B200BD4
:1014C000202B202B202B202B202B202B202B202BC4
:1014D000202B202B200B200B200B200B200B200B74
:1014E000200B200B202B182B180B180B182B202B44
:1014F000200B200B202B200B202B182B182A1849EF
:10150000292931694149510A686E702F702F703056
:10151000781078107810701078107810780F780F95
:101520007810701078107810781078107810781083
:10153000781078107810781078107810781078106B
:10154000781078107810781078107810781078105B
:10155000781078107810781078107810781078104B
:101560007810781078107830700F700F80B1893350
:1015700080F2684F702F702F702F702F700F700FC8
:101580007810781078107831701078107810700F0B
:101590008050700F7810700F7830702F602D584C7D
:1015A0008231DD7CFF3FFF9FFF7FDC9B7911702F35
:1015B000700F78307010682F608D50EB39492929F1
:1015C0002049200A202A182A180B182B182B182B10
:1015D000180B200B200B280B200B202B182B182B63
:1015E000202B202B200B200B200B200B200B200B63
:1015F000200B200B202B200B200B200B200B200B73
:10160000200B202B202B200B200B200B200B200B42
:10161000200B200B200B200B200B200B200B200B72
:10162000200B200B200B200B200B200B200B200B62
:10163000200B202B202B200B200B200B200B200B12
:10164000200B200B200B200B200B200B200B200B42
:10165000200B200B202B202B202B202B202B202B72
:10166000202B202B200B200B200B200B200B200BE2
:10167000200B200B200B200B200B200B200B200B12
:10168000200B202B202B200B200B200B200B200BC2
:10169000200B200B200B200B200B200B200B200BF2
:1016A000200B200B200B200B200B200B200B200BE2
:1016B000200B200B200B200B200B200B200B200BD2
:1016C000200B200B202B202B200B200B200B200B82
:1016D000200B200B202B200B202B182B182A18490D
:1016E000290931694149510A688E70307030703073
:1016F00078107810781070107810781078107810B2
:1017000078107010781078107810781078107810A1
:101710007810781078107810781078107810781089
:101720007810781078107810781078107810781079
:101730007810781078107810781078107810781069
:1017400078107810781078307030682F8111CB9A2B
:10175000E47D9A7570AF602D682F704F700F7830F0
:10176000780F781078317010781078107810783001
:10177000781078307810781078107830704F682EA4
:10178000686E712FB397ED7DFE5FAAF5684E702FDE
:10179000700F78307030686F58AD48EB28EA1888C1
:1017A0001829202A202B202B202B202B202B202BEC
:1017B000202B200B200B200B200B202B202B202B51
:1017C000202B202B202B202B202B202B202B202BC1
:1017D000202B202B202B202B202B202B202B202BB1
:1017E000202B202B202B202B202B202B202B202BA1
:1017F000202B202B202B202B202B202B202B202B91
:10180000202B202B202B202B202B202B202B202B80
:10181000202B202B202B202B202B202B202B202B70
:10182000202B202B202B202B202B202B202B202B60
:10183000202B202B202B202B202B202B202B202B50
:10184000202B202B202B202B202B202B202B202B40
:10185000202B202B202B202B202B202B202B202B30
:10186000202B202B202B202B202B202B202B202B20
:10187000202B202B202B202B202B202B202B202B10
:10188000202B202B202B202B202B202B202B202B00
:10189000202B202B202B202B202B202B202B202BF0
:1018A000202B202B202B202B202B202B202B202BE0
:1018B000202B200B200B200B202B202B182A184923
:1018C000310931494149510A688E703070307010C9
:1018D00078107810781070107810781078107810D0
:1018E00078107010781078107810781078107810C0
:1018F00078107810781078107810781078107810A8
:101900007810781078107810781078107810781097
:101910007810781078107810781078107810781087
:101920007810781078107830700F704F602D921406
:10193000FD9FFDDF9AB5586D686E684E702F783048
:101940007810781078107810783078107810781037
:10195000781078307810781078107810781070102F
:10196000700F706F584C9213D41A8171682E785092
:101970007850782F704F606E50ED410B28AA1849AF
:10198000202A200A200B200B200B200B200B200BE1
:10199000200B200B202B202B202B202B202B202B2F
:1019A000202B202B200B200B200B200B200B200B9F
:1019B000200B200B202B202B202B202B202B202B0F
:1019C000202B202B200B200B200B200B200B200B7F
:1019D000200B200B202B202B202B202B202B202BEF
:1019E000202B202B200B200B200B200B200B200B5F
:1019F000200B200B202B202B202B202B202B202BCF
:101A0000202B202B200B200B200B200B200B200B3E
:101A1000200B200B202B202B202B202B202B202BAE
:101A2000202B202B200B200B200B200B200B200B1E
:101A3000200B200B202B202B202B202B202B202B8E
:101A4000202B202B200B200B200B200B200B200BFE
:101A5000200B200B202B202B202B202B202B202B6E
:101A6000202B202B200B200B200B200B200B200BDE
:101A7000200B200B200B200B200B200B200B200B0E
:101A8000200B200B202B202B200B200B200B200BBE
:101A9000200B200B200B200B202B202B182A184961
:101AA000310931494149510A688E703070307010E7
:101AB00078107810781078107810781078107810E6
:101AC00078107810781078107810781078107810D6
:101AD00078107810781078107810781078107810C6
:101AE00078107810781078107810781078107810B6
:101AF00078107810781078107810781078107810A6
:101B000078107810780F783078107830680E708FF1
:101B1000BB58FE3FFE5FBC1860EE582D704F701032
:101B2000701078307030700F70107010781078303E
:101B30007810780F78107830701070107830783016
:101B4000700F702E682D708F89327070704F702FEB
:101B5000700F702E688D58CC490C38EB206A182A0B
:101B6000202B200B202B202B202B202B202B202B3D
:101B7000202B202B202B202B202B202B202B202B0D
:101B8000202B202B202B202B202B202B202B202BFD
:101B9000202B202B202B202B202B202B202B202BED
:101BA000202B202B202B202B202B202B202B202BDD
:101BB000202B202B202B202B202B202B202B202BCD
:101BC000202B202B202B202B202B202B202B202BBD
:101BD000202B202B202B202B202B202B202B202BAD
:101BE000202B202B202B202B202B202B202B202B9D
:101BF000202B202B202B202B202B202B202B202B8D
:101C0000202B202B202B202B202B202B202B202B7C
:101C1000202B202B202B202B202B202B202B202B6C
:101C2000202B202B202B202B202B202B202B202B5C
:101C3000202B202B202B202B202B202B202B202B4C
:101C4000202B202B202B202B202B202B202B202B3C
:101C5000202B202B202B202B202B202B202B202B2C
:101C6000202B202B202B202B200B200B202B202B5C
:101C7000200B200B200B200B202B202B182A18497F
:101C8000310931494149510A686E70307030701025
:101C90007810781078107810781078107810781004
:101CA00078107810781078107810781078107810F4
:101CB00078107810781078107810781078107810E4
:101CC00078107810781078107810781078107810D4
:101CD00078107810781078107810781078107810C4
:101CE0007810781078307010783078107830702F45
:101CF000606D8190D49AFE3FED7EA2B578F0682F9A
:101D0000682F682F702F703070307010701078103E
:101D10007810781070107830783070107810783033
:101D20007810782F702F704F680F7830700F7850C0
:101D3000704F708E60CC510B390B28AA182A182BC3
:101D4000202C200B202B202B202B202B202B202B5A
:101D5000202B202B200B200B200B200B200B200BEB
:101D6000200B200B200B200B200B200B200B200B1B
:101D7000200B200B200B200B200B200B200B200B0B
:101D8000200B200B200B200B200B200B200B200BFB
:101D9000200B200B200B200B200B200B200B200BEB
:101DA000200B200B200B200B200B200B200B200BDB
:101DB000200B200B200B200B200B200B200B200BCB
:101DC000200B200B200B200B200B200B200B200BBB
:101DD000200B200B200B200B200B200B200B200BAB
:101DE000200B200B200B200B200B200B200B200B9B
:101DF000200B200B200B200B200B200B200B200B8B
:101E0000200B200B200B200B200B200B200B200B7A
:101E1000200B200B200B200B200B200B200B200B6A
:101E2000200B200B200B200B200B200B200B200B5A
:101E3000200B200B200B200B200B200B200B200B4A
:101E4000200B202B202B202B202B200B202B202B7A
:101E5000200B200B200B200B202B202B182A18499D
:101E6000310931494149510B686E7030703078301A
:101E70007810781078107810781078107810781022
:101E80007810781078107810781078107810781012
:101E90007810781078107810781078107810781002
:101EA00078107810781078107810781078107810F2
:101EB00078107810781078107810781078107810E2
:101EC000781078107811781078317030700F702F8A
:101ED000704F686E584C8A32ED7DFEBFCC5A89F245
:101EE00070EF682E70307831783078307830783014
:101EF0007810781078107831783078307830701029
:101F000070107830782F7810803278117810784FF0
:101F1000682E608D50EA412A28EA1869182A202B79
:101F2000202C202C200B200B200B200B200B200B17
:101F3000200B200B200B200B200B200B200B200B49
:101F4000200B200B200B200B200B200B200B200B39
:101F5000200B200B200B200B200B200B200B200B29
:101F6000200B200B200B200B200B200B200B200B19
:101F7000200B200B200B200B200B200B200B200B09
:101F8000200B200B200B200B200B200B200B200BF9
:101F9000200B200B200B200B200B200B200B200BE9
:101FA000200B200B200B200B200B200B200B200BD9
:101FB000200B200B200B200B200B200B200B200BC9
:101FC000200B200B200B200B200B200B200B200BB9
:101FD000200B200B200B200B200B200B200B200BA9
:101FE000200B200B200B200B200B200B200B200B99
:101FF000200B200B200B200B200B200B200B200B89
:10200000200B200B200B200B200B200B200B200B78
:10201000200B200B200B200B200B200B200B200B68
:10202000200B200B202B202B200B200B200B202BF8
:10203000200B200B200B200B202B202B182A1849BB
:10204000310931494149510B686E70307030783038
:10205000781078107810781078117811781078103E
:102060007810781078107810781078107810781030
:102070007810781078107810781078107810781020
:102080007810781078107810781078107810781010
:102090007810781078107810781078107810781000
:1020A000781078107811783170107010785178109D
:1020B0007010700F682E606D9AB3FE7FFF5FED9E0B
:1020C0008A32608E682E7030700F702F78307010EA
:1020D0007810783178317010781078307830781046
:1020E0007010781078507810781278128031702F34
:1020F000686E60CC492A414A28CA1849182B202CFE
:10210000180B202C200C200B200B200B200B200B5D
:10211000200B200B200B200B200B200B200B200B67
:10212000200B200B200B200B200B200B200B200B57
:10213000200B200B200B200B200B200B200B200B47
:10214000200B200B200B200B200B200B200B200B37
:10215000200B200B200B200B200B200B200B200B27
:10216000200B200B200B200B200B200B200B200B17
:10217000200B200B200B200B200B200B200B200B07
:10218000200B200B200B200B200B200B200B200BF7
:10219000200B200B200B200B200B200B200B200BE7
:1021A000200B200B200B200B200B200B200B200BD7
:1021B000200B200B200B200B200B200B200B200BC7
:1021C000200B200B200B200B200B200B200B200BB7
:1021D000200B200B200B200B200B200B200B200BA7
:1021E000200B200B200B200B200B200B200B200B97
:1021F000200B200B200B200B200B200B200B200B87
:10220000200B200B202B202B200B200C200B200B35
:10221000200B200B200B200B200B202B182B1849F8
:10222000310931494149510B686E70307030783056
:10223000781078107830783078117811781078101C
:10224000783078307810781078107810781078100E
:10225000781078107810781078107810781078103E
:10226000781078107810781078107810781078102E
:10227000781078107810781078107810781078101E
:1022800078107830701070107851701070107831AC
:10229000781178117810680E70EFC419FEBFFEFF38
:1022A000F5FF9AF460AD688E682E70307851783101
:1022B00070117811781078107810781078107830C4
:1022C0007830783070107831781178127811702F5A
:1022D00068AE50CB410B310A208A182A202B202CC3
:1022E000200B200C202C202C202C202C200B200B11
:1022F000200B200B200B200B200B200B200B200B86
:10230000200B200B202C202C202C202C202C202CAF
:10231000202C202C200B200B200B200B200B200B23
:10232000200B200B202C202C202C202C202C202C8F
:10233000202C202C200B200B200B200B200B200B03
:10234000200B200B202C202C202C202C202C202C6F
:10235000202C202C200B200B200B200B200B200BE3
:10236000200B200B202C202C202C202C202C202C4F
:10237000202C202C200B200B200B200B200B200BC3
:10238000200B200B202C202C202C202C202C202C2F
:10239000202C202C200B200B200B200B200B200BA3
:1023A000200B200B202C202C202C202C202C202C0F
:1023B000202C202C200B200B200B200B200B200B83
:1023C000200B200B202C202C202C202C202C202CEF
:1023D000202C202C202C202C202C202C202C202C9D
:1023E000202C202B202B202B202C202C202B202B92
:1023F000202C202C200B200B200C202B182B1849D4
:10240000310931494149510B686E70307030783074
:102410007810781078307830781178117811781039
:10242000783078307810781078107810781078102C
:10243000781078107810781078107810781078105C
:10244000781078107810781078107810781078104C
:10245000781078107810781078107810781078103C
:1024600078107830703070107831781178117811D8
:102470007811781178117010682E68AE798FAB964C
:10248000FE7FFF1FFE5FCC5A8191602E6830703155
:1024900078317810781078108011801178107810C9
:1024A0007811783178307810783170107030686F2A
:1024B00058AC48EB38EA288A182A180A182B202B1F
:1024C000202C200B200C200B200B200B200B200B92
:1024D000200B200B200B200B200B200B200B200BA4
:1024E000200B200B200B200B200B200B200B200B94
:1024F000200B200B200B200B200B200B200B200B84
:10250000200B200B200B200B200B200B200B200B73
:10251000200B200B200B200B200B200B200B200B63
:10252000200B200B200B200B200B200B200B200B53
:10253000200B200B200B200B200B200B200B200B43
:10254000200B200B200B200B200B200B200B200B33
:10255000200B200B200B200B200B200B200B200B23
:10256000200B200B200B200B200B200B200B200B13
:10257000200B200B200B200B200B200B200B200B03
:10258000200B200B200B200B200B200B200B200BF3
:10259000200B200B200B200B200B200B200B200BE3
:1025A000200B200B200B200B200B200B200B200BD3
:1025B000200B200B200B200B200B200B200B200BC3
:1025C000200B200B200B200B200C200C200B200BB1
:1025D000200C200C200C200C200C202B182B184930
:1025E000310931494149510B686F703070307010BA
:1025F0007810781078307831781178117811781057
:102600007830783078117811781178117811781144
:102610007811781178117811781178117811781172
:102620007811781178117811781178117811781162
:102630007811781178117811781178117811781152
:102640007811781078307830781078107811781107
:10265000781170107030703070107050602E608D76
:102660008A52FE3FFF7FFF9FE57D927470F0602FDE
:102670007050703078108031781078107811803177
:10268000781178317810783070107030687060AEE2
:1026900048CB410B286A204A200B202B202B202BD3
:1026A000200B202C202C202C202C202C202C202CEB
:1026B000202C202C200C200C200C200C200C200C7A
:1026C000200C200C200C200C200C200C200C200CAA
:1026D000200C200C200C200C200C200C200C200C9A
:1026E000200C200C200C200C200C200C200C200C8A
:1026F000200C200C200C200C200C200C200C200C7A
:10270000200C200C200C200C200C200C200C200C69
:10271000200C200C200C200C200C200C200C200C59
:10272000200C200C200C200C200C200C200C200C49
:10273000200C200C200C200C200C200C200C200C39
:10274000200C200C200C200C200C200C200C200C29
:10275000200C200C200C200C200C200C200C200C19
:10276000200C200C200C200C200C200C200C200C09
:10277000200C200C200C200C200C200C200C200CF9
:10278000200C200C200C200C200C200C200C200CE9
:10279000200C200C200C200C200C200C200C200CD9
:1027A000200C200C200B200B200C200C200B200BCD
:1027B000200C200C200C202C200C202B182B184A2D
:1027C000310931494149510B686F703070107831CF
:1027D0007810781078307811781178117811781095
:1027E0007810783178117811781178117811781182
:1027F0007811781178117811781178117811781191
:102800007811781178117811781178117811781180
:102810007811781178117811781178117811781170
:102820007811781178107810781078107811781164
:102830007010703070307851781178117030682EC7
:1028400068CEAB75FE9FFF5FFF7FF63F92B460AE30
:10285000604E682F703078107810781078117811E9
:1028600080327811781078307030684F608E58ED73
:10287000490B38EA204A202B200B202B202B202B21
:10288000200B200C200C202C202C202C202C202C49
:10289000202C202C202C202C202C202C202C202CD8
:1028A000202C202C202C202C202C202C202C202CC8
:1028B000202C202C202C202C202C202C202C202CB8
:1028C000202C202C202C202C202C202C202C202CA8
:1028D000202C202C202C202C202C202C202C202C98
:1028E000202C202C202C202C202C202C202C202C88
:1028F000202C202C202C202C202C202C202C202C78
:10290000202C202C202C202C202C202C202C202C67
:10291000202C202C202C202C202C202C202C202C57
:10292000202C202C202C202C202C202C202C202C47
:10293000202C202C202C202C202C202C202C202C37
:10294000202C202C202C202C202C202C202C202C27
:10295000202C202C202C202C202C202C202C202C17
:10296000202C202C202C202C202C202C202C202C07
:10297000202C202C202C202C202C202C202C202CF7
:10298000202C202C202C202C202C202C202C202CE7
:10299000202C202C200C200C202C202B182B184A0B
:1029A000310A31494129510B686F7030701078310C
:1029B0007831783178107811781178117811781190
:1029C00078117811781178117811781178117811BF
:1029D00078117811781178117811781178117811AF
:1029E000781178117811781178117811781178119F
:1029F000781178117811781178117811781178118F
:102A0000781178117811781178117811781178117E
:102A100078317031701070117011783178317030F8
:102A2000682E71109AD4CD1AFF3FFF7FF67FB4173E
:102A3000612D608D604E705070307810781070107D
:102A40007831781178107830704F686E50AC490C3E
:102A5000392B28AA202A180B180B202B202B200BEF
:102A6000200C200C200C202C202C202C202C202C66
:102A7000202C202C202C202C202C202C202C202CF6
:102A8000202C202C202C202C202C202C202C202CE6
:102A9000202C202C202C202C202C202C202C202CD6
:102AA000202C202C202C202C202C202C202C202CC6
:102AB000202C202C202C202C202C202C202C202CB6
:102AC000202C202C202C202C202C202C202C202CA6
:102AD000202C202C202C202C202C202C202C202C96
:102AE000202C202C202C202C202C202C202C202C86
:102AF000202C202C202C202C202C202C202C202C76
:102B0000202C202C202C202C202C202C202C202C65
:102B1000202C202C202C202C202C202C202C202C55
:102B2000202C202C202C202C202C202C202C202C45
:102B3000202C202C202C202C202C202C202C202C35
:102B4000202C202C202C202C202C202C202C202C25
:102B5000202C202C202C202C202C202C202C202C15
:102B6000202C202C202C202C200C200C202C202C45
:102B7000202C200C200C202C202C202B182B184A29
:102B8000310A31494129510B686F7030701078312A
:102B900078317811781178117811781178117811CD
:102BA00078117811781178117811781178117811DD
:102BB00078117811781178117811781178117811CD
:102BC00078117811781178117811781178117811BD
:102BD00078117811781178117811781178117811AD
:102BE000781178117811781178117811781178119D
:102BF00078317831783178117811783170107830F7
:102C00007830684F584D692EB3D7FEBFFF9FFF9FA6
:102C1000FE7FAB967150688F682F70507851783076
:102C20007830701078107830704F608D48EB412B01
:102C300030EA1849182B202C202C202B202C202C5B
:102C4000200C200C200C202C202C202C202C202C84
:102C5000202C202C202C202C202C202C202C202C14
:102C6000202C202C202C202C202C202C202C202C04
:102C7000202C202C202C202C202C202C202C202CF4
:102C8000202C202C202C202C202C202C202C202CE4
:102C9000202C202C202C202C202C202C202C202CD4
:102CA000202C202C202C202C202C202C202C202CC4
:102CB000202C202C202C202C202C202C202C202CB4
:102CC000202C202C202C202C202C202C202C202CA4
:102CD000202C202C202C202C202C202C202C202C94
:102CE000202C202C202C202C202C202C202C202C84
:102CF000202C202C202C202C202C202C202C202C74
:102D0000202C202C202C202C202C202C202C202C63
:102D1000202C202C202C202C202C202C202C202C53
:102D2000202C202C202C202C202C202C202C202C43
:102D3000202C202C202C202C202C202C202C202C33
:102D4000202C202C202C202C202C202C202C202C23
:102D5000202C202C200C202C202C202C182B184A26
:102D6000310A31494149510B686F70307011781147
:102D7000781178117811781178117811781178110B
:102D800078117811781178117811781178117811FB
:102D900078117811781178117811781178117811EB
:102DA00078117811781178117811781178117811DB
:102DB00078117811781178117811781178117811CB
:102DC00078117811781178117811781178117811BB
:102DD000783178117811801278117811781070108C
:102DE00070107030680F684F608EAB36F63FFF5F33
:102DF000FF9FFF7FE57DB377897368307010701097
:102E00007830785070107050688E58CD492B390A40
:102E1000208A182A202B202C202C182C202C202C07
:102E2000200C200C200C202C202C202C202C202CA2
:102E3000202C202C202C202C202C202C202C202C32
:102E4000202C202C202C202C202C202C202C202C22
:102E5000202C202C202C202C202C202C202C202C12
:102E6000202C202C202C202C202C202C202C202C02
:102E7000202C202C202C202C202C202C202C202CF2
:102E8000202C202C202C202C202C202C202C202CE2
:102E9000202C202C202C202C202C202C202C202CD2
:102EA000202C202C202C202C202C202C202C202CC2
:102EB000202C202C202C202C202C202C202C202CB2
:102EC000202C202C202C202C202C202C202C202CA2
:102ED000202C202C202C202C202C202C202C202C92
:102EE000202C202C202C202C202C202C202C202C82
:102EF000202C202C202C202C202C202C202C202C72
:102F0000202C202C202C202C202C202C202C202C61
:102F1000202C202C202C202C202C202C202C202C51
:102F2000202C202C202C202C200C200C202C202C81
:102F3000202C200C200C202C202C202B182B184A65
:102F4000310A31494149510B688F70317011781144
:102F50007811781178117811781178117811781129
:102F60007811781178117811781178117811781119
:102F70007811781178117811781178117811781109
:102F800078117811781178117811781178117811F9
:102F900078117811781178117811781178117811E9
:102FA00078117811781178117811781178117811D9
:102FB000781178117811781178117831783178108A
:102FC0007831783170117030682F68AFB397F63F61
:102FD000FF3FFFBFFF7FFE9FCBBB683070117811B2
:102FE0007030700F7030707060AE48EC412B28CAA2
:102FF000204A202B200B202C202C182C180C200CC5
:10300000200C200C200C200C200C200C200C200C60
:10301000200C200C200C200C200C200C200C200C50
:10302000200C200C200C200C200C200C200C200C40
:10303000200C200C200C200C200C200C200C200C30
:10304000200C200C200C200C200C200C200C200C20
:10305000200C200C200C200C200C200C200C200C10
:10306000200C200C200C200C200C200C200C200C00
:10307000200C200C200C200C200C200C200C200CF0
:10308000200C200C200C200C200C200C200C200CE0
:10309000200C200C200C200C200C200C200C200CD0
:1030A000200C200C200C200C200C200C200C200CC0
:1030B000200C200C200C200C200C200C200C200CB0
:1030C000200C200C200C200C200C200C200C200CA0
:1030D000200C200C200C200C200C200C200C200C90
:1030E000200C200C200C200C200C200C200C200C80
:1030F000200C200C200C200C200C200C200C200C70
:10310000200C200C200C200C200C200C200C200C5F
:10311000200C200C200C202C202C202C182B184AA2
:10312000310A31494149510B686F70317031781162
:103130007811781178117811781178117811781147
:103140007811781178117811781178117811781137
:103150007811781178117811781178117811781127
:103160007811781178117811781178117811781117
:103170007811781178117811781178117811781107
:10318000781178117811781178317030703078308A
:103190007810781180317811783178317011781188
:1031A00078327011703170307851701078D092533D
:1031B000D53AFF7FFF9FFF7FCC1B684F78117812B5
:1031C000783170307050608F50ED410B30EA208ABA
:1031D000202B202C200C200C200C202C202C202CF0
:1031E000200C200C200C200C200C200C200C200C7F
:1031F000200C200C200C200C200C200C200C200C6F
:10320000200C200C200C200C200C200C200C200C5E
:10321000200C200C200C200C200C200C200C200C4E
:10322000200C200C200C200C200C200C200C200C3E
:10323000200C200C200C200C200C200C200C200C2E
:10324000200C200C200C200C200C200C200C200C1E
:10325000200C200C200C200C200C200C200C200C0E
:10326000200C200C200C200C200C200C200C200CFE
:10327000200C200C200C200C200C200C200C200CEE
:10328000200C200C200C200C200C200C200C200CDE
:10329000200C200C200C200C200C200C200C200CCE
:1032A000200C200C200C200C200C200C200C200CBE
:1032B000200C200C200C200C200C200C200C200CAE
:1032C000200C200C200C200C200C200C200C200C9E
:1032D000200C200C200C200C200C200C200C200C8E
:1032E000200C202C202C202C200C200C202C202CDE
:1032F000202C200C200C202C202C202C182B184AA1
:10330000310A31494149510B686F70317831781178
:103310007811781178117811781178117811781165
:103320007811781178117811781178117811781155
:103330007811781178117811781178117811781145
:103340007811781178117811781178117811781135
:103350007811781178117811781178117811781125
:1033600078117811781178117830703078307830A1
:1033700078117811781078317831701178117832AD
:103380007811783170307031781178127010602EA9
:10339000694EC479FE9FE53D89D3682F7831781155
:1033A00078117050608F50CE490C390B2089182A43
:1033B000202B200C282C200C200C202C204C202CE6
:1033C000202C202C202C202C202C202C202C202C9D
:1033D000202C202C202C202C202C202C202C202C8D
:1033E000202C202C202C202C202C202C202C202C7D
:1033F000202C202C202C202C202C202C202C202C6D
:10340000202C202C202C202C202C202C202C202C5C
:10341000202C202C202C202C202C202C202C202C4C
:10342000202C202C202C202C202C202C202C202C3C
:10343000202C202C202C202C202C202C202C202C2C
:10344000202C202C202C202C202C202C202C202C1C
:10345000202C202C202C202C202C202C202C202C0C
:10346000202C202C202C202C202C202C202C202CFC
:10347000202C202C202C202C202C202C202C202CEC
:10348000202C202C202C202C202C202C202C202CDC
:10349000202C202C202C202C202C202C202C202CCC
:1034A000202C202C202C202C202C202C202C202CBC
:1034B000202C202C202C202C202C202C202C202CAC
:1034C000202C202C202C202C202C202C202C202C9C
:1034D000202C202C200C202C200C202C202B184AB7
:1034E000310A31494149510B686F703178117811B7
:1034F0007811781178117811781178117811781184
:103500007811781178117811781178117811781173
:103510007811781178117811781178117811781163
:1035200078117811781278117831783178317831D2
:1035300078117812781278127811783178317831E0
:103540007811781178317011703170107811801104
:1035500078117811783178317812781178127811E1
:1035600070117831703070317811781278117031B3
:10357000684F686E91B391937050703170317031B3
:103580007830686F50CD492C38EB288A204A202BA0
:10359000202C202C202C202C202C202C202C202CCB
:1035A000202C202C202C202C202C202C202C202CBB
:1035B000202C202C202C202C202C202C202C202CAB
:1035C000202C202C202C202C202C202C202C202C9B
:1035D000202C202C202C202C202C202C202C202C8B
:1035E000202C202C202C202C202C202C202C202C7B
:1035F000202C202C202C202C202C202C202C202C6B
:10360000202C202C202C202C202C202C202C202C5A
:10361000202C202C202C202C202C202C202C202C4A
:10362000202C202C202C202C202C202C202C202C3A
:10363000202C202C202C202C202C202C202C202C2A
:10364000202C202C202C202C202C202C202C202C1A
:10365000202C202C202C202C202C202C202C202C0A
:10366000202C202C202C202C202C202C202C202CFA
:10367000202C202C202C202C202C202C202C202CEA
:10368000202C202C202C202C202C202C202C202CDA
:10369000202C202C202C202C202C202C202C202CCA
:1036A000202C202C202C202C202C202C202C202CBA
:1036B000202C202C202C202C200C200C202C204ACC
:1036C000290931694149510B688F7031781178119E
:1036D0007811781178317811781178127811783161
:1036E0007811781178117811781178117811781192
:1036F0007811781178117811781178117811781182
:1037000078117811781278127831783178317831EF
:1037100078127812781278117831783178317831DE
:10372000781178117831703178517851703070108B
:103730007030701070117011781278127811781141
:1037400078317831703078317811781278127811B8
:103750007831703070307851701070117031705055
:10376000704F60AE492C394B30CB286A202A202B71
:10377000202C200C202C202C202C202C202C202C09
:10378000202C202C202C202C202C202C202C202CD9
:10379000202C202C202C202C202C202C202C202CC9
:1037A000202C202C202C202C202C202C202C202CB9
:1037B000202C202C202C202C202C202C202C202CA9
:1037C000202C202C202C202C202C202C202C202C99
:1037D000202C202C202C202C202C202C202C202C89
:1037E000202C202C202C202C202C202C202C202C79
:1037F000202C202C202C202C202C202C202C202C69
:10380000202C202C202C202C202C202C202C202C58
:10381000202C202C202C202C202C202C202C202C48
:10382000202C202C202C202C202C202C202C202C38
:10383000202C202C202C202C202C202C202C202C28
:10384000202C202C202C202C202C202C202C202C18
:10385000202C202C202C202C202C202C202C202C08
:10386000202C202C202C202C202C202C202C202CF8
:10387000202C202C202C202C202C202C202C202CE8
:10388000202C202C202C202C202C202C202C202CD8
:10389000202C202C202C202C200C200C202C204AEA
:1038A000290A31694149510B688F703178117811BB
:1038B000781178117831781178117812781178317F
:1038C00078117811781178117811781178117811B0
:1038D00078117811781178117811781178117811A0
:1038E000781178117812781178317831783178310F
:1038F000781178127811781178317831783178111F
:1039000078117811701170316830BAD99A14606DDD
:10391000604E70707831783278117011783178316A
:103920007831701078317811781178127811781117
:103930007031703170107030783178317031705072
:10394000608E58CD492C390B288A204A202B202CF8
:10395000202C200C202C202C202C202C202C202C27
:10396000202C202C202C202C202C202C202C202CF7
:10397000202C202C202C202C202C202C202C202CE7
:10398000202C202C202C202C202C202C202C202CD7
:10399000202C202C202C202C202C202C202C202CC7
:1039A000202C202C202C202C202C202C202C202CB7
:1039B000202C202C202C202C202C202C202C202CA7
:1039C000202C202C202C202C202C202C202C202C97
:1039D000202C202C202C202C202C202C202C202C87
:1039E000202C202C202C202C202C202C202C202C77
:1039F000202C202C202C202C202C202C202C202C67
:103A0000202C202C202C202C202C202C202C202C56
:103A1000202C202C202C202C202C202C202C202C46
:103A2000202C202C202C202C202C202C202C202C36
:103A3000202C202C202C202C202C202C202C202C26
:103A4000202C202C202C202C202C202C202C202C16
:103A5000202C202C202C202C202C202C202C202C06
:103A6000202C202C202C202C202C202C202C202CF6
:103A7000202C202C202C202C200C200C202C204A08
:103A8000290A31694149510B688F703178117811D9
:103A900078117811781178117811781178117811DE
:103AA00078117811781178117811781178117811CE
:103AB00078117811781178117811781178117811BE
:103AC0007811781178127811783178317031783135
:103AD000781178117811783178317831783178111E
:103AE00078127812783178517050C37AFE7FDCFCFE
:103AF00081B1604E70307010783178317851781122
:103B00007011783278317811781178127811781133
:103B10007031703170517031783178117030686F58
:103B200058CE48EC38EB30AA204A202A202B202CF3
:103B3000202C202D202C202C202C202C202C202C24
:103B4000202C202C202C202C202C202C202C202C15
:103B5000202C202C202C202C202C202C202C202C05
:103B6000202C202C202C202C202C202C202C202CF5
:103B7000202C202C202C202C202C202C202C202CE5
:103B8000202C202C202C202C202C202C202C202CD5
:103B9000202C202C202C202C202C202C202C202CC5
:103BA000202C202C202C202C202C202C202C202CB5
:103BB000202C202C202C202C202C202C202C202CA5
:103BC000202C202C202C202C202C202C202C202C95
:103BD000202C202C202C202C202C202C202C202C85
:103BE000202C202C202C202C202C202C202C202C75
:103BF000202C202C202C202C202C202C202C202C65
:103C0000202C202C202C202C202C202C202C202C54
:103C1000202C202C202C202C202C202C202C202C44
:103C2000202C202C202C202C202C202C202C202C34
:103C3000202C202C202C202C202C202C202C202C24
:103C4000202C202C202C202C202C202C202C202C14
:103C5000202C202C202C202C200C200C202C204A26
:103C6000290A31694149510B688F703178117811F7
:103C700078117811783178117811781278117831BB
:103C800078117811781178117811781178117811EC
:103C900078117811781178117811781178117811DC
:103CA0007811781178127812783178317031783152
:103CB000783178117811781178317831783178113C
:103CC0007812781278117010707070D0B377FE1F70
:103CD000F5BFA2F570F0680F78317811781078315F
:103CE000781280327811781178127812781278115F
:103CF0007031703170317011781170117070608E88
:103D0000512D38EB286A204A202A200B202C200C29
:103D1000202D202D200C200C200C200C200C200C01
:103D2000200C200C200C200C200C200C200C200C33
:103D3000200C200C200C200C200C200C200C200C23
:103D4000200C200C200C200C200C200C200C200C13
:103D5000200C200C200C200C200C200C200C200C03
:103D6000200C200C200C200C200C200C200C200CF3
:103D7000200C200C200C200C200C200C200C200CE3
:103D8000200C200C200C200C200C200C200C200CD3
:103D9000200C200C200C200C200C200C200C200CC3
:103DA000200C200C200C200C200C200C200C200CB3
:103DB000200C200C200C200C200C200C200C200CA3
:103DC000200C200C200C200C200C200C200C200C93
:103DD000200C200C200C200C200C200C200C200C83
:103DE000200C200C200C200C200C200C200C200C73
:103DF000200C200C200C200C200C200C200C200C63
:103E0000200C200C200C200C200C200C200C200C52
:103E1000200C200C200C200C200C200C200C200C42
:103E2000200C200C202C202C200C200C200C200CF2
:103E3000200C200C202C202C200C200C202C204A84
:103E4000290A31694149510B688F70317811781214
:103E50007812781178117811781178117811781119
:103E6000781178117811781178117811781178110A
:103E700078117811781178117811781178117811FA
:103E80007811781178127812783178317831783168
:103E90007811781178117811783178317831781279
:103EA00078127812781178317030684F586DA315F8
:103EB000FEDFFE1F9253606D682F785178317811C4
:103EC00078127812781178117812781278127812A4
:103ED00078117831701178317831705068AF50AC0A
:103EE000492C30CA202A202B202B202C202C200CBF
:103EF000200D202D200C200C200C200C200C200C40
:103F0000200C200C200C200C200C200C200C200C51
:103F1000200C200C200C200C200C200C200C200C41
:103F2000200C200C200C200C200C200C200C200C31
:103F3000200C200C200C200C200C200C200C200C21
:103F4000200C200C200C200C200C200C200C200C11
:103F5000200C200C200C200C200C200C200C200C01
:103F6000200C200C200C200C200C200C200C200CF1
:103F7000200C200C200C200C200C200C200C200CE1
:103F8000200C200C200C200C200C200C200C200CD1
:103F9000200C200C200C200C200C200C200C200CC1
:103FA000200C200C200C200C200C200C200C200CB1
:103FB000200C200C200C200C200C200C200C200CA1
:103FC000200C200C200C200C200C200C200C200C91
:103FD000200C200C200C200C200C200C200C200C81
:103FE000200C200C200C200C200C200C200C200C71
:103FF000200C200C200C200C200C200C200C200C61
:10400000200C200C200C200C200C200C200C200C50
:10401000200C200C200C202C200C200C202C184ACA
:10402000290A31694149510B688F70317811781232
:104030007812781178117811781278127811781135
:104040007811781178117811781178117811781128
:104050007811781178117811781178117811781118
:1040600078117811781278127811783178117811E6
:1040700078127812781178117811781178117812F5
:10408000781278127811781178517030684F795120
:10409000DD1DFEFFE59D9AF468AE682E7050783104
:1040A00078127812781178117812781278127812C2
:1040B00078117811781170317050608F58CD48ECBC
:1040C00038EB28AA202B202B202C202C202D200D53
:1040D000200D202D200C200C200C200C200C200C5E
:1040E000200C200C200C200C200C200C200C200C70
:1040F000200C200C200C200C200C200C200C200C60
:10410000200C200C200C200C200C200C200C200C4F
:10411000200C200C200C200C200C200C200C200C3F
:10412000200C200C200C200C200C200C200C200C2F
:10413000200C200C200C200C200C200C200C200C1F
:10414000200C200C200C200C200C200C200C200C0F
:10415000200C200C200C200C200C200C200C200CFF
:10416000200C200C200C200C200C200C200C200CEF
:10417000200C200C200C200C200C200C200C200CDF
:10418000200C200C200C200C200C200C200C200CCF
:10419000200C200C200C200C200C200C200C200CBF
:1041A000200C200C200C200C200C200C200C200CAF
:1041B000200C200C200C200C200C200C200C200C9F
:1041C000200C200C200C200C200C200C200C200C8F
:1041D000200C200C200C200C200C200C200C200C7F
:1041E000200C200C200C200C200C200C200C200C6F
:1041F000200C200C200C202C200C200C202C184AE9
:10420000292A31694149510C688F7031781178122F
:104210007812781278117811781278127812781151
:104220007812781278127811781178117811781143
:104230007811781178117811781178117811781136
:104240007811781278127832781278117811781102
:10425000781278127812781278127812781278120E
:104260007811781178117811781170317031684FA8
:104270007991DCFCFF1FFF1FCC7A7150604E7050AB
:1042800078527812781278117811781178127812A1
:10429000781178117831703068AF58AD490C412CE5
:1042A000288A202A202B202C200C200C200C200DCA
:1042B000200D200D200C200C200C200C200C200C9C
:1042C000200C200C200C200C200C200C200C200C8E
:1042D000200C200C200C200C200C200C200C200C7E
:1042E000200C200C200C200C200C200C200C200C6E
:1042F000200C200C200C200C200C200C200C200C5E
:10430000200C200C200C200C200C200C200C200C4D
:10431000200C200C200C200C200C200C200C200C3D
:10432000200C200C200C200C200C200C200C200C2D
:10433000200C200C200C200C200C200C200C200C1D
:10434000200C200C200C200C200C200C200C200C0D
:10435000200C200C200C200C200C200C200C200CFD
:10436000200C200C200C200C200C200C200C200CED
:10437000200C200C200C200C200C200C200C200CDD
:10438000200C200C200C200C200C200C200C200CCD
:10439000200C200C200C200C200C200C200C200CBD
:1043A000200C200C200C200C200C200C200C200CAD
:1043B000200C200C200C200C200C200C200C200C9D
:1043C000200C200C200C200C200C200C200C200C8D
:1043D000200D200D200C202C200C200C202C184A05
:1043E000292A31694129510C688F78317812781265
:1043F00078127832783278327812781278327832CD
:10440000783278127832783278327832783278327C
:10441000783278327832783278327832783278324C
:104420007832783278327832783278128032781175
:1044300078127812781278137833781278128052C2
:1044400078117811781180328012781278526830A1
:1044500068707951D47BFE7FFF5FDD5B8A32608EAE
:104460006850785278327832783278117811781230
:10447000781278127031689058CD48EB410B30AA11
:10448000204A202B200C200C200C200D200D200D6C
:10449000200D200C200C202C202C202C200C200C5B
:1044A000200C200C200C200C200C200C200C200CAC
:1044B000200C200C200C200C200C200C200C200C9C
:1044C000200C200C200C200C200C200C200C200C8C
:1044D000200C200C200C200C200C200C200C200C7C
:1044E000200C200C200C200C200C200C200C200C6C
:1044F000200C200C200C200C200C200C200C200C5C
:10450000200C200C200C200C200C200C200C200C4B
:10451000200C200C200C200C200C200C200C200C3B
:10452000200C200C200C200C200C200C200C200C2B
:10453000200C200C200C200C200C200C200C200C1B
:10454000200C200C200C200C200C200C200C200C0B
:10455000200C200C200C200C200C200C200C200CFB
:10456000200C200C200C200C200C200C200C200CEB
:10457000200C200C200C200C200C200C200C200CDB
:10458000200C200C200C200C200C200C200C200CCB
:10459000200C200C200C200C200C200C200C200CBB
:1045A000200C200D200C200C200C200C200C200CAA
:1045B000200D200D202C200C200C202C202C204AFB
:1045C000290931694129510C688F783178127812A4
:1045D00078127832783278327812781278327832EB
:1045E000783278127812781278127812781278125B
:1045F000781278127812781278127812781278126B
:1046000078127832703278327832781178118032BC
:1046100078127812783378127833783378127812E7
:10462000783178317831803278127812783270119E
:10463000701070908192CC3AFF5FFF3FBC787A1186
:1046400068D068307031783278317811781178110B
:1046500078127832707060AE50EC410B30CA204A4C
:10466000202B202C202C200D200D200D200D200D86
:10467000200D200C200C200C200C200C200C200CD9
:10468000200C200C200C200D200D200D200D200DC5
:10469000200D200D200D200D200D200D200D200DB2
:1046A000200D200D200D200D200D200D200D200DA2
:1046B000200D200D200D200D200D200D200D200D92
:1046C000200D200D200C200C200C200C200C200C88
:1046D000200C200C200C200C200C200C200C200C7A
:1046E000200C200C200D200D200D200D200D200D64
:1046F000200D200D200D200D200D200D200D200D52
:10470000200D200D200C200C200C200C200C200C47
:10471000200C200C200D200D200D200D200D200D33
:10472000200D200D200C200C200C200C200C200C27
:10473000200C200C200C200C200C200C200C200C19
:10474000200C200C200C200C200C200C200C200C09
:10475000200C200C200D200D200D200D200D200DF3
:10476000200D200D200D200D200D200D200D200DE1
:10477000200D200D200C200C200C200C200C200CD7
:10478000200C200C202D202D200C200C200C200C87
:10479000200D200D202C200C200C202C202C204A19
:1047A000290931694129510C688F783178127812C2
:1047B0007812783278327832781278127832783209
:1047C0007812781278127812781278127812781299
:1047D0007812781278127812781278127812781289
:1047E0007812783278327012783278127812801219
:1047F000781278117832701270127812783278321A
:10480000783178517831783278127812783278327B
:1048100078117011682FA2B6FE5FFF9FFF1FDD9C0D
:104820009AD6686F703178327831781178117812B1
:104830007832707060AE50CC490B38EB286A202B70
:10484000202C202C200D200D200D200D200D200DC2
:10485000200D200C200C200C200C200C200C200CF7
:10486000200C200C200C200D200D200D200D200DE3
:10487000200D200D200D200D200D200D200D200DD0
:10488000200D200D200D200D200D200D200D200DC0
:10489000200D200D200D200D200D200D200D200DB0
:1048A000200D200D200D200D200D200D200D200DA0
:1048B000200D200D200D200D200D200D200D200D90
:1048C000200D200D200D200D200D200D200D200D80
:1048D000200D200D200D200D200D200D200D200D70
:1048E000200D200D200D200D200D200D200D200D60
:1048F000200D200D200D200D200D200D200D200D50
:10490000200D200D200D200D200D200D200D200D3F
:10491000200D200D200C200C200C200C200C200C35
:10492000200C200C200D200D200D200D200D200D21
:10493000200D200D200D200D200D200D200D200D0F
:10494000200D200D200D200D200D200D200D200DFF
:10495000200D200D200D200D200D200D200D200DEF
:10496000200D200D202D202D200C200C200C200CA3
:10497000200D200D202C200C200C200C202C204A57
:1049800029093169412A510C6890783278127812DD
:104990007812781278327832781278127812783267
:1049A00078127812781278127812781278127812B7
:1049B00078127812781278127812781278127812A7
:1049C00078127832783270127832803280327811F0
:1049D0007831701170107031785278327812781105
:1049E000701178117031783178127812781278322B
:1049F000783278127011686F9AF4F65FFFBFFF7F0C
:104A0000FE9FAAB8683078317831783178127831E1
:104A10007051608F50ED490B38EB28AB202B202CC8
:104A2000202C202C200D200D200D200D200D200DE0
:104A3000200D200D202D202D202D202D202D202C4F
:104A4000202C202D200D200D200D200D200D200DBF
:104A5000200D200D200D200D200D200D200D200DEE
:104A6000200D200D200D200D200D200D200D200DDE
:104A7000200D200D200D200D200D200D200D200DCE
:104A8000200D200D202D202D202D202D202D202DFE
:104A9000202D202D202D202D202D202D202D202DAE
:104AA000202D202D200D200D200D200D200D200D5E
:104AB000200D200D200D200D200D200D200D200D8E
:104AC000200D200D202D202D202D202D202D202DBE
:104AD000202D202D200D200D200D200D200D200D2E
:104AE000200D200D202D202D202D202D202D202D9E
:104AF000202D202D200D200D200D200D200D200D0E
:104B0000200D200D202D202D202D202D202D202D7D
:104B1000202D202D200D200D200D200D200D200DED
:104B2000200D200D200D200D200D200D200D200D1D
:104B3000200D200D202D202D202D202D202D202D4D
:104B4000202D202D202D202D200C200C200C200D80
:104B5000200D200D202D200C202D200C202C204A53
:104B600029093169412A510C6890783278127812FB
:104B70007812781278327832781278127812783285
:104B800078127812781278127812781278127812D5
:104B900078127812781278127812781278127812C5
:104BA0007812783278327832781278127832781136
:104BB00070519195895370707050703170117832C6
:104BC0007812781278327831783178127811781238
:104BD0007832783278327030606E9AF5F65FFF1F67
:104BE000FDBF91F4683078117831783170327051AE
:104BF000608F50CD490B390B288B202B200C202D9A
:104C0000202C202C202D200D200D200D200D200DDE
:104C1000200D200D200D200D200D200D200D200C2D
:104C2000200C200C200D200D200D200D200D200D1E
:104C3000200D200D200D200D200D200D200D200D0C
:104C4000200D200D200D200D200D200D200D200DFC
:104C5000200D200D200D200D200D200D200D200DEC
:104C6000200D200D200D200D200D200D200D200DDC
:104C7000200D200D200D200D200D200D200D200DCC
:104C8000200D200D200D200D200D200D200D200DBC
:104C9000200D200D200D200D200D200D200D200DAC
:104CA000200D200D200D200D200D200D200D200D9C
:104CB000200D200D200D200D200D200D200D200D8C
:104CC000200D200D200D200D200D200D200D200D7C
:104CD000200D200D200D200D200D200D200D200D6C
:104CE000200D200D200D200D200D200D200D200D5C
:104CF000200D200D200D200D200D200D200D200D4C
:104D0000200D200D200D200D200D200D200D200D3B
:104D1000200D200D200D200D200D200D200D200D2B
:104D2000200D200D202D202D200D200C200C200DDD
:104D3000200D200D202D200D202D200C202C204A70
:104D400029093169412A510C689078327812781219
:104D500078127812783278327812781278127832A3
:104D600078127812781278127812781278127812F3
:104D700078127812781278127812781278127812E3
:104D8000781278127832781278127812781270319C
:104D90007071DBFDCBDC8172684F7050703178121E
:104DA0007812781378327812781278327812781272
:104DB0007812781278127831685068AFBBD9FDDF6D
:104DC000BB79686F7030783178327032705168908A
:104DD00058EE490C390B30EB204B200C282D200DC0
:104DE000200C202D202D202D202D202D202D202D7C
:104DF000202D202D202D202D202D202D202D202D4B
:104E0000202D202D202D202D202D202D202D202D3A
:104E1000202D202D202D202D202D202D202D202D2A
:104E2000202D202D202D202D202D202D202D202D1A
:104E3000202D202D202D202D202D202D202D202D0A
:104E4000202D202D202D202D202D202D202D202DFA
:104E5000202D202D202D202D202D202D202D202DEA
:104E6000202D202D202D202D202D202D202D202DDA
:104E7000202D202D202D202D202D202D202D202DCA
:104E8000202D202D202D202D202D202D202D202DBA
:104E9000202D202D202D202D202D202D202D202DAA
:104EA000202D202D202D202D202D202D202D202D9A
:104EB000202D202D202D202D202D202D202D202D8A
:104EC000202D202D202D202D202D202D202D202D7A
:104ED000202D202D202D202D202D202D202D202D6A
:104EE000202D202D202D202D202D202D202D202D5A
:104EF000202D202D202D202D202D202D202D202D4A
:104F0000202D202D202D202D202D280D280D200D89
:104F1000202D202D202D200D200D200C202C204A6E
:104F200029093169412A510C689078327812781237
:104F300078127812783278127812781278127832E1
:104F40007812781278127812781278127812781211
:104F50007812781278127812781278127812781201
:104F600078127812783278127812781378127031B9
:104F70006890CBDBFE1FD43C8992682E701078328B
:104F8000801378137813781380127812783178317F
:104F9000783278128012781270517071815391D5E5
:104FA000893370507831783278327032687060CEE0
:104FB000490C410B30CB208B202B200C202D202D99
:104FC000202D204D202D202D202D202D202D202D59
:104FD000202D202D202D202D202D202D202D202D69
:104FE000282D282D202D202D202D202D202D202D49
:104FF000202D202D202D202D202D202D202D202D49
:10500000202D202D202D202D202D202D202D202D38
:10501000202D202D202D202D202D202D202D202D28
:10502000202D202D202D202D202D202D202D202D18
:10503000202D202D202D202D202D202D202D202D08
:10504000202D202D202D202D202D202D202D202DF8
:10505000202D202D202D202D202D202D202D202DE8
:10506000202D202D202D202D202D202D202D202DD8
:10507000202D202D202D202D202D202D202D202DC8
:10508000202D202D202D202D202D202D202D202DB8
:10509000202D202D202D202D202D202D202D202DA8
:1050A000202D202D202D202D202D202D202D202D98
:1050B000202D202D202D202D202D202D202D202D88
:1050C000202D202D202D202D202D202D202D202D78
:1050D000202D202D202D202D202D202D202D202D68
:1050E000202D202D202D202D202D280D280D200DA8
:1050F000202D202D202D202D282D200C202C204A45
:10510000310A31694129510C68907832781278124D
:10511000781278127812781278127812781278321F
:10512000781278127812781278127812781278122F
:1051300078127812781278127812783278327832BF
:1051400078127812781278128033781278127031CF
:1051500068507911DC9DFE9FE4BD81927050701102
:10516000781378137813801380137812783178319C
:105170007812781278128012781270317031703192
:1051800070317831781178327032687060AE50EDDD
:1051900040EB30CA204A182B202C202D200D202D2A
:1051A000202D202D202D202D202D202D202D202D97
:1051B000202D202D200D200D200D200D200D200D47
:1051C000200D200D202D202D202D202D202D202DB7
:1051D000202D202D202D202D202D202D202D202D67
:1051E000202D202D202D202D202D202D202D202D57
:1051F000202D202D202D202D202D202D202D202D47
:10520000202D202D202D202D202D202D202D202D36
:10521000202D202D202D202D202D202D202D202D26
:10522000202D202D202D202D202D202D202D202D16
:10523000202D202D202D202D202D202D202D202D06
:10524000202D202D202D202D202D202D202D202DF6
:10525000202D202D202D202D202D202D202D202DE6
:10526000202D202D202D202D202D202D202D202DD6
:10527000202D202D202D202D202D202D202D202DC6
:10528000202D202D202D202D202D202D202D202DB6
:10529000202D202D202D202D202D202D202D202DA6
:1052A000202D202D202D202D202D202D202D202D96
:1052B000202D202D202D202D202D202D202D202D86
:1052C000202D202D202D202D202D280D280D200DC6
:1052D000202D202D202D202D282D200D202C204B61
:1052E000310A31694129510B68907832781278126D
:1052F000781278127812781378137813781278125B
:105300007812781278127812781378127812801244
:1053100080128012781278127811783170327032DF
:1053200078137813703278327812781278127812F3
:1053300070326851606F9A95FE3FE4FD89B26870E3
:1053400078327813781278127813781278327832AB
:1053500070127813801378127812781278327032C3
:105360007032783278127852689058AE490C412CDD
:1053700030EB204A202C202C202D200D202D202DFC
:10538000202D202D200D200D200D200D200D200D75
:10539000200D200D200D200D200D200D200D200DA5
:1053A000200D200D200D200D200D200D200D200D95
:1053B000200D200D200D200D200D200D200D200D85
:1053C000200D200D200D200D200D200D200D200D75
:1053D000200D200D200D200D200D200D200D200D65
:1053E000200D200D200D200D200D200D200D200D55
:1053F000200D200D200D200D200D200D200D200D45
:10540000200D200D200D200D200D200D200D200D34
:10541000200D200D200D200D200D200D200D200D24
:10542000200D200D200D200D200D200D200D200D14
:10543000200D200D200D200D200D200D200D200D04
:10544000200D200D200D200D200D200D200D200DF4
:10545000200D200D200D200D200D200D200D200DE4
:10546000200D200D200D200D200D200D200D200DD4
:10547000200D200D200D200D200D200D200D200DC4
:10548000200D200D200D200D200D200D200D200DB4
:10549000200D200D200D200D200D200D200D200DA4
:1054A000200D200D202D200D200D200D200D200D74
:1054B000200D200D200D200D200D200D202C204B27
:1054C000290A31694129510B689078327812781293
:1054D0007812781278137813781378137812781278
:1054E0007813781378127812783378137812801240
:1054F00080128013801378127812783270327032F2
:1055000078137833783278327812781278127812E9
:105510007813703260307131D4BBFEDFBBD881921A
:105520007071701178328053701178337012781264
:1055300080337812801380137813781378327032A6
:10554000783278327832685058AE510D412C310B98
:10555000208B182B202D200D280D200D202D202DE7
:10556000202D200D200D200D200D200D200D200DB3
:10557000200D200D200D200D200D200D200D200DC3
:10558000200D200D200D200D200D200D200D200DB3
:10559000200D200D200D200D200D200D200D200DA3
:1055A000200D200D200D200D200D200D200D200D93
:1055B000200D200D200D200D200D200D200D200D83
:1055C000200D200D200D200D200D200D200D200D73
:1055D000200D200D200D200D200D200D200D200D63
:1055E000200D200D200D200D200D200D200D200D53
:1055F000200D200D200D200D200D200D200D200D43
:10560000200D200D200D200D200D200D200D200D32
:10561000200D200D200D200D200D200D200D200D22
:10562000200D200D200D200D200D200D200D200D12
:10563000200D200D200D200D200D200D200D200D02
:10564000200D200D200D200D200D200D200D200DF2
:10565000200D200D200D200D200D200D200D200DE2
:10566000200D200D200D200D200D200D200D200DD2
:10567000200D200D200D200D200D200D200D200DC2
:10568000200D200D200D200D200D200D200D200DB2
:10569000200D200D200D202D200D200D202C204B25
:1056A000290A31694129510C6890783278127812B0
:1056B0007812781278137813781378137812783276
:1056C0007812781278127812781278127813781289
:1056D0008012801278127813781378337812783326
:1056E0007813781278137813781278127832781247
:1056F0007812781270526890B378FEDFFEBFC459FA
:1057000079516850701178128053701278137813A1
:105710008012781178127812781378137832781210
:1057200078327051709060AE50CD48EC38EB288BD9
:10573000204B202C200D200D200D200D200D200DA4
:10574000200D200D200D200D200D200D200D200DF1
:10575000200D200D200D200D200D200D200D200DE1
:10576000200D200D200D200D200D200D200D200DD1
:10577000200D200D200D200D200D200D200D200DC1
:10578000200D200D200D200D200D200D200D200DB1
:10579000200D200D200D200D200D200D200D200DA1
:1057A000200D200D200D200D200D200D200D200D91
:1057B000200D200D200D200D200D200D200D200D81
:1057C000200D200D200D200D200D200D200D200D71
:1057D000200D200D200D200D200D200D200D200D61
:1057E000200D200D200D200D200D200D200D200D51
:1057F000200D200D200D200D200D200D200D200D41
:10580000200D200D200D200D200D200D200D200D30
:10581000200D200D200D200D200D200D200D200D20
:10582000200D200D200D200D200D200D200D200D10
:10583000200D200D200D200D200D200D200D200D00
:10584000200D200D200D200D200D200D200D200DF0
:10585000200D200D200D200D200D200D200D200DE0
:10586000200D200D202D202D200D280D280D200D80
:10587000200D202D200D202D200D200D202C204B23
:10588000290A31694129510C6890783278127812CE
:105890007812781278127813781378137832783275
:1058A0007832781278127812781278127813781287
:1058B0007812781278337812781378337812781354
:1058C000783378127813801378127812783278321D
:1058D000781278127812703168F0C45AFF3FFF3F97
:1058E000C43A68F0705070317012781378137813DE
:1058F00080127812783278327833783278127832AF
:105900007032687060AE58ED48EC38AB286B204BB5
:10591000202C202D202D200D200D200D200D200DC0
:10592000280E280D200D200D200D200D200D200DFE
:10593000200D200D200D200D200D200D200D200DFF
:10594000200D200D200D200D200D200D200D200DEF
:10595000200D200D200D200D200D200D200D200DDF
:10596000200D200D200D200D200D200D200D200DCF
:10597000200D200D200D200D200D200D200D200DBF
:10598000200D200D200D200D200D200D200D200DAF
:10599000200D200D200D200D200D200D200D200D9F
:1059A000200D200D200D200D200D200D200D200D8F
:1059B000200D200D200D200D200D200D200D200D7F
:1059C000200D200D200D200D200D200D200D200D6F
:1059D000200D200D200D200D200D200D200D200D5F
:1059E000200D200D200D200D200D200D200D200D4F
:1059F000200D200D200D200D200D200D200D200D3F
:105A0000200D200D200D200D200D200D200D200D2E
:105A1000200D200D200D200D200D200D200D200D1E
:105A2000200D200D200D200D200D200D200D200D0E
:105A3000200D200D200D200D200D200D200D200DFE
:105A4000200D202D202D202D200D280D280D200D7E
:105A5000200D202D202D202D200D202D202C204B01
:105A6000290A31694129510C68707832781278120C
:105A700078327832783278337813783378327832F3
:105A80007832783278127812781378137833783243
:105A90007832783278337012701278338013801332
:105AA0007812783380138013781278327832783213
:105AB0007813781378127852602F68EFC47AFEDF7B
:105AC000FF3FBC1868CF602F705278337812801374
:105AD00080337813783378337832781278327031B3
:105AE000687060AF48EC410B38CB286B202B202C22
:105AF000202D200D200D200D200D200D200D200D1E
:105B0000280D280D200D200D200D200D200D200D1D
:105B1000200D200D200D200D200D200D200D200D1D
:105B2000200D200D200D200D200D200D200D200D0D
:105B3000200D200D200D200D200D200D200D200DFD
:105B4000200D200D200D200D200D200D200D200DED
:105B5000200D200D200D200D200D200D200D200DDD
:105B6000200D200D200D200D200D200D200D200DCD
:105B7000200D200D200D200D200D200D200D200DBD
:105B8000200D200D200D200D200D200D200D200DAD
:105B9000200D200D200D200D200D200D200D200D9D
:105BA000200D200D200D200D200D200D200D200D8D
:105BB000200D200D200D200D200D200D200D200D7D
:105BC000200D200D200D200D200D200D200D200D6D
:105BD000200D200D200D200D200D200D200D200D5D
:105BE000200D200D200D200D200D200D200D200D4D
:105BF000200D200D200D200D200D200D200D200D3D
:105C0000200D200D200D200D200D200D200D200D2C
:105C1000200D200D200D200D200D200D200D200D1C
:105C2000200D202D202D202D200D280D280D200D9C
:105C3000200D202D202D202D200D202D202C204B1F
:105C4000290A3169412A50EC689178337812781228
:105C50007832783278327833781378137832783231
:105C60007832783378327813781378137832783240
:105C700078337833701278537052705278117812EA
:105C80007812783380138013781278327832783330
:105C900078137813781278127031687079B2CC9AD0
:105CA000FF3FFF3F92D4608E6850701180328012A7
:105CB000781378137833783378127832785170907B
:105CC00060AF50ED492C390B28AB204B202C202DF8
:105CD000200D280D200D200D202D202D200E200D13
:105CE000280D280D282D202D202D202D202D202D74
:105CF000202D202D202D202D202D202D202D202D3C
:105D0000202D202D202D202D202D202D202D202D2B
:105D1000202D202D202D202D202D202D202D202D1B
:105D2000202D202D202D202D202D202D202D202D0B
:105D3000202D202D202D202D202D202D202D202DFB
:105D4000202D202D202D202D202D202D202D202DEB
:105D5000202D202D202D202D202D202D202D202DDB
:105D6000202D202D202D202D202D202D202D202DCB
:105D7000202D202D202D202D202D202D202D202DBB
:105D8000202D202D202D202D202D202D202D202DAB
:105D9000202D202D202D202D202D202D202D202D9B
:105DA000202D202D202D202D202D202D202D202D8B
:105DB000202D202D202D202D202D202D202D202D7B
:105DC000202D202D202D202D202D202D202D202D6B
:105DD000202D202D202D202D202D202D202D202D5B
:105DE000202D202D202D202D202D202D202D202D4B
:105DF000202D202D202D202D202D202D202D202D3B
:105E0000202D202D202D202D282D282D282D282D0A
:105E1000202E202E202D202D200D202D202C204B1B
:105E2000290A3169412A50EC689178337813783324
:105E3000783278327833783378137813783278324E
:105E400078137813781378137813781378127812FC
:105E500078137813701370528954A21678917030A9
:105E600070117833781378137812783278127813A7
:105E70007813781278327832783278327071A2D60C
:105E8000FEDFFF9FEE3EAB9668D0703180537812F4
:105E9000781278337813781378137032709060CF5B
:105EA00050ED410C390C28CC206B202C202D202DBE
:105EB000282D282D282D202D202E202E202E202D5F
:105EC000282D282D282D202D202D202D202D202D52
:105ED000202D202D202D202D202D202D202D202D5A
:105EE000202D202D202D202D202D202D202D202D4A
:105EF000202D202D202D202D202D202D202D202D3A
:105F0000202D202D202D202D202D202D202D202D29
:105F1000202D202D202D202D202D202D202D202D19
:105F2000202D202D202D202D202D202D202D202D09
:105F3000202D202D202D202D202D202D202D202DF9
:105F4000202D202D202D202D202D202D202D202DE9
:105F5000202D202D202D202D202D202D202D202DD9
:105F6000202D202D202D202D202D202D202D202DC9
:105F7000202D202D202D202D202D202D202D202DB9
:105F8000202D202D202D202D202D202D202D202DA9
:105F9000202D202D202D202D202D202D202D202D99
:105FA000202D202D202D202D202D202D202D202D89
:105FB000202D202D202D202D202D202D202D202D79
:105FC000202D202D202D202D202D202D202D202D69
:105FD000202D202D202D202D202D202D202D202D59
:105FE000202D202D202D202D282D282D282D282D29
:105FF000202E202E202D202D200D200D202D204B59
:10600000290A3169412A50EC689178337813783342
:106010007832783378337833781380137833783361
:106020008013781378137813781380137813781308
:106030007813783378336831B2B9FD5FA27670B0E7
:106040006831703278337813783378327833781354
:10605000781378337832783278138013701270B1F5
:10606000ABD7FF5FFFBFFF1FC3BA6850781278132A
:1060700078337833783378337032687160AE50EDAE
:1060800040EC30EB206B206B204C202D202D282D58
:10609000282D282D202D202D202E202E202E202D85
:1060A000282D282D282D202D202D202D202D202D70
:1060B000202D202D202D202D202D202D202D202D78
:1060C000202D202D202D202D202D202D202D202D68
:1060D000202D202D202D202D202D202D202D202D58
:1060E000202D202D202D202D202D202D202D202D48
:1060F000202D202D202D202D202D202D202D202D38
:10610000202D202D202D202D202D202D202D202D27
:10611000202D202D202D202D202D202D202D202D17
:10612000202D202D202D202D202D202D202D202D07
:10613000202D202D202D202D202D202D202D202DF7
:10614000202D202D202D202D202D202D202D202DE7
:10615000202D202D202D202D202D202D202D202DD7
:10616000202D202D202D202D202D202D202D202DC7
:10617000202D202D202D202D202D202D202D202DB7
:10618000202D202D202D202D202D202D202D202DA7
:10619000202D202D202D202D202D202D202D202D97
:1061A000202D202D202D202D202D202D202D202D87
:1061B000202D202D202D202D202D202D202D202D77
:1061C000202D202D202D202D282D282D282D282D47
:1061D000202E202E202D202D200D200D202D204B77
:1061E000290A3169412A510C689178337813783340
:1061F00078337813781380347813801380137813EE
:106200007813781378137813781378137813781336
:1062100078137813781370326891D43CFEBFDCBCDD
:10622000815368318053781278337833783278121A
:1062300078137813781378337813781378336831B8
:106240007130DD3DFF7FFEDFAB1870717012781288
:106250008033781378137053689158AE50EC410B2B
:1062600030CB206A204C202D202D202D200D200DFC
:10627000202D202D202D202D200E200E202D202DF4
:10628000202D202D202D200D200D200D200D200D46
:10629000200D200D200D200D200D200D200D200D96
:1062A000200D200D200D200D200D200D200D200D86
:1062B000200D200D200D200D200D200D200D200D76
:1062C000200D200D200D200D200D200D200D200D66
:1062D000200D200D200D200D200D200D200D200D56
:1062E000200D200D200D200D200D200D200D200D46
:1062F000200D200D200D200D200D200D200D200D36
:10630000200D200D200D200D200D200D200D200D25
:10631000200D200D200D200D200D200D200D200D15
:10632000200D200D200D200D200D200D200D200D05
:10633000200D200D200D200D200D200D200D200DF5
:10634000200D200D200D200D200D200D200D200DE5
:10635000200D200D200D200D200D200D200D200DD5
:10636000200D200D200D200D200D200D200D200DC5
:10637000200D200D200D200D200D200D200D200DB5
:10638000200D200D200D200D200D200D200D200DA5
:10639000200D200D200D200D200D200D200D200D95
:1063A000200D200D202D202D200D280D280D200D35
:1063B000200E200E202D200D282D200D202C206BAE
:1063C000310A3169412A510C689178337813781376
:1063D000781378137813781380147813801380530C
:1063E000781380347813781378137813781378132C
:1063F0007813783378137012685189F4FE5FFEDFEA
:10640000A31760706811803378337833781278126C
:1064100078338034781378137813801378137032BC
:1064200070B1B359FE7FD4BC70F1685178328033BB
:10643000781278327053689158CF510D412B390A38
:1064400028AB202B202C202D200D200D200D200DE1
:10645000202D202D202D202D200E200E200D202D32
:10646000202D202D202D200D200D200D200D200D64
:10647000200D200D200D200D200D200D200D200DB4
:10648000200D200D200D200D200D200D200D200DA4
:10649000200D200D200D200D200D200D200D200D94
:1064A000200D200D200D200D200D200D200D200D84
:1064B000200D200D200D200D200D200D200D200D74
:1064C000200D200D200D200D200D200D200D200D64
:1064D000200D200D200D200D200D200D200D200D54
:1064E000200D200D200D200D200D200D200D200D44
:1064F000200D200D200D200D200D200D200D200D34
:10650000200D200D200D200D200D200D200D200D23
:10651000200D200D200D200D200D200D200D200D13
:10652000200D200D200D200D200D200D200D200D03
:10653000200D200D200D200D200D200D200D200DF3
:10654000200D200D200D200D200D200D200D200DE3
:10655000200D200D200D200D200D200D200D200DD3
:10656000200D200D200D200D200D200D200D200DC3
:10657000200D200D200D200D200D200D200D200DB3
:10658000200D200D202D202D200D280D280D200D53
:10659000200E200E202D200D282D200D202C206BCC
:1065A000310A3169412A510C689178337813781394
:1065B000781378137813781380347813781378125B
:1065C0007812781378137813781378137813781374
:1065D0007833783378138034681170F1F5DFFF3F3A
:1065E000C47A69106831785370127833783378340C
:1065F00078137813783478137813783378327032CC
:1066000070328955A27789B468517032781280331C
:1066100078337052689158CF510D410B38EB28AB4D
:10662000206C202C202D280D280D280D280D200D44
:10663000200D202E202E200E200E200E200E200DAC
:10664000202D202D202D202D202D202D202D202DE2
:10665000202D202D202D202D202D202D202D202DD2
:10666000202D202D202D202D202D202D202D202DC2
:10667000202D202D202D202D202D202D202D202DB2
:10668000202D202D202D202D202D202D202D202DA2
:10669000202D202D202D202D202D202D202D202D92
:1066A000202D202D202D202D202D202D202D202D82
:1066B000202D202D202D202D202D202D202D202D72
:1066C000202D202D202D202D202D202D202D202D62
:1066D000202D202D202D202D202D202D202D202D52
:1066E000202D202D202D202D202D202D202D202D42
:1066F000202D202D202D202D202D202D202D202D32
:10670000202D202D202D202D202D202D202D202D21
:10671000202D202D202D202D202D202D202D202D11
:10672000202D202D202D202D202D202D202D202D01
:10673000202D202D202D202D202D202D202D202DF1
:10674000202D202D202D202D202D202D202D202DE1
:10675000202D202D202D202D202D202D202D202DD1
:10676000202D202D202D202D282D282D282D282DA1
:10677000202E202E202D202D282E282D202D204B80
:10678000310A3169412A510C6891783378137813B2
:10679000781378137813781378137813783270128B
:1067A0007853783378137813781378137813781331
:1067B0007833783380147814701368718A33D51C59
:1067C000FEBFA3356890681078527832781378133A
:1067D00078138034781378137813781378327833F9
:1067E00078137033683168317853783378337012A6
:1067F0007872687058CE490D410C30CA286A204B17
:10680000204D202D200D280D280D280D280E280E96
:10681000200E202E202E200E200E200E200E202EA8
:10682000202E202E202E202D202D202D202D202DFD
:10683000202D202D202D202D202D202D202D202DF0
:10684000202D202D202D202D202D202D202D202DE0
:10685000202D202D202D202D202D202D202D202DD0
:10686000202D202D202D202D202D202D202D202DC0
:10687000202D202D202D202D202D202D202D202DB0
:10688000202D202D202D202D202D202D202D202DA0
:10689000202D202D202D202D202D202D202D202D90
:1068A000202D202D202D202D202D202D202D202D80
:1068B000202D202D202D202D202D202D202D202D70
:1068C000202D202D202D202D202D202D202D202D60
:1068D000202D202D202D202D202D202D202D202D50
:1068E000202D202D202D202D202D202D202D202D40
:1068F000202D202D202D202D202D202D202D202D30
:10690000202D202D202D202D202D202D202D202D1F
:10691000202D202D202D202D202D202D202D202D0F
:10692000202D202D202D202D202D202D202D202DFF
:10693000202D202D202D202D202D202D202D202DEF
:10694000202D202D202D202D282D282D282D282DBF
:10695000202E202E202D202D282E282D202D204B9E
:10696000310A3169412A510C6891783378137813D0
:106970007813781378138034781370127032703172
:106980007052703278327813781478147813783320
:10699000783378337813781478137052604F92B547
:1069A000FE9FFEFFAB377932707170127813783426
:1069B000783478137813781378137813783378331E
:1069C000783378137833703370127853783270726A
:1069D000608F58CD490C390B30CB206B202C202CEC
:1069E000202D202D202D200D280D280E280E280EBC
:1069F000202E202E202E200E200E280E280E280EAF
:106A0000202E202E202E202D202D202D202D202D1B
:106A1000202D202D202D202D202D202D202D202D0E
:106A2000202D202D202D202D202D202D202D202DFE
:106A3000202D202D202D202D202D202D202D202DEE
:106A4000202D202D202D202D202D202D202D202DDE
:106A5000202D202D202D202D202D202D202D202DCE
:106A6000202D202D202D202D202D202D202D202DBE
:106A7000202D202D202D202D202D202D202D202DAE
:106A8000202D202D202D202D202D202D202D202D9E
:106A9000202D202D202D202D202D202D202D202D8E
:106AA000202D202D202D202D202D202D202D202D7E
:106AB000202D202D202D202D202D202D202D202D6E
:106AC000202D202D202D202D202D202D202D202D5E
:106AD000202D202D202D202D202D202D202D202D4E
:106AE000202D202D202D202D202D202D202D202D3E
:106AF000202D202D202D202D202D202D202D202D2E
:106B0000202D202D202D202D202D202D202D202D1D
:106B1000202D202D202D202D202D202D202D202D0D
:106B2000202D202D202D202D282D282D282D282DDD
:106B3000202E202E202D202D282E282D202D204BBC
:106B4000310A3169412A510C6891783378137813EE
:106B50007813781378337012783378327892709291
:106B60007071705178327813781478147813781320
:106B700078337833783478147813783368318172C5
:106B8000D51CFF3FF61FAB376890707278337813CF
:106B90007813781378138013781378137813781395
:106BA000781378137813783378327052685168B05C
:106BB00058CD48EC412B30CA206B202C202D200DC5
:106BC000200D200D202D202D280E280E280E280EF9
:106BD000282E202E202E202E280E280E280E280E9D
:106BE000200E202E202E202D202D202D202D202D5A
:106BF000202D202D202D202D202D202D202D202D2D
:106C0000202D202D202D202D202D202D202D202D1C
:106C1000202D202D202D202D202D202D202D202D0C
:106C2000202D202D202D202D202D202D202D202DFC
:106C3000202D202D202D202D202D202D202D202DEC
:106C4000202D202D202D202D202D202D202D202DDC
:106C5000202D202D202D202D202D202D202D202DCC
:106C6000202D202D202D202D202D202D202D202DBC
:106C7000202D202D202D202D202D202D202D202DAC
:106C8000202D202D202D202D202D202D202D202D9C
:106C9000202D202D202D202D202D202D202D202D8C
:106CA000202D202D202D202D202D202D202D202D7C
:106CB000202D202D202D202D202D202D202D202D6C
:106CC000202D202D202D202D202D202D202D202D5C
:106CD000202D202D202D202D202D202D202D202D4C
:106CE000202D202D202D202D202D202D202D202D3C
:106CF000202D202D202D202D202D202D202D202D2C
:106D0000202D202D202D202D282D282D282D282DFB
:106D1000202E202E202E202D282E282D202D204BD9
:106D2000310A3169412A510C68917833781378130C
:106D3000781378137813785370127893CB5CDBFE5A
:106D40009A1768517032781378147814781478137D
:106D5000781378337833781378137813701270912E
:106D6000AB98FF1FFF3FD51C7171605070327813D4
:106D70008013801380137813781378347813781382
:106D800078138013801478137032687160CF50CC00
:106D9000490B390B30CB206B202C202D202E202EA0
:106DA000200D200D202E202E202E280E280E280EFD
:106DB000282D202D202D202D282E280E280E280E9F
:106DC000280D282D202D202D202D202D202D202D6B
:106DD000202D202D202D202D202D202D202D202D4B
:106DE000202D202D202D202D202D202D202D202D3B
:106DF000202D202D202D202D202D202D202D202D2B
:106E0000202D202D202D202D202D202D202D202D1A
:106E1000202D202D202D202D202D202D202D202D0A
:106E2000202D202D202D202D202D202D202D202DFA
:106E3000202D202D202D202D202D202D202D202DEA
:106E4000202D202D202D202D202D202D202D202DDA
:106E5000202D202D202D202D202D202D202D202DCA
:106E6000202D202D202D202D202D202D202D202DBA
:106E7000202D202D202D202D202D202D202D202DAA
:106E8000202D202D202D202D202D202D202D202D9A
:106E9000202D202D202D202D202D202D202D202D8A
:106EA000202D202D202D202D202D202D202D202D7A
:106EB000202D202D202D202D202D202D202D202D6A
:106EC000202D202D202D202D202D202D202D202D5A
:106ED000202D202D202D202D202D202D202D202D4A
:106EE000202D202D202D202D282D282D282D282D1A
:106EF000202E202E202E202D282E282D202D204BF8
:106F0000310A31694129510C68917833781378132B
:106F1000781378137813783378337052AA78ECBFEB
:106F2000DC5E70F270527813781478148013781342
:106F300078137813783370127813801480147032B9
:106F40006910DD5DFF9FFF3FBBF960B068317833AA
:106F500080138013801378137813783470137813A8
:106F60007813783378137032709160AF50EC492BFE
:106F7000392B28AA204B202C202D200D200D200D50
:106F8000200E200E202E202E202E280E280E280D1A
:106F9000282D202D202D202D280E280E280E280EDD
:106FA000280D282D282D282E282E282E282E282E54
:106FB000282E282E282E282E282E282E282E282E21
:106FC000282E282E282E282E282E282E282E282E11
:106FD000282E282E282E282E282E282E282E282E01
:106FE000282E282E282E282E282E282E282E282EF1
:106FF000282E282E282E282E282E282E282E282EE1
:10700000282E282E282E282E282E282E282E282ED0
:10701000282E282E282E282E282E282E282E282EC0
:10702000282E282E282E282E282E282E282E282EB0
:10703000282E282E282E282E282E282E282E282EA0
:10704000282E282E282E282E282E282E282E282E90
:10705000282E282E282E282E282E282E282E282E80
:10706000282E282E282E282E282E282E282E282E70
:10707000282E282E282E282E282E282E282E282E60
:10708000282E282E282E282E282E282E282E282E50
:10709000282E282E282E282E282E282E282E282E40
:1070A000282E282E282E282E282E282E282E282E30
:1070B000282E282E282E282E282E282E282E282E20
:1070C000282E202E202E202D282D280D280D280E8C
:1070D000202E202E202D202D282E282D202D204B17
:1070E000310A31494129510C68917833781378334A
:1070F0007833781378137814783468326050BB7A18
:10710000FE3FA2B768317833781380347813781350
:1071100078147814783370137813783478147833BB
:107120006870A337FEFFFFBFFEBF9AD66051703371
:1071300078138014801378137814781470137833CC
:10714000783370337072689058CE50EC410A30EA50
:10715000208A184B202D202E280E280D282D202D7A
:10716000202E202E202E202E280E280E280E280E0F
:10717000280D282D282D282E280E280E280E280E02
:10718000280E280E280E280E280E280E280E280E4F
:10719000280E280E280E280E280E280E280E280E3F
:1071A000280E280E280E280E280E280E280E280E2F
:1071B000280E280E280E280E280E280E280E280E1F
:1071C000280E280E280E280E280E280E280E280E0F
:1071D000280E280E280E280E280E280E280E280EFF
:1071E000280E280E280E280E280E280E280E280EEF
:1071F000280E280E280E280E280E280E280E280EDF
:10720000280E280E280E280E280E280E280E280ECE
:10721000280E280E280E280E280E280E280E280EBE
:10722000280E280E280E280E280E280E280E280EAE
:10723000280E280E280E280E280E280E280E280E9E
:10724000280E280E280E280E280E280E280E280E8E
:10725000280E280E280E280E280E280E280E280E7E
:10726000280E280E280E280E280E280E280E280E6E
:10727000280E280E280E280E280E280E280E280E5E
:10728000280E280E280E280E280E280E280E280E4E
:10729000280E280E280E280E280E280E280E280E3E
:1072A000280E282E202E202E280E280E280E280EDE
:1072B000280E202E282D202D282E282E202D206C23
:1072C000310A31494148510C689178347814783446
:1072D0007833781380147813783470536050A2B7E1
:1072E000FE1FC3FA68B168117833781280337813BF
:1072F000781478147814785478337834781478348F
:1073000068117111E5DEFFBFFF5FC43A70F27033A0
:1073100078148014781378137834783478137033B1
:1073200070536872609058CE50EC40EB30CA208A9F
:10733000206C204D202E280F280E280D280D202DE2
:10734000202E202E202E280E280E280E280E280E45
:10735000280E280E280E280E280E280E280E280E7D
:10736000280E280E280E280E280E280E280E280E6D
:10737000280E280E280E280E280E280E280E280E5D
:10738000280E280E280E280E280E280E280E280E4D
:10739000280E280E280E280E280E280E280E280E3D
:1073A000280E280E280E280E280E280E280E280E2D
:1073B000280E280E280E280E280E280E280E280E1D
:1073C000280E280E280E280E280E280E280E280E0D
:1073D000280E280E280E280E280E280E280E280EFD
:1073E000280E280E280E280E280E280E280E280EED
:1073F000280E280E280E280E280E280E280E280EDD
:10740000280E280E280E280E280E280E280E280ECC
:10741000280E280E280E280E280E280E280E280EBC
:10742000280E280E280E280E280E280E280E280EAC
:10743000280E280E280E280E280E280E280E280E9C
:10744000280E280E280E280E280E280E280E280E8C
:10745000280E280E280E280E280E280E280E280E7C
:10746000280E280E280E280E280E280E280E280E6C
:10747000280E280E280E280E280E280E280E280E5C
:10748000280E280E202E202E280E280E280E280E1C
:10749000280E202E282D282D282E280E202D206C59
:1074A000310A31494129510C6891783478147814A3
:1074B00078347813801378147834703368517932C3
:1074C000E4FEFDDF799260507052781378138014D7
:1074D00080148014781480347813781478147834F5
:1074E00078336870CC9CFEFFFF7FFE1F8995681182
:1074F000803578147833783278337834783378522A
:10750000687160AF50ED490C40EC30AB286B202C1B
:10751000202D202F280F280F280E280E282D282D4B
:10752000202E202E282E282E282E282E282E282EBB
:10753000282E282E282E282E282E282E282E282E9B
:10754000282E282E282E282E282E282E282E282E8B
:10755000282E282E282E282E282E282E282E282E7B
:10756000282E282E282E282E282E282E282E282E6B
:10757000282E282E282E282E282E282E282E282E5B
:10758000282E282E282E282E282E282E282E282E4B
:10759000282E282E282E282E282E282E282E282E3B
:1075A000282E282E282E282E282E282E282E282E2B
:1075B000282E282E282E282E282E282E282E282E1B
:1075C000282E282E282E282E282E282E282E282E0B
:1075D000282E282E282E282E282E282E282E282EFB
:1075E000282E282E282E282E282E282E282E282EEB
:1075F000282E282E282E282E282E282E282E282EDB
:10760000282E282E282E282E282E282E282E282ECA
:10761000282E282E282E282E282E282E282E282EBA
:10762000282E282E282E282E282E282E282E282EAA
:10763000282E282E282E282E282E282E282E282E9A
:10764000282E282E282E282E282E282E282E282E8A
:10765000282E282E282E282E282E282E282E282E7A
:10766000282E282E202E282E280E280E280E280EF2
:10767000282E282E282D282D282E280E202D206C4F
:10768000310A31494129510C6891783478147814C1
:1076900078147813781378137814703370536870F3
:1076A000AB38FE9FED9F9AB56871705378138014C4
:1076B000801478148014801478148034783478140A
:1076C000783470727132AB78FE3FCC1B78F2703236
:1076D00078347834783370327033785270516890DF
:1076E00060AF50ED410C38EB30AB286C202D202ED4
:1076F000200E280F280F280E280E280E280E282EC0
:10770000202E202E282E282E282E282E282E282ED9
:10771000282E282E282E282E282E282E282E282EB9
:10772000282E282E282E282E282E282E282E282EA9
:10773000282E282E282E282E282E282E282E282E99
:10774000282E282E282E282E282E282E282E282E89
:10775000282E282E282E282E282E282E282E282E79
:10776000282E282E282E282E282E282E282E282E69
:10777000282E282E282E282E282E282E282E282E59
:10778000282E282E282E282E282E282E282E282E49
:10779000282E282E282E282E282E282E282E282E39
:1077A000282E282E282E282E282E282E282E282E29
:1077B000282E282E282E282E282E282E282E282E19
:1077C000282E282E282E282E282E282E282E282E09
:1077D000282E282E282E282E282E282E282E282EF9
:1077E000282E282E282E282E282E282E282E282EE9
:1077F000282E282E282E282E282E282E282E282ED9
:10780000282E282E282E282E282E282E282E282EC8
:10781000282E282E282E282E282E282E282E282EB8
:10782000282E282E282E282E282E282E282E282EA8
:10783000282E282E282E282E282E282E282E282E98
:10784000282E282E202E282E280E280E280E280E10
:10785000282E282E282E282D282E280E202D206C6C
:10786000310A3149412A510D6892783478147814DC
:1078700078147814783378137834783478336851FE
:107880007992F5DFFF7FDD3C7952685270137814EE
:107890008034781478157814783478137834783400
:1078A000781470136831709170B1709170527033A8
:1078B00078347813781378337072689158AE50ED3D
:1078C000490C38EC28AB208B204C202D202E282F63
:1078D000282E280E280D282D280D280E280E282E9B
:1078E000282E282E282E282E282E282E282E282EE8
:1078F000282E282E282E282E282E282E282E282ED8
:10790000282E282E282E282E282E282E282E282EC7
:10791000282E282E282E282E282E282E282E282EB7
:10792000282E282E282E282E282E282E282E282EA7
:10793000282E282E282E282E282E282E282E282E97
:10794000282E282E282E282E282E282E282E282E87
:10795000282E282E282E282E282E282E282E282E77
:10796000282E282E282E282E282E282E282E282E67
:10797000282E282E282E282E282E282E282E282E57
:10798000282E282E282E282E282E282E282E282E47
:10799000282E282E282E282E282E282E282E282E37
:1079A000282E282E282E282E282E282E282E282E27
:1079B000282E282E282E282E282E282E282E282E17
:1079C000282E282E282E282E282E282E282E282E07
:1079D000282E282E282E282E282E282E282E282EF7
:1079E000282E282E282E282E282E282E282E282EE7
:1079F000282E282E282E282E282E282E282E282ED7
:107A0000282E282E282E282E282E282E282E282EC6
:107A1000282E282E282E282E282E282E282E282EB6
:107A2000282E282E202E282E280E280E280E280E2E
:107A3000282E282E282E282D282E280E202D206C8A
:107A4000310A3149412A510D6892783478147814FA
:107A50007814781478337813783478347813701273
:107A600068B0ED7FFF7FFEDF9AD76051785378349E
:107A70007814781478157814781478137813783487
:107A800078148034783378337032681278547013F5
:107A90007833783378537072689158CF510C492CF1
:107AA000390B28AB186B184C202D202E280F280FCF
:107AB000280E280D282D282D282D282E282E282E5A
:107AC000282E282E282E282E282E282E282E282E06
:107AD000282E282E282E282E282E282E282E282EF6
:107AE000282E282E282E282E282E282E282E282EE6
:107AF000282E282E282E282E282E282E282E282ED6
:107B0000282E282E282E282E282E282E282E282EC5
:107B1000282E282E282E282E282E282E282E282EB5
:107B2000282E282E282E282E282E282E282E282EA5
:107B3000282E282E282E282E282E282E282E282E95
:107B4000282E282E282E282E282E282E282E282E85
:107B5000282E282E282E282E282E282E282E282E75
:107B6000282E282E282E282E282E282E282E282E65
:107B7000282E282E282E282E282E282E282E282E55
:107B8000282E282E282E282E282E282E282E282E45
:107B9000282E282E282E282E282E282E282E282E35
:107BA000282E282E282E282E282E282E282E282E25
:107BB000282E282E282E282E282E282E282E282E15
:107BC000282E282E282E282E282E282E282E282E05
:107BD000282E282E282E282E282E282E282E282EF5
:107BE000282E282E282E282E282E282E282E282EE5
:107BF000282E282E282E282E282E282E282E282ED5
:107C0000282E282E202E282E280E280E280E280E4C
:107C1000282E282E282E282E282E280E202D206CA7
:107C2000310A3149412A510D689278347814781418
:107C300078147814781378137834781480157813BE
:107C40006891CC7CFF7FFF3FB3B86090705278346E
:107C50007813781478347814801580357834781453
:107C60007814801478147814783478147814803563
:107C700078137032709260B050CE48ED410B390BE2
:107C800030CC204C204D202E202F282F280F280EBE
:107C9000280E280D282D202D202E202E202E200EBF
:107CA000280E280E280E280E280E280E280E280E24
:107CB000280E280E280E280E280E280E280E280E14
:107CC000280E280E280E280E280E280E280E280E04
:107CD000280E280E280E280E280E280E280E280EF4
:107CE000280E280E280E280E280E280E280E280EE4
:107CF000280E280E280E280E280E280E280E280ED4
:107D0000280E280E280E280E280E280E280E280EC3
:107D1000280E280E280E280E280E280E280E280EB3
:107D2000280E280E280E280E280E280E280E280EA3
:107D3000280E280E280E280E280E280E280E280E93
:107D4000280E280E280E280E280E280E280E280E83
:107D5000280E280E280E280E280E280E280E280E73
:107D6000280E280E280E280E280E280E280E280E63
:107D7000280E280E280E280E280E280E280E280E53
:107D8000280E280E280E280E280E280E280E280E43
:107D9000280E280E280E280E280E280E280E280E33
:107DA000280E280E280E280E280E280E280E280E23
:107DB000280E280E280E280E280E280E280E280E13
:107DC000280E280E280E280E280E280E280E280E03
:107DD000280E280E280E280E280E280E280E280EF3
:107DE000280E280E202E202E280E280E280E280EB3
:107DF000280E200E282E282E282E280E202D204C2E
:107E0000310A3149412A510C689178347814781438
:107E100078147814783478137814781480157814DA
:107E200068317992FE7FFF9FEDFF821360307033DF
:107E3000781378347814781478148035781478347A
:107E40008035781480148035781478148035701358
:107E50007872689058AF50EE410E390C28AB208AEA
:107E6000204C202D202E200E280E280E280E280E05
:107E7000280E282E202E202E202E202E202E200EC2
:107E8000280E280E280E280E280E280E280E280E42
:107E9000280E280E280E280E280E280E280E280E32
:107EA000280E280E280E280E280E280E280E280E22
:107EB000280E280E280E280E280E280E280E280E12
:107EC000280E280E280E280E280E280E280E280E02
:107ED000280E280E280E280E280E280E280E280EF2
:107EE000280E280E280E280E280E280E280E280EE2
:107EF000280E280E280E280E280E280E280E280ED2
:107F0000280E280E280E280E280E280E280E280EC1
:107F1000280E280E280E280E280E280E280E280EB1
:107F2000280E280E280E280E280E280E280E280EA1
:107F3000280E280E280E280E280E280E280E280E91
:107F4000280E280E280E280E280E280E280E280E81
:107F5000280E280E280E280E280E280E280E280E71
:107F6000280E280E280E280E280E280E280E280E61
:107F7000280E280E280E280E280E280E280E280E51
:107F8000280E280E280E280E280E280E280E280E41
:107F9000280E280E280E280E280E280E280E280E31
:107FA000280E280E280E280E280E280E280E280E21
:107FB000280E280E280E280E280E280E280E280E11
:107FC000280E280E202E202E280E280E280E280ED1
:107FD000280E200E282E282E280E280E202E204C6B
:107FE000310A31493929514D70D2703378347814BF
:107FF00078347834781478147814801480157814D0
:10800000705368B0D4FDFEFFFF7FCCFA6910685052
:10801000783380147814781478347834783478137A
:108020008014801480147814781478347853707124
:1080300060AF50CD490D390C30AD206C204C202C58
:10804000202D282D282D280D280E280E280E280E2C
:10805000280F202F202F202E202E202E202E282EBD
:10806000280E280E280E280E280E280E280E280E60
:10807000280E280E280E280E280E280E280E280E50
:10808000280E280E280E280E280E280E280E280E40
:10809000280E280E280E280E280E280E280E280E30
:1080A000280E280E280E280E280E280E280E280E20
:1080B000280E280E280E280E280E280E280E280E10
:1080C000280E280E280E280E280E280E280E280E00
:1080D000280E280E280E280E280E280E280E280EF0
:1080E000280E280E280E280E280E280E280E280EE0
:1080F000280E280E280E280E280E280E280E280ED0
:10810000280E280E280E280E280E280E280E280EBF
:10811000280E280E280E280E280E280E280E280EAF
:10812000280E280E280E280E280E280E280E280E9F
:10813000280E280E280E280E280E280E280E280E8F
:10814000280E280E280E280E280E280E280E280E7F
:10815000280E280E280E280E280E280E280E280E6F
:10816000280E280E280E280E280E280E280E280E5F
:10817000280E280E280E280E280E280E280E280E4F
:10818000280E280E282E282E280E280E280E280EFF
:10819000280E280E280E280E280E280E280E280E2F
:1081A000280E282E202E282E280E280E280E280EC7
:1081B000280E282E282E282E282E282E202E206C01
:1081C000310A314931286A508194705370138055B7
:1081D0007834781478148014781480148015781406
:1081E000703368719255CCFCFF9FFEFF8232604F66
:1081F0007833781478147834783478347834783460
:10820000801480147814783478537052687158AFA1
:1082100050EC410B390B30CC288D204D202E282ED0
:10822000282D282D282D282D282E282E282E282FA1
:10823000282F282F282F282F282F282F282F282F86
:10824000280F280F282E282E282E282E282E282EBC
:10825000282E282E282E282E282E282E282E282E6E
:10826000282E282E282E282E282E282E282E282E5E
:10827000282E282E282E282E282E282E282E282E4E
:10828000282E282E282E282E282E282E282E282E3E
:10829000282E282E282E282E282E282E282E282E2E
:1082A000282E282E282E282E282E282E282E282E1E
:1082B000282E282E282E282E282E282E282E282E0E
:1082C000282E282E282E282E282E282E282E282EFE
:1082D000282E282E282E282E282E282E282E282EEE
:1082E000282E282E282E282E282E282E282E282EDE
:1082F000282E282E282E282E282E282E282E282ECE
:10830000282E282E282E282E282E282E282E282EBD
:10831000282E282E282E282E282E282E282E282EAD
:10832000282E282E282E282E282E282E282E282E9D
:10833000282E282E282E282E282E282E282E282E8D
:10834000282E282E282E282E282E282E282E282E7D
:10835000282E282E282E282E282E282E282E282E6D
:10836000282E282E282E282E282E282E282E282E5D
:10837000282E282E282E282E282E282E282E282E4D
:10838000282E282E282E282E282E280E280F282F7B
:10839000282F282E282E282E282E282E202E206CFE
:1083A000310A314929277AF19A96709270337814FC
:1083B000783478147814801580148014801478141C
:1083C0007834705368D1BBDAFF7FFF5FA356791210
:1083D00078538015781478147814781478348034AD
:1083E0007834783478537052707160B058EE492CFC
:1083F000392B310B30AC284D280D280E202D284E5E
:10840000282E200D282D282E282E282E282F282FE4
:10841000282E282E282E282E280F280F280F280F28
:10842000280F280E282E282E282E282E282E282EDB
:10843000282E282E282E282E282E282E282E282E8C
:10844000282E282E282E282E282E282E282E282E7C
:10845000282E282E280E280E280E280E280E280E2C
:10846000280E280E280E280E280E280E280E280E5C
:10847000280E280E280E280E280E280E280E280E4C
:10848000280E280E280E280E280E280E280E280E3C
:10849000280E280E280E280E280E280E280E280E2C
:1084A000280E280E280E280E280E280E280E280E1C
:1084B000280E280E280E280E280E280E280E280E0C
:1084C000280E280E280E280E280E280E280E280EFC
:1084D000280E280E280E280E280E280E280E280EEC
:1084E000280E280E280E280E280E280E280E280EDC
:1084F000280E280E280E280E280E280E280E280ECC
:10850000280E280E280E280E280E280E280E280EBB
:10851000280E280E280E280E280E280E280E280EAB
:10852000280E280E280E280E280E280E280E280E9B
:10853000280E280E280E280E280E280E280E280E8B
:10854000280E280E282E282E282E282E280E280EFB
:10855000280E280E282E282E282E282E282E282EAB
:10856000282E282E202E282E280E280E280E280FE2
:10857000280F282E282E282E282F282E202E206C3B
:10858000310A314920E593D4A357604F70537834B2
:108590007834781480158015801480148014783411
:1085A000783470336031AAB8FE5FFEBFF53FB2DAAF
:1085B0007833781478147814781578148014783413
:1085C00078337052689160B060AF50CE410C392B57
:1085D00028EA208B282C280E280E280E280D282E5D
:1085E000282E282E282E282E282E282F280F280F18
:1085F000280E280E280E280E280F280F280F280FC7
:10860000280E282E280E280E280E280E280E280E9A
:10861000280E280E280E280E280E280E280E280EAA
:10862000280E280E280E280E280E280E280E280E9A
:10863000280E280E280E280E280E280E280E280E8A
:10864000280E280E280E280E280E280E280E280E7A
:10865000280E280E280E280E280E280E280E280E6A
:10866000280E280E280E280E280E280E280E280E5A
:10867000280E280E280E280E280E280E280E280E4A
:10868000280E280E280E280E280E280E280E280E3A
:10869000280E280E280E280E280E280E280E280E2A
:1086A000280E280E280E280E280E280E280E280E1A
:1086B000280E280E280E280E280E280E280E280E0A
:1086C000280E280E280E280E280E280E280E280EFA
:1086D000280E280E280E280E280E280E280E280EEA
:1086E000280E280E280E280E280E280E280E280EDA
:1086F000280E280E280E280E280E280E280E280ECA
:10870000280E280E280E280E280E280E280E280EB9
:10871000280E280E280E280E280E280E280E280EA9
:10872000280E280E280E280E280E280E280E280E99
:10873000280E280E280E280E280E280E280E280E89
:10874000280E282E202E282E280E280E280E280F20
:10875000280F282E282E282E282F282E202E206C59
:10876000310A314920E59C14D53C79727052785415
:10877000781480358015801580148014781478342E
:108780007834783470337893AA9891F5709278742D
:1087900080358015801480148015801580147833FE
:1087A000707260B050CD48ED490D38CC28AB208BAD
:1087B000206B202C280E280E300E300E280E280E8E
:1087C000280F280F282F282F282F282F282F282F31
:1087D000282E282E280E280F280F280F280F282E85
:1087E000282D282D282E282F282F282F282F282FD6
:1087F000282F282F282F282F282F282F282F282FC1
:10880000282F282F282F282F282F282F282F282FB0
:10881000282F282F282F282F282F282F282F282FA0
:10882000282F282F282F282F282F282F282F282F90
:10883000282F282F282F282F282F282F282F282F80
:10884000282F282F282F282F282F282F282F282F70
:10885000282F282F282F282F282F282F282F282F60
:10886000282F282F282F282F282F282F282F282F50
:10887000282F282F282F282F282F282F282F282F40
:10888000282F282F282F282F282F282F282F282F30
:10889000282F282F282F282F282F282F282F282F20
:1088A000282F282F282E282E282E282E282E282E16
:1088B000282E282E282E282E282E282E282E282E08
:1088C000282E282E282E282E282E282E282E282EF8
:1088D000282E282E282E282E282E282E282E282EE8
:1088E000282E282E282E282E282E282E282E282ED8
:1088F000282E282E282E282E282E282E282E282EC8
:10890000282E282E282F282F282F282F282F282FB1
:10891000282F282F282F282F282F282F282F282F9F
:10892000282F282E282E282E282E280F280F282FD3
:10893000282F282F282E282E282F282E202E206C56
:10894000310A314920E59413FEFF8A5460317814CE
:10895000781480357815781580148014783478343C
:1089600078147814805470137873787470137814B2
:10897000781480147814783478347834785370729A
:1089800060B050EE490C390B30EB288B206B204C3B
:10899000202D280E280F280E280E280E282E280FEE
:1089A000280F280F282F282F282F282F282F282F4F
:1089B000282E282E280E280F280F280F280F280EC3
:1089C000282D282D282E282F282F282F282F282FF4
:1089D000282F282F282F282F282F282F282F282FDF
:1089E000282F282F282F282F282F282F282F282FCF
:1089F000282F282F280E280E280E280E280E280E85
:108A0000280E280E282F282F282F282F282F282FF0
:108A1000282F282F280E280E280E280E280E280E64
:108A2000280E280E282F282F282F282F282F282FD0
:108A3000282F282F280E280E280E280E280E280E44
:108A4000280E280E282F282F282F282F282F282FB0
:108A5000282F282F280E280E280E280E280E280E24
:108A6000280E280E282F282F282F282F282F282F90
:108A7000282F282F280E280E280E280E280E280E04
:108A8000280E280E282E282E282E282E282E282E76
:108A9000282E282E280E280E280E280E280E280EE6
:108AA000280E280E282E282E282E282E282E282E56
:108AB000282E282E280E280E280E280E280E280EC6
:108AC000280E280E282E282E282E282E282E282E36
:108AD000282E282E280E280E280E280E280E280EA6
:108AE000280E280E282F282F282F282F280E280E52
:108AF000280E280E282F282F282F282F282F282F00
:108B0000282F282E282E282E282E280F280F280F11
:108B1000282F282F282E282E282F282E202E206C74
:108B2000310A314920C49C74FF5F8AB4685178349B
:108B30007814781578157834801480147834783463
:108B40007814781478137834781478147835783564
:108B5000801480147833705370726891609058CF8D
:108B6000490D390C390B30EB288C282C282D282E58
:108B7000202F202F280F280E280E280E202E282FD9
:108B8000280F280F280F280F280F280F280E280E2F
:108B9000282E282E282E280E280F280F280F280FC1
:108BA000280E280E280E280E280E280E280E280E15
:108BB000280E280E280E280E280E280E280E280E05
:108BC000280E280E280E280E280E280E280E280EF5
:108BD000280E280E280E280E280E280E280E280EE5
:108BE000280E280E280E280E280E280E280E280ED5
:108BF000280E280E280E280E280E280E280E280EC5
:108C0000280E280E280E280E280E280E280E280EB4
:108C1000280E280E280E280E280E280E280E280EA4
:108C2000280E280E280E280E280E280E280E280E94
:108C3000280E280E280E280E280E280E280E280E84
:108C4000280E280E280E280E280E280E280E280E74
:108C5000280E280E280E280E280E280E280E280E64
:108C6000280E280E280E280E280E280E280E280E54
:108C7000280E280E280E280E280E280E280E280E44
:108C8000280E280E280E280E280E280E280E280E34
:108C9000280E280E280E280E280E280E280E280E24
:108CA000280E280E280E280E280E280E280E280E14
:108CB000280E280E280E280E280E280E280E280E04
:108CC000280E280E280E280E280E280E280E280EF4
:108CD000280E280E280E280E280E280E280E280EE4
:108CE000280E280E202E282E280E280F280F280F99
:108CF000280F282F282E282E282F282E202E206CB3
:108D0000310A314920E48C32FF7FDD5D70F270134F
:108D10007815801578157834803480347834781458
:108D2000781578358034781480357815783578342E
:108D300078337853687168B060CF58CE50CE48ED24
:108D4000390C30EB208B206C284D282D280E280F55
:108D5000202F202F280F282E282E282E202E202EA0
:108D6000282F282F282F282F282F282F282F282E4C
:108D7000282E282E282E282E282F282F282F282F3F
:108D8000280F280F282F282F282F282F282F282F6B
:108D9000282F282F282F282F282F282F282F282F1B
:108DA000282F282F282F282F282F282F282F282F0B
:108DB000282F282F280E280E280E280E280E280EC1
:108DC000280E280E282F282F282F282F282F282F2D
:108DD000282F282F280E280E280E280E280E280EA1
:108DE000280E280E282F282F282F282F282F282F0D
:108DF000282F282F280E280E280E280E280E280E81
:108E0000280E280E282F282F282F282F282F282FEC
:108E1000282F282F280E280E280E280E280E280E60
:108E2000280E280E282F282F282F282F282F282FCC
:108E3000282F282F280E280E280E280E280E280E40
:108E4000280E280E282F282F282F282F282F282FAC
:108E5000282F282F280E280E280E280E280E280E20
:108E6000280E280E282F282F282F282F282F282F8C
:108E7000282F282F280E280E280E280E280E280E00
:108E8000280E280E282F282F282F282F282F282F6C
:108E9000282F282F280E280E280E280E280E280EE0
:108EA000280E280E282F282F282F282F282F282F4C
:108EB000280E280E282F282F282F282F282F282F3C
:108EC000282F282F282F282F282F280F280F280F4A
:108ED000282F282F282E282E282F282F202E206CB0
:108EE000310A314919048C52FFBFFF1F923570724D
:108EF000783478157835783578348034801478343F
:108F0000781578157834781478157815783578745C
:108F1000709268B058CE50ED490C410C38EC30AC32
:108F2000286C204C204D282E282E282E282F282F24
:108F3000282F282F282F282F282E282E282F282F7B
:108F4000282F282F282F282F282F282F282F282F69
:108F5000282E282E282E282F282F282F282F282F5C
:108F6000282F282F282F282F282F282F282F282F49
:108F7000282F282F282F282F282F282F282F282F39
:108F8000282F282F282F282F282F282F282F282F29
:108F9000282F282F282F282F282F282F282F282F19
:108FA000282F282F282F282F282F282F282F282F09
:108FB000282F282F282F282F282F282F282F282FF9
:108FC000282F282F282F282F282F282F282F282FE9
:108FD000282F282F282F282F282F282F282F282FD9
:108FE000282F282F282F282F282F282F282F282FC9
:108FF000282F282F282F282F282F282F282F282FB9
:10900000282F282F282F282F280E280E280E280E2C
:10901000282F282F282F282F282F282F282F282F98
:10902000282F282F282F282F282F282F282F282F88
:10903000282F282F282F282F282F282F282F282F78
:10904000282F282F282F282F282F282F282F282F68
:10905000282F282F282F282F282F282F282F282F58
:10906000282F282F282F282F282F282F282F282F48
:10907000282F282F282F282F282F282F282F282F38
:10908000282F282F282F282F282F282F282F282F28
:10909000282F282F282F282F282F282F282F282F18
:1090A000282F282F280F280F280F280F280E280ECA
:1090B000280E280E280E282F280F282F202E206C4F
:1090C000312B314A19048411FFBFFEFFB339917669
:1090D00078347815781578157814801480147814FD
:1090E00078157835783478347834705470736892A1
:1090F00060B050CE490C410B390B30CA288B286C1C
:10910000202D200E280E280F280F280F280F280F9B
:10911000282F282F282F282F282F282F282F282F97
:10912000282F282F282F282F282F282F282F282F87
:10913000282F282F282F282F282F282F282F282F77
:10914000282F282F282F282F282F282F282F282F67
:10915000282F282F282F282F282F282F282F282F57
:10916000282F282F282F282F282F282F282F282F47
:10917000282F282F282F282F282F282F282F282F37
:10918000282F282F282F282F282F282F282F282F27
:10919000282F282F282F282F282F282F282F282F17
:1091A000282F282F282F282F282F282F282F282F07
:1091B000282F282F280F280F282F282F282F282F37
:1091C000280F280F282F282F282F282F282F282F27
:1091D000282F282F282F282F282F282F282F282FD7
:1091E000282F282F282F282F282F282F282F282FC7
:1091F000282F282F282F282F282F282F282F282FB7
:10920000282F282F282F282F282F282F282F282FA6
:10921000282F282F282F282F282F282F282F282F96
:10922000282F282F282F282F282F282F282F282F86
:10923000282F282F282F282F282F282F282F282F76
:10924000282F282F282F282F282F282F282F282F66
:10925000282F282F282F282F282F282F282F282F56
:10926000282F282F282F282F282F282F282F282F46
:10927000282F282F282F282F282F282F282F282F36
:10928000282F280F280F280F280F280E282E282EC9
:10929000282E282E280E282F200F282F204D206B17
:1092A000310A3149290683B2FEBFDD1D89D578D444
:1092B00070347814783478158015801580158015F1
:1092C00080157834783478537073689160D058EF93
:1092D000490D410C390C38EC30AC286C284D282E47
:1092E000282E282F280F280F280F282F282F282F27
:1092F000282F282F280F280F280F280F280F280F76
:10930000280F280F280F280F280F280F280F280FA5
:10931000280F280F282F282F282F282F282F282FD5
:10932000282F282F280F280F280F280F280F280F45
:10933000280F280F282F282F282F282F282F282FB5
:10934000282F282F280F280F280F280F280F280F25
:10935000280F280F280F280F280F280F280F280F55
:10936000280F280F280F280F280F280F280F280F45
:10937000280F280F282F282F282F282F282F282F75
:10938000282F282F280F280F280F280F280F280FE5
:10939000280F280F282F282F282F282F282F282F55
:1093A000282F282F282F282F282F282F282F282F05
:1093B000282F282F280F280F280F280F280F280FB5
:1093C000280F280F280F280F280F280F280F280FE5
:1093D000280F280F280F280F280F280F280F280FD5
:1093E000280F280F280F280F280F280F280F280FC5
:1093F000280F280F280F280F280F280F280F280FB5
:10940000280F280F280F280F280F280F280F280FA4
:10941000280F280F282F282F282F282F282F282FD4
:10942000282F282F280F280F280F280F280F280F44
:10943000280F280F280F280F280F280F280F280F74
:10944000280F280F280F280F280F280F280F280F64
:10945000280F280F282F282F282F282F282F282F94
:10946000282F282F282E282E282E282E282E280E6A
:10947000280F280F280F282F200F202E204C208B5C
:10948000312931483927498A725071B1609170731E
:1094900078757014783478158015801580158034AF
:1094A000785370727092689160B058CF48ED410C5B
:1094B000390C310C28AB288C284D282D280E280E6D
:1094C000280F280F280F280E280E280E280F280FE7
:1094D000280F280F282F282F282F282F282F282F14
:1094E000282F282F282F282F282F282F282F282FC4
:1094F000282F282F280F280F280F280F280F280F74
:10950000280F280F282F282F282F282F282F282FE3
:10951000282F282F280F280F280F280F280F280F53
:10952000280F280F282F282F282F282F282F282FC3
:10953000282F282F282F282F282F282F282F282F73
:10954000282F282F282F282F282F282F282F282F63
:10955000282F282F280F280F280F280F280F280F13
:10956000280F280F282F282F282F282F282F282F83
:10957000282F282F280F280F280F280F280F280FF3
:10958000280F280F280F280F280F280F280F280F23
:10959000280F280F282F282F282F282F282F282F53
:1095A000282F282F282F282F282F282F282F282F03
:1095B000282F282F282F282F282F282F282F282FF3
:1095C000282F282F282F282F282F282F282F282FE3
:1095D000282F282F282F282F282F282F282F282FD3
:1095E000282F282F282F282F282F282F282F282FC3
:1095F000282F282F280F280F280F280F280F280F73
:10960000280F280F282F282F282F282F282F282FE2
:10961000282F282F282F282F282F282F282F282F92
:10962000282F282F282F282F282F282F282F282F82
:10963000282F282F280F280F280F280F280F280F32
:10964000280F280E282E282E282E282E282E282FA8
:10965000282F282F282F284F202E204C208B310BED
:10966000316929274149410940CA50CE68B1685340
:1096700070348075783578357835785570546872DF
:10968000609058CF50EC48EB40EB38EB30EB28CBF8
:10969000208B206B204C202D282E280E280E282FC2
:1096A000282F282F282E282E282E282E282E282E08
:1096B000282E282E200E200E200E200E200E200EEA
:1096C000200E200E200E200E200E200E200E200E2A
:1096D000200E200E282E282E282E282E282E282E2A
:1096E000282E282E200E200E200E200E200E200EBA
:1096F000200E200E282E282E282E282E282E282E0A
:10970000282E282E200E200E200E200E200E200E99
:10971000200E200E200E200E200E200E200E200ED9
:10972000200E200E282E282E282E282E282E282ED9
:10973000282E282E282E282E282E282E282E282E79
:10974000282E282E200E200E200E200E200E200E59
:10975000200E200E282E282E282E282E282E282EA9
:10976000282E282E282E282E282E282E282E282E49
:10977000282E282E200E200E200E200E200E200E29
:10978000200E200E200E200E200E200E200E200E69
:10979000200E200E200E200E200E200E200E200E59
:1097A000200E200E200E200E200E200E200E200E49
:1097B000200E200E200E200E200E200E200E200E39
:1097C000200E200E200E200E200E200E200E200E29
:1097D000200E200E282E282E282E282E282E282E29
:1097E000282E282E200E200E200E200E200E200EB9
:1097F000200E200E200E200E200E200E200E200EF9
:10980000200E200E282E282E282E282E282E282EF8
:10981000282E282E282E282E282E282E282E282E98
:10982000282E282E202E202E202E202E202E202EB8
:10983000202E202E202E204D204C208B310A398ABC
:10984000316718E44909512A510B50CD58AF68D2FD
:109850006892689268926893689368B260B158CFD2
:1098600050ED492C414A3949312928E920C920A91C
:10987000208A206B206C284C284D284D284D284DDF
:10988000206D206D204C204C204C204C204C204C36
:10989000204C204C286D286D286D286D286D286D72
:1098A000286D286D286D286D286D286D286D286D10
:1098B000286D286D204C204C204C204C204C204CF6
:1098C000204C204C286D286D286D286D286D286D42
:1098D000286D286D204C204C204C204C204C204CD6
:1098E000204C204C286D286D286D286D286D286D22
:1098F000286D286D286D286D286D286D286D286DC0
:10990000286D286D286D286D286D286D286D286DAF
:10991000286D286D204C204C204C204C204C204C95
:10992000204C204C286D286D286D286D286D286DE1
:10993000286D286D204C204C204C204C204C204C75
:10994000204C204C204C204C204C204C204C204CB7
:10995000204C204C286D286D286D286D286D286DB1
:10996000286D286D286D286D286D286D286D286D4F
:10997000286D286D286D286D286D286D286D286D3F
:10998000286D286D286D286D286D286D286D286D2F
:10999000286D286D286D286D286D286D286D286D1F
:1099A000286D286D286D286D286D286D286D286D0F
:1099B000286D286D204C204C204C204C204C204CF5
:1099C000204C204C286D286D286D286D286D286D41
:1099D000286D286D286D286D286D286D286D286DDF
:1099E000286D286D286D286D286D286D286D286DCF
:1099F000286D286D204C204C204C204C204C204CB5
:109A0000204C204C206D206D206D286D286D286D18
:109A1000286D286D206C206B28AB312A3169318884
:109A2000292510C260EC50CB50EB50EB48CC512EA6
:109A3000510E50ED510D510D510D510D492C492B29
:109A4000414A3969398931893169292829292929DE
:109A5000312A312A312B310B310B310B310A312AAA
:109A6000312A312B312B310B310B310B310B310BB7
:109A7000310B310B310B310B310B310B310B310B06
:109A8000310B310B310B310B310B310B310B310BF6
:109A9000310B310B310B310B310B310B310B310BE6
:109AA000310B310B310B310B310B310B310B310BD6
:109AB000310B310B310B310B310B310B310B310BC6
:109AC000310B310B310B310B310B310B310B310BB6
:109AD000310B310B310B310B310B310B310B310BA6
:109AE000310B310B310B310B310B310B310B310B96
:109AF000310B310B310B310B310B310B310B310B86
:109B0000310B310B310B310B310B310B310B310B75
:109B1000310B310B310B310B310B310B310B310B65
:109B2000310B310B310B310B310B310B310B310B55
:109B3000310B310B310B310B310B310B310B310B45
:109B4000310B310B310B310B310B310B310B310B35
:109B5000310B310B310B310B310B310B310B310B25
:109B6000310B310B310B310B310B310B310B310B15
:109B7000310B310B310B310B310B310B310B310B05
:109B8000310B310B310B310B310B310B310B310BF5
:109B9000310B310B310B310B310B310B310B310BE5
:109BA000310B310B310B310B310B310B310B310BD5
:109BB000310B310B310B310B310B310B310B310BC5
:109BC000310B310B310B310B310B310B310B310BB5
:109BD000310B310B310B310B310B310B310B310BA5
:109BE000310B310B310A310A310B310B310A310A99
:109BF000310A310B310B290A312931693167294585
:109C0000190418C360AC60CC50EB490A492B410AD7
:109C100038EA412A39293929412A41294129394833
:109C2000316831672967298831883169316931693B
:109C300031493149314931493149316931693169F4
:109C400031693169316931493149314931493149E4
:109C50003149314931693169316931693169316974
:109C60003169316931693169316931693169316924
:109C70003169316931693169316931693169316914
:109C80003169316931693169316931693169316904
:109C900031693169316931693169316931693169F4
:109CA00031693169316931693169316931693169E4
:109CB00031693169316931693169316931693169D4
:109CC00031693169316931693169316931693169C4
:109CD00031693169316931693169316931693169B4
:109CE00031693169316931693169316931693169A4
:109CF0003169316931693169316931693169316994
:109D00003169316931693169316931693169316983
:109D10003169316931693169316931693169316973
:109D200031693169316931693149314931493149E3
:109D30003169316931693169316931693169316953
:109D40003169316931693169316931693169316943
:109D50003169316931693169316931693169316933
:109D60003169316931693169316931693169316923
:109D70003169316931693169316931693169316913
:109D80003169316931693169316931693169316903
:109D900031693169316931693169316931693169F3
:109DA00031693169316931693169316931693169E3
:109DB00031693169316931693169316931693169D3
:109DC0003169316931693169394939493949394923
:109DD0003949394A314A31493168292618E410C3D2
:109DE00010C310C304C00323000D0200E490020856
:109DF0000000000000000000000000000000000063
:109E00000000000000000000000000000000000052
:109E10000000000000000000000000000000000042
:109E20000000000000000000000000000000000032
:109E30000000000000000000000000000000000022
:109E40000000000000000000000000000000000012
:109E50000000000000000000000000000000000002
:109E600000000000000000000000000000000000F2
:109E700000000000000000000000000000000000E2
:109E800000000000000000000000000000000000D2
:109E900000000000000000000000000000000000C2
:109EA00000000000000000000000000000000000B2
:109EB00000000000000000000000000000000000A2
:109EC0000000000000000000000000000000000092
:109ED0000000000000000000000000000000000082
:109EE0000000000000000000000000000000000072
:109EF0000000000000000000000000000000000062
:109F00000000000000000000000000000000000051
:109F10000000000000000000000000000000000041
:109F20000000000000000000000000000000000031
:109F30000000000000000000000000000000000021
:109F40000000000000000000000000000000000011
:109F50000000000000000000000000000000000001
:109F600000000000000000000000000000000000F1
:109F700000000000000000000000000000000000E1
:109F800000000000000000000000000000000000D1
:109F900000000000000000000000000000000000C1
:109FA00000000000000000000000000000000000B1
:109FB0000000FAAB06FA691FFA0843F9C774F904FE
:109FC000AFFA28C5FCF361FC10020000000000009D
:109FD0000000000000000000000000000000000081
:109FE0000000000000000000000000000000000071
:109FF0000000000000000000000000000000000061
:10A000000000000000000000000000000000000050
:10A010000000000000000000000000000000000040
:10A020000000000000000000000000000000000030
:10A030000000000000000000000000000000000020
:10A040000000000000000000000000000000000010
:10A050000000000000000000000000000000000000
:10A0600000000000000000000000000000000000F0
:10A0700000000000000000000000000000000000E0
:10A0800000000000000000000000000000000000D0
:10A0900000000000000000000000000000000000C0
:10A0A00000000000000000000000000000000000B0
:10A0B00000000000000000000000000000000000A0
:10A0C0000000000000000000000000000000000090
:10A0D0000000000000000000000000000000000080
:10A0E0000000000000000000000000000000000070
:10A0F0000000000000000000000000000000000060
:10A10000000000000000000000000000000000004F
:10A11000000000000000000000000000000000003F
:10A12000000000000000000000000000000000002F
:10A13000000000000000000000000000000000001F
:10A14000000000000000000000000000000000000F
:10A1500000000000000000000000000000000000FF
:10A1600000000000000000000000000000000000EF
:10A1700000000000000000000000000000000000DF
:10A18000000000000000FB4D0AFB0C2DFAEC59FA10
:10A19000CB86FA8AB5FA69DFFA28F7F9C7FFF9041E
:10A1A000FFFA29FFFD34F2FD557CFCD30A000000C4
:10A1B000000000000000000000000000000000009F
:10A1C000000000000000000000000000000000008F
:10A1D000000000000000000000000000000000007F
:10A1E000000000000000000000000000000000006F
:10A1F000000000000000000000000000000000005F
:10A20000000000000000000000000000000000004E
:10A21000000000000000000000000000000000003E
:10A22000000000000000000000000000000000002E
:10A23000000000000000000000000000000000001E
:10A24000000000000000000000000000000000000E
:10A2500000000000000000000000000000000000FE
:10A2600000000000000000000000000000000000EE
:10A2700000000000000000000000000000000000DE
:10A2800000000000000000000000000000000000CE
:10A2900000000000000000000000000000000000BE
:10A2A00000000000000000000000000000000000AE
:10A2B000000000000000000000000000000000009E
:10A2C000000000000000000000000000000000008E
:10A2D000000000000000000000000000000000007E
:10A2E000000000000000000000000000000000006E
:10A2F000000000000000000000000000000000005E
:10A30000000000000000000000000000000000004D
:10A31000000000000000000000000000000000003D
:10A32000000000000000000000000000000000002D
:10A33000000000000000000000000000000000001D
:10A34000000000000000000000000000000000000D
:10A3500000000000000000F80001FBAF18FBCF3A3E
:10A36000FBAE66FB6E9AFB4DC4FB2DE8FB0CFDFAC1
:10A37000CBFFFAAAFFFA69FFFA28FFF9C7FFF90431
:10A38000FFFA29FFFD34FFFD96FDFD149DFCD31B54
:10A3900000000000000000000000000000000000BD
:10A3A00000000000000000000000000000000000AD
:10A3B000000000000000000000000000000000009D
:10A3C000000000000000000000000000000000008D
:10A3D000000000000000000000000000000000007D
:10A3E000000000000000000000000000000000006D
:10A3F000000000000000000000000000000000005D
:10A40000000000000000000000000000000000004C
:10A41000000000000000000000000000000000003C
:10A42000000000000000000000000000000000002C
:10A43000000000000000000000000000000000001C
:10A44000000000000000000000000000000000000C
:10A4500000000000000000000000000000000000FC
:10A4600000000000000000000000000000000000EC
:10A4700000000000000000000000000000000000DC
:10A4800000000000000000000000000000000000CC
:10A4900000000000000000000000000000000000BC
:10A4A00000000000000000000000000000000000AC
:10A4B000000000000000000000000000000000009C
:10A4C000000000000000000000000000000000008C
:10A4D000000000000000000000000000000000007C
:10A4E000000000000000000000000000000000006C
:10A4F000000000000000000000000000000000005C
:10A50000000000000000000000000000000000004B
:10A51000000000000000000000000000000000003B
:10A520000000000000000000000000FC1006FC51CC
:10A5300022FC514EFC107BFC10A7FBF0D5FBCFF2A8
:10A54000FBAFFEFB8EFFFB6DFFFB2DFFFB0CFFFA4D
:10A55000CBFFFAAAFFFA69FFFA28FFF9C7FFF9044F
:10A56000FFFA28FFFD34FFFD96FFFD35FFFD14AA1D
:10A5700000000000000000000000000000000000DB
:10A5800000000000000000000000000000000000CB
:10A5900000000000000000000000000000000000BB
:10A5A00000000000000000000000000000000000AB
:10A5B000000000000000000000000000000000009B
:10A5C000000000000000000000000000000000008B
:10A5D000000000000000000000000000000000007B
:10A5E000000000000000000000000000000000006B
:10A5F000000000000000000000000000000000005B
:10A60000000000000000000000000000000000004A
:10A61000000000000000000000000000000000003A
:10A62000000000000000000000000000000000002A
:10A63000000000000000000000000000000000001A
:10A64000000000000000000000000000000000000A
:10A6500000000000000000000000000000000000FA
:10A6600000000000000000000000000000000000EA
:10A6700000000000000000000000000000000000DA
:10A6800000000000000000000000000000000000CA
:10A6900000000000000000000000000000000000BA
:10A6A00000000000000000000000000000000000AA
:10A6B000000000000000000000000000000000009A
:10A6C000000000000000000000000000000000008A
:10A6D000000000000000000000000000000000007A
:10A6E000000000000000000000000000000000006A
:10A6F000000000000000000000000000000000005A
:10A700000000000000FC7247FC728BFC92BEFC72E1
:10A71000E0FC51FAFC31FFFC30FFFBF0FFFBCFFF08
:10A72000FBAFFFFB8EFFFB6DFFFB2DFFFB0CFFFA6A
:10A73000CBFFFAAAFFFA69FFFA28FFF9C7FFF9046D
:10A74000FFFA28FFFD34FFFD76FFFD34FFFD35DA0B
:10A7500000000000000000000000000000000000F9
:10A7600000000000000000000000000000000000E9
:10A7700000000000000000000000000000000000D9
:10A7800000000000000000000000000000000000C9
:10A7900000000000000000000000000000000000B9
:10A7A00000000000000000000000000000000000A9
:10A7B0000000000000000000000000000000000099
:10A7C0000000000000000000000000000000000089
:10A7D0000000000000000000000000000000000079
:10A7E0000000000000000000000000000000000069
:10A7F0000000000000000000000000000000000059
:10A800000000000000000000000000000000000048
:10A810000000000000000000000000000000000038
:10A820000000000000000000000000000000000028
:10A830000000000000000000000000000000000018
:10A840000000000000000000000000000000000008
:10A8500000000000000000000000000000000000F8
:10A8600000000000000000000000000000000000E8
:10A8700000000000000000000000000000000000D8
:10A8800000000000000000000000000000000000C8
:10A8900000000000000000000000000000000000B8
:10A8A00000000000000000000000000000000000A8
:10A8B0000000000000000000000000000000000098
:10A8C0000000000000000000000000000000000088
:10A8D0000000000000000000000000000000000078
:10A8E0000000000000FCB294FCB2F4FC92FFFC9269
:10A8F000FFFC51FFFC31FFFC10FFFBF0FFFBCFFF23
:10A90000FBAFFFFB8EFFFB6DFFFB2DFFFB0CFFFA88
:10A91000CBFFFAAAFFFA69FFFA28FFF9C7FFF9048B
:10A92000FFFA28FFFD34FFFD76FFFD34FFFD34D331
:10A930000000000000000000000000000000000017
:10A940000000000000000000000000000000000007
:10A9500000000000000000000000000000000000F7
:10A9600000000000000000000000000000000000E7
:10A9700000000000000000000000000000000000D7
:10A9800000000000000000000000000000000000C7
:10A9900000000000000000000000000000000000B7
:10A9A00000000000000000000000000000000000A7
:10A9B0000000000000000000000000000000000097
:10A9C0000000000000000000000000000000000087
:10A9D0000000000000000000000000000000000077
:10A9E0000000000000000000000000000000000067
:10A9F0000000000000000000000000000000000057
:10AA00000000000000000000000000000000000046
:10AA10000000000000000000000000000000000036
:10AA20000000000000000000000000000000000026
:10AA30000000000000000000000000000000000016
:10AA40000000000000000000000000000000000006
:10AA500000000000000000000000000000000000F6
:10AA600000000000000000000000000000000000E6
:10AA700000000000000000000000000000000000D6
:10AA800000000000000000000000000000000000C6
:10AA900000000000000000000000000000000000B6
:10AAA00000000000000000000000000000000000A6
:10AAB0000000000000000000000000000000000096
:10AAC0000000000000FC9251FC929CFC92CDFC72B4
:10AAD000ECFC51FFFC51FFFC30FFFBF0FFFBCFFF14
:10AAE000FBAEFFFB8EFFFB6DFFFB2DFFFB0CFFFAA8
:10AAF000CBFFFAAAFFFA69FFFA28FFF9C7FFF904AA
:10AB0000FFFA28FFFD34FFFD76FFFD34FFFD35DA47
:10AB10000000000000000000000000000000000035
:10AB20000000000000000000000000000000000025
:10AB30000000000000000000000000000000000015
:10AB40000000000000000000000000000000000005
:10AB500000000000000000000000000000000000F5
:10AB600000000000000000000000000000000000E5
:10AB700000000000000000000000000000000000D5
:10AB800000000000000000000000000000000000C5
:10AB900000000000000000000000000000000000B5
:10ABA00000000000000000000000000000000000A5
:10ABB0000000000000000000000000000000000095
:10ABC0000000000000000000000000000000000085
:10ABD0000000000000000000000000000000000075
:10ABE0000000000000000000000000000000000065
:10ABF0000000000000000000000000000000000055
:10AC00000000000000000000000000000000000044
:10AC10000000000000000000000000000000000034
:10AC20000000000000000000000000000000000024
:10AC30000000000000000000000000000000000014
:10AC40000000000000000000000000000000000004
:10AC500000000000000000000000000000000000F4
:10AC600000000000000000000000000000000000E4
:10AC700000000000000000000000000000000000D4
:10AC800000000000000000000000000000000000C4
:10AC900000000000000000000000000000000000B4
:10ACA0000000000000000000000000F4B20EFC51A3
:10ACB00031FC3160FC308BFC10B8FBF0E2FBCFFACA
:10ACC000FBAFFFFB8EFFFB6DFFFB2DFFFB0CFFFAC5
:10ACD000CBFFFAAAFFFA69FFFA28FFF9C7FFF904C8
:10ACE000FFFA28FFFD34FFFD96FFFD35FFFD14B38D
:10ACF0000000000000000000000000000000000054
:10AD00000000000000000000000000000000000043
:10AD10000000000000000000000000000000000033
:10AD20000000000000000000000000000000000023
:10AD30000000000000000000000000000000000013
:10AD40000000000000000000000000000000000003
:10AD500000000000000000000000000000000000F3
:10AD600000000000000000000000000000000000E3
:10AD700000000000000000000000000000000000D3
:10AD800000000000000000000000000000000000C3
:10AD900000000000000000000000000000000000B3
:10ADA00000000000000000000000000000000000A3
:10ADB0000000000000000000000000000000000093
:10ADC0000000000000000000000000000000000083
:10ADD0000000000000000000000000000000000073
:10ADE0000000000000000000000000000000000063
:10ADF0000000000000000000000000000000000053
:10AE00000000000000000000000000000000000042
:10AE10000000000000000000000000000000000032
:10AE20000000000000000000000000000000000022
:10AE30000000000000000000000000000000000012
:10AE40000000000000000000000000000000000002
:10AE500000000000000000000000000000000000F2
:10AE600000000000000000000000000000000000E2
:10AE700000000000000000000000000000000000D2
:10AE800000000000000000000000000000000000C2
:10AE900000000000000000FB6E07FBCF24FBAF4862
:10AEA000FBAE7AFB8EAAFB4DD0FB2DF3FB0CFFFA19
:10AEB000CBFFFAAAFFFA69FFFA28FFF9C7FFF904E6
:10AEC000FFFA29FFFD34FFFD96FFFD14ABF4F424D7
:10AED0000000000000000000000000000000000072
:10AEE0000000000000000000000000000000000062
:10AEF0000000000000000000000000000000000052
:10AF00000000000000000000000000000000000041
:10AF10000000000000000000000000000000000031
:10AF20000000000000000000000000000000000021
:10AF30000000000000000000000000000000000011
:10AF40000000000000000000000000000000000001
:10AF500000000000000000000000000000000000F1
:10AF600000000000000000000000000000000000E1
:10AF700000000000000000000000000000000000D1
:10AF800000000000000000000000000000000000C1
:10AF900000000000000000000000000000000000B1
:10AFA00000000000000000000000000000000000A1
:10AFB0000000000000000000000000000000000091
:10AFC0000000000000000000000000000000000081
:10AFD0000000000000000000000000000000000071
:10AFE0000000000000000000000000000000000061
:10AFF0000000000000000000000000000000000051
:10B000000000000000000000000000000000000040
:10B010000000000000000000000000000000000030
:10B020000000000000000000000000000000000020
:10B030000000000000000000000000000000000010
:10B040000000000000000000000000000000000000
:10B0500000000000000000000000000000000000F0
:10B0600000000000000000000000000000000000E0
:10B0700000000000000000000000000000000000D0
:10B08000000000000000F34D14FB2D3DFAEB6AFABE
:10B09000CB96FA8AC6FA69EBFA28FDF9C7FFF904DC
:10B0A000FFFA29FFFD34F8FD558BFCF40D0000007C
:10B0B0000000000000000000000000000000000090
:10B0C0000000000000000000000000000000000080
:10B0D0000000000000000000000000000000000070
:10B0E0000000000000000000000000000000000060
:10B0F0000000000000000000000000000000000050
:10B10000000000000000000000000000000000003F
:10B11000000000000000000000000000000000002F
:10B12000000000000000000000000000000000001F
:10B13000000000000000000000000000000000000F
:10B1400000000000000000000000000000000000FF
:10B1500000000000000000000000000000000000EF
:10B1600000000000000000000000000000000000DF
:10B1700000000000000000000000000000000000CF
:10B1800000000000000000000000000000000000BF
:10B1900000000000000000000000000000000000AF
:10B1A000000000000000000000000000000000009F
:10B1B000000000000000000000000000000000008F
:10B1C000000000000000000000000000000000007F
:10B1D000000000000000000000000000000000006F
:10B1E000000000000000000000000000000000005F
:10B1F000000000000000000000000000000000004F
:10B20000000000000000000000000000000000003E
:10B21000000000000000000000000000000000002E
:10B22000000000000000000000000000000000001E
:10B23000000000000000000000000000000000000E
:10B2400000000000000000000000000000000000FE
:10B2500000000000000000000000000000000000EE
:10B2600000000000000000000000000000000000DE
:10B270000000FA8A0DF2492CFA0854F9C788F9043B
:10B28000BCFA28D1FCF36EFDD707000000000000D7
:10B2900005806201A0140000F09D04086FFF6007A4
:10B2A000807F838F1E1E707BC0EF03FC0FF03FC0BA
:10B2B000FF03FC0FF039C1E7878E3C1FE01E00043E
:10B2C0007FFFFCF3CF3CF3CF3CF3CF3CF3C00F83C5
:10B2D000FE7FF70F00F00F01F01E03E07C0F81F0FE
:10B2E0003F07E0FC0FFFFFFFFF3FC3FF1FFC83E0B2
:10B2F0000F00780F83FC1FE0FF803E00F007803EC8
:10B3000007DFFEFFE1FC0001F007C03F01FC07F092
:10B310003BC1EF073C3CF0E3C70F3C3CFFFFFFFFA6
:10B32000FFC03C00F003C03FE3FE3FE7807807002A
:10B330007F07FCFFE01F00F00F00F01FC3EFFEFFD0
:10B34000C3F007E0FF0F00F007003803DF1FFCFF2A
:10B35000F7C7FC1FE0FF07F83DC1CF1E3FE07C00B0
:10B36000FFFFFFFFF00F01E01E03E03C03C0780782
:10B3700080F80F00F01E01E03E03C007C07FC3C786
:10B380009E0F783DE0F7C78FFE1FE0FFE787BC0FF9
:10B39000F03FC0FF03DE1E3FF03F001F81FF1E3D58
:10B3A000E1EF07F83FC1FF1F7FFBFFC7DE00F0079B
:10B3B000007907CFFC7FC1F800FFC0FFF8F07CF0F8
:10B3C0003EF01EF01FF00FF00FF00FF00FF00FF037
:10B3D0000FF01EF01EF03CF078FFF0FFC0FFC1FF41
:10B3E000E3C3E781EF03DE07BC1F787CFFF1FFC3F7
:10B3F000C7C78F8F0F9E1F3C1F783EF03DE07C0F2C
:10B40000F0FFE783BC00F003E00FF01FF03FF03FD8
:10B41000E01FC01F003E00FF07FFFE7FF07F00001F
:10B420003C00F003C00F003C00F003C1FF1FFCF024
:10B43000F783DC0FF03FC0FF03FC0FF83DF0F7FF90
:10B44000CFFF0F8CC7FFFFFFC3F03C0F03C0F03CE2
:10B450000F03C0F03C001FC7FEF06F00FC0FF07F31
:10B46000C3FE0FF01F00FE0FFFE3F8000000000016
:10B47000000000000000A007040501000300600EAA
:10B480000E1201002300600E061304003200600E4D
:10B490000C1201004D00600E0D1200006B00600EDA
:10B4A0000E1201008B00600E0C120100A600600E4F
:10B4B0000D120100C400600E0C120100DF00600ECE
:10B4C0000E120000FF00600E0D1201001D0190120F
:10B4D000101202004101D0100F1202006301700F20
:10B4E0000E1201008301B0100E150100A801300BEF
:10B4F0000A0E0100BA01C00C0C0E0100000002008F
:10B5000003000400050006000700080009000A0007
:10B510000B00160024002500360044004500000002
:10B520002E00000046000100FCB4040800000000EA
:10B53000110003009CB204086CB4040820B5040890
:10B540000000000000000102CC0200203F5501086D
:10B55000C55401081500000000FE010034B50408C0
:10B5600000000000000000000A00000042746E317C
:10B570000000000042746E320000000042746E331E
:10B580000000000042746E340000000042746E350A
:10B5900000000000B4B5040800000020D402000040
:10B5A0006C0100081CB60408D40200205CF5000001
:10B5B000C801000811032524F4120163204E031072
:10B5C00034080530983A983A32010A1110140130C3
:10B5D00002471F1AAA01C10A292DC8019845D4C3E0
:10B5E000B2A102176F180E75FE010841FD0108B9DE
:10B5F000FC010835041A2D101AF1081A19141E6CD2
:10B60000B5040874041A7C041A68041A84041A8C99
:0CB61000041A9004C112AF03902C01003A
:0400000508000131BD
:00000001FF
